solid OpenSCAD_Model
  facet normal -0.818046 0 0.575152
    outer loop
      vertex -0.992493 6 1.6245
      vertex -0.97081 8 1.65534
      vertex -0.992493 8 1.6245
    endloop
  endfacet
  facet normal -0.818046 0 0.575152
    outer loop
      vertex -0.97081 8 1.65534
      vertex -0.992493 6 1.6245
      vertex -0.97081 6 1.65534
    endloop
  endfacet
  facet normal 0.601599 -8.57213e-21 -0.798798
    outer loop
      vertex 0.733063 6 3.05176e-06
      vertex 0.735474 8 0.00181885
      vertex 0.735474 6 0.00181885
    endloop
  endfacet
  facet normal 0.601599 -8.57213e-21 -0.798798
    outer loop
      vertex 0.735474 8 0.00181885
      vertex 0.733063 6 3.05176e-06
      vertex 0.733063 8 3.05176e-06
    endloop
  endfacet
  facet normal -0.852658 0 -0.522469
    outer loop
      vertex -1.01318 6 0.30701
      vertex -1.03288 8 0.33916
      vertex -1.01318 8 0.30701
    endloop
  endfacet
  facet normal -0.852658 -0 -0.522469
    outer loop
      vertex -1.03288 8 0.33916
      vertex -1.01318 6 0.30701
      vertex -1.03288 6 0.33916
    endloop
  endfacet
  facet normal -0.625142 -3.86926e-19 -0.780511
    outer loop
      vertex -0.764908 6 0.0253937
      vertex -0.735474 8 0.00181885
      vertex -0.735474 6 0.00181885
    endloop
  endfacet
  facet normal -0.625142 -3.86926e-19 -0.780511
    outer loop
      vertex -0.735474 8 0.00181885
      vertex -0.764908 6 0.0253937
      vertex -0.764908 8 0.0253937
    endloop
  endfacet
  facet normal 0.233718 3.40112e-19 0.972304
    outer loop
      vertex 0.261765 8 2.1211
      vertex 0.298416 6 2.11229
      vertex 0.298416 8 2.11229
    endloop
  endfacet
  facet normal 0.233718 3.40112e-19 0.972304
    outer loop
      vertex 0.298416 6 2.11229
      vertex 0.261765 8 2.1211
      vertex 0.261765 6 2.1211
    endloop
  endfacet
  facet normal -0.293612 -2.4469e-19 0.955925
    outer loop
      vertex -0.370819 8 2.09127
      vertex -0.334778 6 2.10234
      vertex -0.334778 8 2.10234
    endloop
  endfacet
  facet normal -0.293612 -2.4469e-19 0.955925
    outer loop
      vertex -0.334778 6 2.10234
      vertex -0.370819 8 2.09127
      vertex -0.370819 6 2.09127
    endloop
  endfacet
  facet normal -0.979242 0 0.202693
    outer loop
      vertex -1.17874 6 1.17485
      vertex -1.1711 8 1.21176
      vertex -1.17874 8 1.17485
    endloop
  endfacet
  facet normal -0.979242 0 0.202693
    outer loop
      vertex -1.1711 8 1.21176
      vertex -1.17874 6 1.17485
      vertex -1.1711 6 1.21176
    endloop
  endfacet
  facet normal -0.898058 0 0.439876
    outer loop
      vertex -1.08578 6 1.46093
      vertex -1.0692 8 1.49478
      vertex -1.08578 8 1.46093
    endloop
  endfacet
  facet normal -0.898058 0 0.439876
    outer loop
      vertex -1.0692 8 1.49478
      vertex -1.08578 6 1.46093
      vertex -1.0692 6 1.49478
    endloop
  endfacet
  facet normal -0.171621 1.47184e-19 0.985163
    outer loop
      vertex -0.224854 8 2.12874
      vertex -0.187714 6 2.13521
      vertex -0.187714 8 2.13521
    endloop
  endfacet
  facet normal -0.171621 1.47184e-19 0.985163
    outer loop
      vertex -0.187714 6 2.13521
      vertex -0.224854 8 2.12874
      vertex -0.224854 6 2.12874
    endloop
  endfacet
  facet normal 0.99398 -0 0.109558
    outer loop
      vertex 1.19054 6 1.10039
      vertex 1.19467 8 1.06292
      vertex 1.19054 8 1.10039
    endloop
  endfacet
  facet normal 0.99398 0 0.109558
    outer loop
      vertex 1.19467 8 1.06292
      vertex 1.19054 6 1.10039
      vertex 1.19467 6 1.06292
    endloop
  endfacet
  facet normal -0.495499 -6.52091e-19 0.868609
    outer loop
      vertex -0.61084 8 1.98288
      vertex -0.578094 6 2.00156
      vertex -0.578094 8 2.00156
    endloop
  endfacet
  facet normal -0.495499 -6.52091e-19 0.868609
    outer loop
      vertex -0.578094 6 2.00156
      vertex -0.61084 8 1.98288
      vertex -0.61084 6 1.98288
    endloop
  endfacet
  facet normal -0.739526 0 -0.673128
    outer loop
      vertex -0.874756 6 0.128558
      vertex -0.900131 8 0.156436
      vertex -0.874756 8 0.128558
    endloop
  endfacet
  facet normal -0.739526 -0 -0.673128
    outer loop
      vertex -0.900131 8 0.156436
      vertex -0.874756 6 0.128558
      vertex -0.900131 6 0.156436
    endloop
  endfacet
  facet normal 0 0 -1
    outer loop
      vertex 1.70274 -4.5 3.05176e-06
      vertex 0.733063 6 3.05176e-06
      vertex 1.70274 6 3.05176e-06
    endloop
  endfacet
  facet normal 0 0 -1
    outer loop
      vertex 0.733063 6 3.05176e-06
      vertex -0.733063 6 3.05176e-06
      vertex 0.733063 8 3.05176e-06
    endloop
  endfacet
  facet normal 0 0 -1
    outer loop
      vertex 1.70274 -4.5 3.05176e-06
      vertex -0.733063 6 3.05176e-06
      vertex 0.733063 6 3.05176e-06
    endloop
  endfacet
  facet normal 0 0 -1
    outer loop
      vertex -1.70274 -4.5 3.05176e-06
      vertex -0.733063 6 3.05176e-06
      vertex 1.70274 -4.5 3.05176e-06
    endloop
  endfacet
  facet normal -0 0 -1
    outer loop
      vertex -0.733063 6 3.05176e-06
      vertex -1.70274 -4.5 3.05176e-06
      vertex -1.70274 6 3.05176e-06
    endloop
  endfacet
  facet normal -0 0 -1
    outer loop
      vertex 0.733063 8 3.05176e-06
      vertex -0.733063 6 3.05176e-06
      vertex -0.733063 8 3.05176e-06
    endloop
  endfacet
  facet normal -0.989956 0 -0.141373
    outer loop
      vertex -1.18521 6 0.762286
      vertex -1.19054 8 0.799609
      vertex -1.18521 8 0.762286
    endloop
  endfacet
  facet normal -0.989956 -0 -0.141373
    outer loop
      vertex -1.19054 8 0.799609
      vertex -1.18521 6 0.762286
      vertex -1.19054 6 0.799609
    endloop
  endfacet
  facet normal 0.989956 0 -0.141373
    outer loop
      vertex 1.19054 6 0.799609
      vertex 1.18521 8 0.762286
      vertex 1.19054 8 0.799609
    endloop
  endfacet
  facet normal 0.989956 0 -0.141373
    outer loop
      vertex 1.18521 8 0.762286
      vertex 1.19054 6 0.799609
      vertex 1.18521 6 0.762286
    endloop
  endfacet
  facet normal 0.695691 2.88021e-19 0.718341
    outer loop
      vertex 0.821442 8 1.82476
      vertex 0.848526 6 1.79853
      vertex 0.848526 8 1.79853
    endloop
  endfacet
  facet normal 0.695691 2.88021e-19 0.718341
    outer loop
      vertex 0.848526 6 1.79853
      vertex 0.821442 8 1.82476
      vertex 0.821442 6 1.82476
    endloop
  endfacet
  facet normal -0.718341 0 -0.695691
    outer loop
      vertex -0.848526 6 0.101474
      vertex -0.874756 8 0.128558
      vertex -0.848526 8 0.101474
    endloop
  endfacet
  facet normal -0.718341 -0 -0.695691
    outer loop
      vertex -0.874756 8 0.128558
      vertex -0.848526 6 0.101474
      vertex -0.874756 6 0.128558
    endloop
  endfacet
  facet normal -0.989955 0 0.141384
    outer loop
      vertex -1.19054 6 1.10039
      vertex -1.18521 8 1.13771
      vertex -1.19054 8 1.10039
    endloop
  endfacet
  facet normal -0.989955 0 0.141384
    outer loop
      vertex -1.18521 8 1.13771
      vertex -1.19054 6 1.10039
      vertex -1.18521 6 1.13771
    endloop
  endfacet
  facet normal -0.73955 0 0.673102
    outer loop
      vertex -0.900131 6 1.74356
      vertex -0.874756 8 1.77144
      vertex -0.900131 8 1.74356
    endloop
  endfacet
  facet normal -0.73955 0 0.673102
    outer loop
      vertex -0.874756 8 1.77144
      vertex -0.900131 6 1.74356
      vertex -0.874756 6 1.77144
    endloop
  endfacet
  facet normal 0.993982 0 -0.109541
    outer loop
      vertex 1.19467 6 0.837085
      vertex 1.19054 8 0.799609
      vertex 1.19467 8 0.837085
    endloop
  endfacet
  facet normal 0.993982 0 -0.109541
    outer loop
      vertex 1.19054 8 0.799609
      vertex 1.19467 6 0.837085
      vertex 1.19054 6 0.799609
    endloop
  endfacet
  facet normal -0.935476 0 0.35339
    outer loop
      vertex -1.12904 6 1.35648
      vertex -1.11572 8 1.39174
      vertex -1.12904 8 1.35648
    endloop
  endfacet
  facet normal -0.935476 0 0.35339
    outer loop
      vertex -1.11572 8 1.39174
      vertex -1.12904 6 1.35648
      vertex -1.11572 6 1.39174
    endloop
  endfacet
  facet normal 0.852658 -0 0.522469
    outer loop
      vertex 1.01318 6 1.59299
      vertex 1.03288 8 1.56084
      vertex 1.01318 8 1.59299
    endloop
  endfacet
  facet normal 0.852658 0 0.522469
    outer loop
      vertex 1.03288 8 1.56084
      vertex 1.01318 6 1.59299
      vertex 1.03288 6 1.56084
    endloop
  endfacet
  facet normal -0.673133 -6.03096e-19 -0.739522
    outer loop
      vertex -0.821442 6 0.0752441
      vertex -0.793564 8 0.0498688
      vertex -0.793564 6 0.0498688
    endloop
  endfacet
  facet normal -0.673133 -6.03096e-19 -0.739522
    outer loop
      vertex -0.793564 8 0.0498688
      vertex -0.821442 6 0.0752441
      vertex -0.821442 8 0.0752441
    endloop
  endfacet
  facet normal -0.649457 6.66802e-19 -0.760399
    outer loop
      vertex -0.793564 6 0.0498688
      vertex -0.764908 8 0.0253937
      vertex -0.764908 6 0.0253937
    endloop
  endfacet
  facet normal -0.649457 6.66802e-19 -0.760399
    outer loop
      vertex -0.764908 8 0.0253937
      vertex -0.793564 6 0.0498688
      vertex -0.793564 8 0.0498688
    endloop
  endfacet
  facet normal -0.0785489 -7.72034e-20 0.99691
    outer loop
      vertex -0.112915 8 2.14467
      vertex -0.0753479 6 2.14763
      vertex -0.0753479 8 2.14763
    endloop
  endfacet
  facet normal -0.0785489 -7.72034e-20 0.99691
    outer loop
      vertex -0.0753479 6 2.14763
      vertex -0.112915 8 2.14467
      vertex -0.112915 6 2.14467
    endloop
  endfacet
  facet normal -0.985163 0 -0.171621
    outer loop
      vertex -1.17874 6 0.725146
      vertex -1.18521 8 0.762286
      vertex -1.17874 8 0.725146
    endloop
  endfacet
  facet normal -0.985163 -0 -0.171621
    outer loop
      vertex -1.18521 8 0.762286
      vertex -1.17874 6 0.725146
      vertex -1.18521 6 0.762286
    endloop
  endfacet
  facet normal -0.263934 7.58628e-22 0.964541
    outer loop
      vertex -0.334778 8 2.10234
      vertex -0.298416 6 2.11229
      vertex -0.298416 8 2.11229
    endloop
  endfacet
  facet normal -0.263934 7.58628e-22 0.964541
    outer loop
      vertex -0.298416 6 2.11229
      vertex -0.334778 8 2.10234
      vertex -0.334778 6 2.10234
    endloop
  endfacet
  facet normal 0.868635 -0 0.495453
    outer loop
      vertex 1.03288 6 1.56084
      vertex 1.05156 8 1.52809
      vertex 1.03288 8 1.56084
    endloop
  endfacet
  facet normal 0.868635 0 0.495453
    outer loop
      vertex 1.05156 8 1.52809
      vertex 1.03288 6 1.56084
      vertex 1.05156 6 1.52809
    endloop
  endfacet
  facet normal -0.999873 0 -0.0159177
    outer loop
      vertex -1.1994 6 0.912311
      vertex -1.2 8 0.95
      vertex -1.1994 8 0.912311
    endloop
  endfacet
  facet normal -0.999873 -0 -0.0159177
    outer loop
      vertex -1.2 8 0.95
      vertex -1.1994 6 0.912311
      vertex -1.2 6 0.95
    endloop
  endfacet
  facet normal 0.649532 -6.16824e-19 0.760334
    outer loop
      vertex 0.764908 8 1.87461
      vertex 0.793564 6 1.85013
      vertex 0.793564 8 1.85013
    endloop
  endfacet
  facet normal 0.649532 -6.16824e-19 0.760334
    outer loop
      vertex 0.793564 6 1.85013
      vertex 0.764908 8 1.87461
      vertex 0.764908 6 1.87461
    endloop
  endfacet
  facet normal 0.69569 5.71351e-19 -0.718343
    outer loop
      vertex 0.821442 6 0.0752441
      vertex 0.848526 8 0.101474
      vertex 0.848526 6 0.101474
    endloop
  endfacet
  facet normal 0.69569 5.71351e-19 -0.718343
    outer loop
      vertex 0.848526 8 0.101474
      vertex 0.821442 6 0.0752441
      vertex 0.821442 8 0.0752441
    endloop
  endfacet
  facet normal -0.923907 0 0.382617
    outer loop
      vertex -1.11572 6 1.39174
      vertex -1.1013 8 1.42656
      vertex -1.11572 8 1.39174
    endloop
  endfacet
  facet normal -0.923907 0 0.382617
    outer loop
      vertex -1.1013 8 1.42656
      vertex -1.11572 6 1.39174
      vertex -1.1013 6 1.42656
    endloop
  endfacet
  facet normal 0.923907 -0 0.382617
    outer loop
      vertex 1.1013 6 1.42656
      vertex 1.11572 8 1.39174
      vertex 1.1013 8 1.42656
    endloop
  endfacet
  facet normal 0.923907 0 0.382617
    outer loop
      vertex 1.11572 8 1.39174
      vertex 1.1013 6 1.42656
      vertex 1.11572 6 1.39174
    endloop
  endfacet
  facet normal -0.945916 0 0.324412
    outer loop
      vertex -1.14127 6 1.32082
      vertex -1.12904 8 1.35648
      vertex -1.14127 8 1.32082
    endloop
  endfacet
  facet normal -0.945916 0 0.324412
    outer loop
      vertex -1.12904 8 1.35648
      vertex -1.14127 6 1.32082
      vertex -1.12904 6 1.35648
    endloop
  endfacet
  facet normal -0.99398 0 0.109558
    outer loop
      vertex -1.19467 6 1.06292
      vertex -1.19054 8 1.10039
      vertex -1.19467 8 1.06292
    endloop
  endfacet
  facet normal -0.99398 0 0.109558
    outer loop
      vertex -1.19054 8 1.10039
      vertex -1.19467 6 1.06292
      vertex -1.19054 6 1.10039
    endloop
  endfacet
  facet normal -0.911354 0 -0.411624
    outer loop
      vertex -1.08578 6 0.439075
      vertex -1.1013 8 0.473437
      vertex -1.08578 8 0.439075
    endloop
  endfacet
  facet normal -0.911354 -0 -0.411624
    outer loop
      vertex -1.1013 8 0.473437
      vertex -1.08578 6 0.439075
      vertex -1.1013 6 0.473437
    endloop
  endfacet
  facet normal -0.69569 -5.71351e-19 -0.718343
    outer loop
      vertex -0.848526 6 0.101474
      vertex -0.821442 8 0.0752441
      vertex -0.821442 6 0.0752441
    endloop
  endfacet
  facet normal -0.69569 -5.71351e-19 -0.718343
    outer loop
      vertex -0.821442 8 0.0752441
      vertex -0.848526 6 0.101474
      vertex -0.848526 8 0.101474
    endloop
  endfacet
  facet normal -0.780509 0 -0.625144
    outer loop
      vertex -0.924606 6 0.185092
      vertex -0.948181 8 0.214526
      vertex -0.924606 8 0.185092
    endloop
  endfacet
  facet normal -0.780509 -0 -0.625144
    outer loop
      vertex -0.948181 8 0.214526
      vertex -0.924606 6 0.185092
      vertex -0.948181 6 0.214526
    endloop
  endfacet
  facet normal -0.7604 0 -0.649455
    outer loop
      vertex -0.900131 6 0.156436
      vertex -0.924606 8 0.185092
      vertex -0.900131 8 0.156436
    endloop
  endfacet
  facet normal -0.7604 -0 -0.649455
    outer loop
      vertex -0.924606 8 0.185092
      vertex -0.900131 6 0.156436
      vertex -0.924606 6 0.185092
    endloop
  endfacet
  facet normal 0.964537 -0 0.263948
    outer loop
      vertex 1.15234 6 1.28478
      vertex 1.16229 8 1.24842
      vertex 1.15234 8 1.28478
    endloop
  endfacet
  facet normal 0.964537 0 0.263948
    outer loop
      vertex 1.16229 8 1.24842
      vertex 1.15234 6 1.28478
      vertex 1.16229 6 1.24842
    endloop
  endfacet
  facet normal -0.625064 4.13844e-19 0.780574
    outer loop
      vertex -0.764908 8 1.87461
      vertex -0.735474 6 1.89818
      vertex -0.735474 8 1.89818
    endloop
  endfacet
  facet normal -0.625064 4.13844e-19 0.780574
    outer loop
      vertex -0.735474 6 1.89818
      vertex -0.764908 8 1.87461
      vertex -0.764908 6 1.87461
    endloop
  endfacet
  facet normal 0.835944 0 -0.548815
    outer loop
      vertex 1.01318 6 0.30701
      vertex 0.992493 8 0.2755
      vertex 1.01318 8 0.30701
    endloop
  endfacet
  facet normal 0.835944 0 -0.548815
    outer loop
      vertex 0.992493 8 0.2755
      vertex 1.01318 6 0.30701
      vertex 0.992493 6 0.2755
    endloop
  endfacet
  facet normal 0.0785489 7.72034e-20 0.99691
    outer loop
      vertex 0.0753479 8 2.14763
      vertex 0.112915 6 2.14467
      vertex 0.112915 8 2.14467
    endloop
  endfacet
  facet normal 0.0785489 7.72034e-20 0.99691
    outer loop
      vertex 0.112915 6 2.14467
      vertex 0.0753479 8 2.14763
      vertex 0.0753479 6 2.14763
    endloop
  endfacet
  facet normal 0.999873 0 -0.0159177
    outer loop
      vertex 1.2 6 0.95
      vertex 1.1994 8 0.912311
      vertex 1.2 8 0.95
    endloop
  endfacet
  facet normal 0.999873 0 -0.0159177
    outer loop
      vertex 1.1994 8 0.912311
      vertex 1.2 6 0.95
      vertex 1.1994 6 0.912311
    endloop
  endfacet
  facet normal -0.985163 0 0.171621
    outer loop
      vertex -1.18521 6 1.13771
      vertex -1.17874 8 1.17485
      vertex -1.18521 8 1.13771
    endloop
  endfacet
  facet normal -0.985163 0 0.171621
    outer loop
      vertex -1.17874 8 1.17485
      vertex -1.18521 6 1.13771
      vertex -1.17874 6 1.17485
    endloop
  endfacet
  facet normal 0.99691 0 -0.0785491
    outer loop
      vertex 1.19763 6 0.874652
      vertex 1.19467 8 0.837085
      vertex 1.19763 8 0.874652
    endloop
  endfacet
  facet normal 0.99691 0 -0.0785491
    outer loop
      vertex 1.19467 8 0.837085
      vertex 1.19763 6 0.874652
      vertex 1.19467 6 0.837085
    endloop
  endfacet
  facet normal -0.972304 0 -0.233718
    outer loop
      vertex -1.16229 6 0.651584
      vertex -1.1711 8 0.688235
      vertex -1.16229 8 0.651584
    endloop
  endfacet
  facet normal -0.972304 -0 -0.233718
    outer loop
      vertex -1.1711 8 0.688235
      vertex -1.16229 6 0.651584
      vertex -1.1711 6 0.688235
    endloop
  endfacet
  facet normal -0.673056 -5.77133e-19 0.739592
    outer loop
      vertex -0.821442 8 1.82476
      vertex -0.793564 6 1.85013
      vertex -0.793564 8 1.85013
    endloop
  endfacet
  facet normal -0.673056 -5.77133e-19 0.739592
    outer loop
      vertex -0.793564 6 1.85013
      vertex -0.821442 8 1.82476
      vertex -0.821442 6 1.82476
    endloop
  endfacet
  facet normal 0.439771 2.97932e-20 0.89811
    outer loop
      vertex 0.510925 8 2.03578
      vertex 0.544785 6 2.0192
      vertex 0.544785 8 2.0192
    endloop
  endfacet
  facet normal 0.439771 2.97932e-20 0.89811
    outer loop
      vertex 0.544785 6 2.0192
      vertex 0.510925 8 2.03578
      vertex 0.510925 6 2.03578
    endloop
  endfacet
  facet normal -0.780571 0 0.625067
    outer loop
      vertex -0.948181 6 1.68547
      vertex -0.924606 8 1.71491
      vertex -0.948181 8 1.68547
    endloop
  endfacet
  facet normal -0.780571 0 0.625067
    outer loop
      vertex -0.924606 8 1.71491
      vertex -0.948181 6 1.68547
      vertex -0.924606 6 1.71491
    endloop
  endfacet
  facet normal 0.945916 -0 0.324412
    outer loop
      vertex 1.12904 6 1.35648
      vertex 1.14127 8 1.32082
      vertex 1.12904 8 1.35648
    endloop
  endfacet
  facet normal 0.945916 0 0.324412
    outer loop
      vertex 1.14127 8 1.32082
      vertex 1.12904 6 1.35648
      vertex 1.14127 6 1.32082
    endloop
  endfacet
  facet normal -0.522469 -5.94463e-19 0.852658
    outer loop
      vertex -0.64299 8 1.96318
      vertex -0.61084 6 1.98288
      vertex -0.61084 8 1.98288
    endloop
  endfacet
  facet normal -0.522469 -5.94463e-19 0.852658
    outer loop
      vertex -0.61084 6 1.98288
      vertex -0.64299 8 1.96318
      vertex -0.64299 6 1.96318
    endloop
  endfacet
  facet normal 0.799656 0 -0.600458
    outer loop
      vertex 0.97081 6 0.244662
      vertex 0.948181 8 0.214526
      vertex 0.97081 8 0.244662
    endloop
  endfacet
  facet normal 0.799656 0 -0.600458
    outer loop
      vertex 0.948181 8 0.214526
      vertex 0.97081 6 0.244662
      vertex 0.948181 6 0.214526
    endloop
  endfacet
  facet normal 0.649457 -6.66802e-19 -0.760399
    outer loop
      vertex 0.764908 6 0.0253937
      vertex 0.793564 8 0.0498688
      vertex 0.793564 6 0.0498688
    endloop
  endfacet
  facet normal 0.649457 -6.66802e-19 -0.760399
    outer loop
      vertex 0.793564 8 0.0498688
      vertex 0.764908 6 0.0253937
      vertex 0.764908 8 0.0253937
    endloop
  endfacet
  facet normal 0.109541 -5.42262e-20 0.993982
    outer loop
      vertex 0.112915 8 2.14467
      vertex 0.150391 6 2.14054
      vertex 0.150391 8 2.14054
    endloop
  endfacet
  facet normal 0.109541 -5.42262e-20 0.993982
    outer loop
      vertex 0.150391 6 2.14054
      vertex 0.112915 8 2.14467
      vertex 0.112915 6 2.14467
    endloop
  endfacet
  facet normal -0.760333 0 0.649534
    outer loop
      vertex -0.924606 6 1.71491
      vertex -0.900131 8 1.74356
      vertex -0.924606 8 1.71491
    endloop
  endfacet
  facet normal -0.760333 0 0.649534
    outer loop
      vertex -0.900131 8 1.74356
      vertex -0.924606 6 1.71491
      vertex -0.900131 6 1.74356
    endloop
  endfacet
  facet normal 0.202688 -1.51345e-19 0.979243
    outer loop
      vertex 0.224854 8 2.12874
      vertex 0.261765 6 2.1211
      vertex 0.261765 8 2.1211
    endloop
  endfacet
  facet normal 0.202688 -1.51345e-19 0.979243
    outer loop
      vertex 0.261765 6 2.1211
      vertex 0.224854 8 2.12874
      vertex 0.224854 6 2.12874
    endloop
  endfacet
  facet normal -0.835944 0 0.548815
    outer loop
      vertex -1.01318 6 1.59299
      vertex -0.992493 8 1.6245
      vertex -1.01318 8 1.59299
    endloop
  endfacet
  facet normal -0.835944 0 0.548815
    outer loop
      vertex -0.992493 8 1.6245
      vertex -1.01318 6 1.59299
      vertex -0.992493 6 1.6245
    endloop
  endfacet
  facet normal -0.353364 -2.37184e-19 0.935486
    outer loop
      vertex -0.441742 8 2.06572
      vertex -0.406479 6 2.07904
      vertex -0.406479 8 2.07904
    endloop
  endfacet
  facet normal -0.353364 -2.37184e-19 0.935486
    outer loop
      vertex -0.406479 6 2.07904
      vertex -0.441742 8 2.06572
      vertex -0.441742 6 2.06572
    endloop
  endfacet
  facet normal 0.89811 0 -0.439771
    outer loop
      vertex 1.08578 6 0.439075
      vertex 1.0692 8 0.405215
      vertex 1.08578 8 0.439075
    endloop
  endfacet
  facet normal 0.89811 0 -0.439771
    outer loop
      vertex 1.0692 8 0.405215
      vertex 1.08578 6 0.439075
      vertex 1.0692 6 0.405215
    endloop
  endfacet
  facet normal -0.88373 0 0.467997
    outer loop
      vertex -1.0692 6 1.49478
      vertex -1.05156 8 1.52809
      vertex -1.0692 8 1.49478
    endloop
  endfacet
  facet normal -0.88373 0 0.467997
    outer loop
      vertex -1.05156 8 1.52809
      vertex -1.0692 6 1.49478
      vertex -1.05156 6 1.52809
    endloop
  endfacet
  facet normal 0.718418 -0 0.695611
    outer loop
      vertex 0.848526 6 1.79853
      vertex 0.874756 8 1.77144
      vertex 0.848526 8 1.79853
    endloop
  endfacet
  facet normal 0.718418 0 0.695611
    outer loop
      vertex 0.874756 8 1.77144
      vertex 0.848526 6 1.79853
      vertex 0.874756 6 1.77144
    endloop
  endfacet
  facet normal -0.964537 0 0.263948
    outer loop
      vertex -1.16229 6 1.24842
      vertex -1.15234 8 1.28478
      vertex -1.16229 8 1.24842
    endloop
  endfacet
  facet normal -0.964537 0 0.263948
    outer loop
      vertex -1.15234 8 1.28478
      vertex -1.16229 6 1.24842
      vertex -1.15234 6 1.28478
    endloop
  endfacet
  facet normal -0.998897 0 0.0469464
    outer loop
      vertex -1.1994 6 0.987689
      vertex -1.19763 8 1.02535
      vertex -1.1994 8 0.987689
    endloop
  endfacet
  facet normal -0.998897 0 0.0469464
    outer loop
      vertex -1.19763 8 1.02535
      vertex -1.1994 6 0.987689
      vertex -1.19763 6 1.02535
    endloop
  endfacet
  facet normal -0.955922 0 0.29362
    outer loop
      vertex -1.15234 6 1.28478
      vertex -1.14127 8 1.32082
      vertex -1.15234 8 1.28478
    endloop
  endfacet
  facet normal -0.955922 0 0.29362
    outer loop
      vertex -1.14127 8 1.32082
      vertex -1.15234 6 1.28478
      vertex -1.14127 6 1.32082
    endloop
  endfacet
  facet normal -0.718418 0 0.695611
    outer loop
      vertex -0.874756 6 1.77144
      vertex -0.848526 8 1.79853
      vertex -0.874756 8 1.77144
    endloop
  endfacet
  facet normal -0.718418 0 0.695611
    outer loop
      vertex -0.848526 8 1.79853
      vertex -0.874756 6 1.77144
      vertex -0.848526 6 1.79853
    endloop
  endfacet
  facet normal -0.695691 -2.88021e-19 0.718341
    outer loop
      vertex -0.848526 8 1.79853
      vertex -0.821442 6 1.82476
      vertex -0.821442 8 1.82476
    endloop
  endfacet
  facet normal -0.695691 -2.88021e-19 0.718341
    outer loop
      vertex -0.821442 6 1.82476
      vertex -0.848526 8 1.79853
      vertex -0.848526 6 1.79853
    endloop
  endfacet
  facet normal -0.439771 -2.97932e-20 0.89811
    outer loop
      vertex -0.544785 8 2.0192
      vertex -0.510925 6 2.03578
      vertex -0.510925 8 2.03578
    endloop
  endfacet
  facet normal -0.439771 -2.97932e-20 0.89811
    outer loop
      vertex -0.510925 6 2.03578
      vertex -0.544785 8 2.0192
      vertex -0.544785 6 2.0192
    endloop
  endfacet
  facet normal -0.91139 0 0.411544
    outer loop
      vertex -1.1013 6 1.42656
      vertex -1.08578 8 1.46093
      vertex -1.1013 8 1.42656
    endloop
  endfacet
  facet normal -0.91139 0 0.411544
    outer loop
      vertex -1.08578 8 1.46093
      vertex -1.1013 6 1.42656
      vertex -1.08578 6 1.46093
    endloop
  endfacet
  facet normal 0.0159177 -2.16522e-20 0.999873
    outer loop
      vertex 0 8 2.15
      vertex 0.0376892 6 2.1494
      vertex 0.0376892 8 2.1494
    endloop
  endfacet
  facet normal 0.0159177 -2.16522e-20 0.999873
    outer loop
      vertex 0.0376892 6 2.1494
      vertex 0 8 2.15
      vertex 0 6 2.15
    endloop
  endfacet
  facet normal 0.522469 5.94463e-19 0.852658
    outer loop
      vertex 0.61084 8 1.98288
      vertex 0.64299 6 1.96318
      vertex 0.64299 8 1.96318
    endloop
  endfacet
  facet normal 0.522469 5.94463e-19 0.852658
    outer loop
      vertex 0.64299 6 1.96318
      vertex 0.61084 8 1.98288
      vertex 0.61084 6 1.98288
    endloop
  endfacet
  facet normal -0.999873 0 0.0159177
    outer loop
      vertex -1.2 6 0.95
      vertex -1.1994 8 0.987689
      vertex -1.2 8 0.95
    endloop
  endfacet
  facet normal -0.999873 0 0.0159177
    outer loop
      vertex -1.1994 8 0.987689
      vertex -1.2 6 0.95
      vertex -1.1994 6 0.987689
    endloop
  endfacet
  facet normal -0.799599 0 0.600535
    outer loop
      vertex -0.97081 6 1.65534
      vertex -0.948181 8 1.68547
      vertex -0.97081 8 1.65534
    endloop
  endfacet
  facet normal -0.799599 0 0.600535
    outer loop
      vertex -0.948181 8 1.68547
      vertex -0.97081 6 1.65534
      vertex -0.948181 6 1.68547
    endloop
  endfacet
  facet normal 0.818029 0 -0.575177
    outer loop
      vertex 0.992493 6 0.2755
      vertex 0.97081 8 0.244662
      vertex 0.992493 8 0.2755
    endloop
  endfacet
  facet normal 0.818029 0 -0.575177
    outer loop
      vertex 0.97081 8 0.244662
      vertex 0.992493 6 0.2755
      vertex 0.97081 6 0.244662
    endloop
  endfacet
  facet normal 0.548871 6.77205e-19 0.835907
    outer loop
      vertex 0.64299 8 1.96318
      vertex 0.6745 6 1.94249
      vertex 0.6745 8 1.94249
    endloop
  endfacet
  facet normal 0.548871 6.77205e-19 0.835907
    outer loop
      vertex 0.6745 6 1.94249
      vertex 0.64299 8 1.96318
      vertex 0.64299 6 1.96318
    endloop
  endfacet
  facet normal -0.852658 0 0.522469
    outer loop
      vertex -1.03288 6 1.56084
      vertex -1.01318 8 1.59299
      vertex -1.03288 8 1.56084
    endloop
  endfacet
  facet normal -0.852658 0 0.522469
    outer loop
      vertex -1.01318 8 1.59299
      vertex -1.03288 6 1.56084
      vertex -1.01318 6 1.59299
    endloop
  endfacet
  facet normal -0.883724 0 -0.468008
    outer loop
      vertex -1.05156 6 0.371906
      vertex -1.0692 8 0.405215
      vertex -1.05156 8 0.371906
    endloop
  endfacet
  facet normal -0.883724 -0 -0.468008
    outer loop
      vertex -1.0692 8 0.405215
      vertex -1.05156 6 0.371906
      vertex -1.0692 6 0.405215
    endloop
  endfacet
  facet normal 0.883724 0 -0.468008
    outer loop
      vertex 1.0692 6 0.405215
      vertex 1.05156 8 0.371906
      vertex 1.0692 8 0.405215
    endloop
  endfacet
  facet normal 0.883724 0 -0.468008
    outer loop
      vertex 1.05156 8 0.371906
      vertex 1.0692 6 0.405215
      vertex 1.05156 6 0.371906
    endloop
  endfacet
  facet normal 0.625142 3.86926e-19 -0.780511
    outer loop
      vertex 0.735474 6 0.00181885
      vertex 0.764908 8 0.0253937
      vertex 0.764908 6 0.0253937
    endloop
  endfacet
  facet normal 0.625142 3.86926e-19 -0.780511
    outer loop
      vertex 0.764908 8 0.0253937
      vertex 0.735474 6 0.00181885
      vertex 0.735474 8 0.00181885
    endloop
  endfacet
  facet normal 0.972304 0 -0.233718
    outer loop
      vertex 1.1711 6 0.688235
      vertex 1.16229 8 0.651584
      vertex 1.1711 8 0.688235
    endloop
  endfacet
  facet normal 0.972304 0 -0.233718
    outer loop
      vertex 1.16229 8 0.651584
      vertex 1.1711 6 0.688235
      vertex 1.16229 6 0.651584
    endloop
  endfacet
  facet normal -0.89811 0 -0.439771
    outer loop
      vertex -1.0692 6 0.405215
      vertex -1.08578 8 0.439075
      vertex -1.0692 8 0.405215
    endloop
  endfacet
  facet normal -0.89811 -0 -0.439771
    outer loop
      vertex -1.08578 8 0.439075
      vertex -1.0692 6 0.405215
      vertex -1.08578 6 0.439075
    endloop
  endfacet
  facet normal 0.91139 -0 0.411544
    outer loop
      vertex 1.08578 6 1.46093
      vertex 1.1013 8 1.42656
      vertex 1.08578 8 1.46093
    endloop
  endfacet
  facet normal 0.91139 0 0.411544
    outer loop
      vertex 1.1013 8 1.42656
      vertex 1.08578 6 1.46093
      vertex 1.1013 6 1.42656
    endloop
  endfacet
  facet normal 0 1 0
    outer loop
      vertex 0 6 2.15
      vertex 0 6 2.9
      vertex 0.0612488 6 2.89904
    endloop
  endfacet
  facet normal 0 1 0
    outer loop
      vertex 0.0376892 6 2.1494
      vertex 0.0612488 6 2.89904
      vertex 0.122437 6 2.89615
    endloop
  endfacet
  facet normal 0 1 0
    outer loop
      vertex 0 6 2.9
      vertex 0 6 2.15
      vertex -0.0612488 6 2.89904
    endloop
  endfacet
  facet normal 0 1 0
    outer loop
      vertex 0.0753479 6 2.14763
      vertex 0.122437 6 2.89615
      vertex 0.183502 6 2.89135
    endloop
  endfacet
  facet normal 0 1 -0
    outer loop
      vertex -0.0376892 6 2.1494
      vertex -0.0612488 6 2.89904
      vertex 0 6 2.15
    endloop
  endfacet
  facet normal 0 1 0
    outer loop
      vertex 0.112915 6 2.14467
      vertex 0.183502 6 2.89135
      vertex 0.244385 6 2.88462
    endloop
  endfacet
  facet normal 0 1 0
    outer loop
      vertex -0.0612488 6 2.89904
      vertex -0.0376892 6 2.1494
      vertex -0.122437 6 2.89615
    endloop
  endfacet
  facet normal 0 1 0
    outer loop
      vertex 0.150391 6 2.14054
      vertex 0.244385 6 2.88462
      vertex 0.305038 6 2.87598
    endloop
  endfacet
  facet normal 0 1 -0
    outer loop
      vertex -0.0753479 6 2.14763
      vertex -0.122437 6 2.89615
      vertex -0.0376892 6 2.1494
    endloop
  endfacet
  facet normal 0 1 0
    outer loop
      vertex 0.187714 6 2.13521
      vertex 0.305038 6 2.87598
      vertex 0.365387 6 2.86545
    endloop
  endfacet
  facet normal 0 1 0
    outer loop
      vertex -0.122437 6 2.89615
      vertex -0.0753479 6 2.14763
      vertex -0.183502 6 2.89135
    endloop
  endfacet
  facet normal 0 1 0
    outer loop
      vertex 0.224854 6 2.12874
      vertex 0.365387 6 2.86545
      vertex 0.425369 6 2.85303
    endloop
  endfacet
  facet normal 0 1 -0
    outer loop
      vertex -0.112915 6 2.14467
      vertex -0.183502 6 2.89135
      vertex -0.0753479 6 2.14763
    endloop
  endfacet
  facet normal 0 1 0
    outer loop
      vertex 0.261765 6 2.1211
      vertex 0.425369 6 2.85303
      vertex 0.48494 6 2.83873
    endloop
  endfacet
  facet normal 0 1 0
    outer loop
      vertex -0.183502 6 2.89135
      vertex -0.112915 6 2.14467
      vertex -0.244385 6 2.88462
    endloop
  endfacet
  facet normal 0 1 0
    outer loop
      vertex 0.298416 6 2.11229
      vertex 0.48494 6 2.83873
      vertex 0.544022 6 2.82256
    endloop
  endfacet
  facet normal 0 1 -0
    outer loop
      vertex -0.150391 6 2.14054
      vertex -0.244385 6 2.88462
      vertex -0.112915 6 2.14467
    endloop
  endfacet
  facet normal 0 1 0
    outer loop
      vertex 0.334778 6 2.10234
      vertex 0.544022 6 2.82256
      vertex 0.60257 6 2.80455
    endloop
  endfacet
  facet normal 0 1 0
    outer loop
      vertex -0.244385 6 2.88462
      vertex -0.150391 6 2.14054
      vertex -0.305038 6 2.87598
    endloop
  endfacet
  facet normal 0 1 0
    outer loop
      vertex 0.370819 6 2.09127
      vertex 0.60257 6 2.80455
      vertex 0.660538 6 2.78472
    endloop
  endfacet
  facet normal 0 1 -0
    outer loop
      vertex -0.187714 6 2.13521
      vertex -0.305038 6 2.87598
      vertex -0.150391 6 2.14054
    endloop
  endfacet
  facet normal 0 1 0
    outer loop
      vertex 0.406479 6 2.07904
      vertex 0.660538 6 2.78472
      vertex 0.717834 6 2.76305
    endloop
  endfacet
  facet normal 0 1 0
    outer loop
      vertex -0.305038 6 2.87598
      vertex -0.187714 6 2.13521
      vertex -0.365387 6 2.86545
    endloop
  endfacet
  facet normal 0 1 0
    outer loop
      vertex 0.441742 6 2.06572
      vertex 0.717834 6 2.76305
      vertex 0.774429 6 2.73961
    endloop
  endfacet
  facet normal 0 1 -0
    outer loop
      vertex -0.224854 6 2.12874
      vertex -0.365387 6 2.86545
      vertex -0.187714 6 2.13521
    endloop
  endfacet
  facet normal 0 1 0
    outer loop
      vertex 0.476562 6 2.0513
      vertex 0.774429 6 2.73961
      vertex 0.830261 6 2.7144
    endloop
  endfacet
  facet normal 0 1 0
    outer loop
      vertex -0.365387 6 2.86545
      vertex -0.224854 6 2.12874
      vertex -0.425369 6 2.85303
    endloop
  endfacet
  facet normal 0 1 0
    outer loop
      vertex 0.510925 6 2.03578
      vertex 0.830261 6 2.7144
      vertex 0.885269 6 2.68746
    endloop
  endfacet
  facet normal 0 1 -0
    outer loop
      vertex -0.261765 6 2.1211
      vertex -0.425369 6 2.85303
      vertex -0.224854 6 2.12874
    endloop
  endfacet
  facet normal 0 1 0
    outer loop
      vertex 0.544785 6 2.0192
      vertex 0.885269 6 2.68746
      vertex 0.939407 6 2.65879
    endloop
  endfacet
  facet normal 0 1 0
    outer loop
      vertex -0.425369 6 2.85303
      vertex -0.261765 6 2.1211
      vertex -0.48494 6 2.83873
    endloop
  endfacet
  facet normal 0 1 0
    outer loop
      vertex 0.578094 6 2.00156
      vertex 0.939407 6 2.65879
      vertex 0.99263 6 2.62844
    endloop
  endfacet
  facet normal 0 1 -0
    outer loop
      vertex -0.298416 6 2.11229
      vertex -0.48494 6 2.83873
      vertex -0.261765 6 2.1211
    endloop
  endfacet
  facet normal 0 1 0
    outer loop
      vertex 0.61084 6 1.98288
      vertex 0.99263 6 2.62844
      vertex 1.04486 6 2.59644
    endloop
  endfacet
  facet normal 0 1 0
    outer loop
      vertex -0.48494 6 2.83873
      vertex -0.298416 6 2.11229
      vertex -0.544022 6 2.82256
    endloop
  endfacet
  facet normal 0 1 0
    outer loop
      vertex 0.64299 6 1.96318
      vertex 1.04486 6 2.59644
      vertex 1.09605 6 2.56279
    endloop
  endfacet
  facet normal 0 1 -0
    outer loop
      vertex -0.334778 6 2.10234
      vertex -0.544022 6 2.82256
      vertex -0.298416 6 2.11229
    endloop
  endfacet
  facet normal 0 1 0
    outer loop
      vertex 0.6745 6 1.94249
      vertex 1.09605 6 2.56279
      vertex 1.14618 6 2.52758
    endloop
  endfacet
  facet normal 0 1 0
    outer loop
      vertex -0.544022 6 2.82256
      vertex -0.334778 6 2.10234
      vertex -0.60257 6 2.80455
    endloop
  endfacet
  facet normal 0 1 0
    outer loop
      vertex 0.705338 6 1.92081
      vertex 1.14618 6 2.52758
      vertex 1.19516 6 2.4908
    endloop
  endfacet
  facet normal 0 1 -0
    outer loop
      vertex -0.370819 6 2.09127
      vertex -0.60257 6 2.80455
      vertex -0.334778 6 2.10234
    endloop
  endfacet
  facet normal 0 1 0
    outer loop
      vertex 0.735474 6 1.89818
      vertex 1.19516 6 2.4908
      vertex 1.24297 6 2.45249
    endloop
  endfacet
  facet normal 0 1 0
    outer loop
      vertex -0.60257 6 2.80455
      vertex -0.370819 6 2.09127
      vertex -0.660538 6 2.78472
    endloop
  endfacet
  facet normal 0 1 0
    outer loop
      vertex 0.764908 6 1.87461
      vertex 1.24297 6 2.45249
      vertex 1.28955 6 2.41271
    endloop
  endfacet
  facet normal 0 1 -0
    outer loop
      vertex -0.406479 6 2.07904
      vertex -0.660538 6 2.78472
      vertex -0.370819 6 2.09127
    endloop
  endfacet
  facet normal 0 1 0
    outer loop
      vertex 0.793564 6 1.85013
      vertex 1.28955 6 2.41271
      vertex 1.33485 6 2.37148
    endloop
  endfacet
  facet normal 0 1 0
    outer loop
      vertex -0.660538 6 2.78472
      vertex -0.406479 6 2.07904
      vertex -0.717834 6 2.76305
    endloop
  endfacet
  facet normal 0 1 0
    outer loop
      vertex 0.821442 6 1.82476
      vertex 1.33485 6 2.37148
      vertex 1.37885 6 2.32885
    endloop
  endfacet
  facet normal 0 1 -0
    outer loop
      vertex -0.441742 6 2.06572
      vertex -0.717834 6 2.76305
      vertex -0.406479 6 2.07904
    endloop
  endfacet
  facet normal 0 1 0
    outer loop
      vertex 0.848526 6 1.79853
      vertex 1.37885 6 2.32885
      vertex 1.42148 6 2.28485
    endloop
  endfacet
  facet normal 0 1 0
    outer loop
      vertex -0.717834 6 2.76305
      vertex -0.441742 6 2.06572
      vertex -0.774429 6 2.73961
    endloop
  endfacet
  facet normal 0 1 0
    outer loop
      vertex 0.874756 6 1.77144
      vertex 1.42148 6 2.28485
      vertex 1.46271 6 2.23955
    endloop
  endfacet
  facet normal 0 1 -0
    outer loop
      vertex -0.476562 6 2.0513
      vertex -0.774429 6 2.73961
      vertex -0.441742 6 2.06572
    endloop
  endfacet
  facet normal 0 1 0
    outer loop
      vertex 0.900131 6 1.74356
      vertex 1.46271 6 2.23955
      vertex 1.50249 6 2.19297
    endloop
  endfacet
  facet normal 0 1 0
    outer loop
      vertex -0.774429 6 2.73961
      vertex -0.476562 6 2.0513
      vertex -0.830261 6 2.7144
    endloop
  endfacet
  facet normal 0 1 -0
    outer loop
      vertex -0.510925 6 2.03578
      vertex -0.830261 6 2.7144
      vertex -0.476562 6 2.0513
    endloop
  endfacet
  facet normal 0 1 0
    outer loop
      vertex 0.0612488 6 2.89904
      vertex 0.0376892 6 2.1494
      vertex 0 6 2.15
    endloop
  endfacet
  facet normal 0 1 0
    outer loop
      vertex 0.122437 6 2.89615
      vertex 0.0753479 6 2.14763
      vertex 0.0376892 6 2.1494
    endloop
  endfacet
  facet normal 0 1 0
    outer loop
      vertex 0.924606 6 1.71491
      vertex 1.50249 6 2.19297
      vertex 1.5408 6 2.14516
    endloop
  endfacet
  facet normal 0 1 0
    outer loop
      vertex 0.183502 6 2.89135
      vertex 0.112915 6 2.14467
      vertex 0.0753479 6 2.14763
    endloop
  endfacet
  facet normal 0 1 0
    outer loop
      vertex 0.244385 6 2.88462
      vertex 0.150391 6 2.14054
      vertex 0.112915 6 2.14467
    endloop
  endfacet
  facet normal 0 1 0
    outer loop
      vertex 0.305038 6 2.87598
      vertex 0.187714 6 2.13521
      vertex 0.150391 6 2.14054
    endloop
  endfacet
  facet normal 0 1 0
    outer loop
      vertex 0.365387 6 2.86545
      vertex 0.224854 6 2.12874
      vertex 0.187714 6 2.13521
    endloop
  endfacet
  facet normal 0 1 0
    outer loop
      vertex 0.425369 6 2.85303
      vertex 0.261765 6 2.1211
      vertex 0.224854 6 2.12874
    endloop
  endfacet
  facet normal 0 1 0
    outer loop
      vertex 0.48494 6 2.83873
      vertex 0.298416 6 2.11229
      vertex 0.261765 6 2.1211
    endloop
  endfacet
  facet normal 0 1 0
    outer loop
      vertex 0.544022 6 2.82256
      vertex 0.334778 6 2.10234
      vertex 0.298416 6 2.11229
    endloop
  endfacet
  facet normal 0 1 0
    outer loop
      vertex 0.948181 6 1.68547
      vertex 1.5408 6 2.14516
      vertex 1.57758 6 2.09618
    endloop
  endfacet
  facet normal 0 1 0
    outer loop
      vertex 0.60257 6 2.80455
      vertex 0.370819 6 2.09127
      vertex 0.334778 6 2.10234
    endloop
  endfacet
  facet normal 0 1 0
    outer loop
      vertex 0.660538 6 2.78472
      vertex 0.406479 6 2.07904
      vertex 0.370819 6 2.09127
    endloop
  endfacet
  facet normal 0 1 0
    outer loop
      vertex 0.717834 6 2.76305
      vertex 0.441742 6 2.06572
      vertex 0.406479 6 2.07904
    endloop
  endfacet
  facet normal 0 1 0
    outer loop
      vertex 0.774429 6 2.73961
      vertex 0.476562 6 2.0513
      vertex 0.441742 6 2.06572
    endloop
  endfacet
  facet normal 0 1 0
    outer loop
      vertex 0.97081 6 1.65534
      vertex 1.57758 6 2.09618
      vertex 1.61279 6 2.04605
    endloop
  endfacet
  facet normal 0 1 0
    outer loop
      vertex 0.830261 6 2.7144
      vertex 0.510925 6 2.03578
      vertex 0.476562 6 2.0513
    endloop
  endfacet
  facet normal 0 1 0
    outer loop
      vertex 0.885269 6 2.68746
      vertex 0.544785 6 2.0192
      vertex 0.510925 6 2.03578
    endloop
  endfacet
  facet normal 0 1 0
    outer loop
      vertex 0.939407 6 2.65879
      vertex 0.578094 6 2.00156
      vertex 0.544785 6 2.0192
    endloop
  endfacet
  facet normal 0 1 0
    outer loop
      vertex 0.992493 6 1.6245
      vertex 1.61279 6 2.04605
      vertex 1.64644 6 1.99486
    endloop
  endfacet
  facet normal 0 1 0
    outer loop
      vertex 0.99263 6 2.62844
      vertex 0.61084 6 1.98288
      vertex 0.578094 6 2.00156
    endloop
  endfacet
  facet normal 0 1 0
    outer loop
      vertex 1.04486 6 2.59644
      vertex 0.64299 6 1.96318
      vertex 0.61084 6 1.98288
    endloop
  endfacet
  facet normal 0 1 0
    outer loop
      vertex 1.01318 6 1.59299
      vertex 1.64644 6 1.99486
      vertex 1.67844 6 1.94263
    endloop
  endfacet
  facet normal 0 1 0
    outer loop
      vertex 1.09605 6 2.56279
      vertex 0.6745 6 1.94249
      vertex 0.64299 6 1.96318
    endloop
  endfacet
  facet normal 0 1 0
    outer loop
      vertex 1.14618 6 2.52758
      vertex 0.705338 6 1.92081
      vertex 0.6745 6 1.94249
    endloop
  endfacet
  facet normal 0 1 0
    outer loop
      vertex 1.19516 6 2.4908
      vertex 0.735474 6 1.89818
      vertex 0.705338 6 1.92081
    endloop
  endfacet
  facet normal 0 1 0
    outer loop
      vertex 1.03288 6 1.56084
      vertex 1.67844 6 1.94263
      vertex 1.70879 6 1.88941
    endloop
  endfacet
  facet normal 0 1 0
    outer loop
      vertex 1.24297 6 2.45249
      vertex 0.764908 6 1.87461
      vertex 0.735474 6 1.89818
    endloop
  endfacet
  facet normal 0 1 0
    outer loop
      vertex 1.28955 6 2.41271
      vertex 0.793564 6 1.85013
      vertex 0.764908 6 1.87461
    endloop
  endfacet
  facet normal 0 1 0
    outer loop
      vertex 1.05156 6 1.52809
      vertex 1.70879 6 1.88941
      vertex 1.73746 6 1.83527
    endloop
  endfacet
  facet normal 0 1 0
    outer loop
      vertex 1.33485 6 2.37148
      vertex 0.821442 6 1.82476
      vertex 0.793564 6 1.85013
    endloop
  endfacet
  facet normal 0 1 0
    outer loop
      vertex 1.37885 6 2.32885
      vertex 0.848526 6 1.79853
      vertex 0.821442 6 1.82476
    endloop
  endfacet
  facet normal 0 1 0
    outer loop
      vertex 1.0692 6 1.49478
      vertex 1.73746 6 1.83527
      vertex 1.7644 6 1.78026
    endloop
  endfacet
  facet normal 0 1 0
    outer loop
      vertex 1.42148 6 2.28485
      vertex 0.874756 6 1.77144
      vertex 0.848526 6 1.79853
    endloop
  endfacet
  facet normal 0 1 0
    outer loop
      vertex 1.46271 6 2.23955
      vertex 0.900131 6 1.74356
      vertex 0.874756 6 1.77144
    endloop
  endfacet
  facet normal 0 1 0
    outer loop
      vertex 1.08578 6 1.46093
      vertex 1.7644 6 1.78026
      vertex 1.78961 6 1.72443
    endloop
  endfacet
  facet normal 0 1 0
    outer loop
      vertex 1.50249 6 2.19297
      vertex 0.924606 6 1.71491
      vertex 0.900131 6 1.74356
    endloop
  endfacet
  facet normal 0 1 0
    outer loop
      vertex 1.5408 6 2.14516
      vertex 0.948181 6 1.68547
      vertex 0.924606 6 1.71491
    endloop
  endfacet
  facet normal 0 1 0
    outer loop
      vertex 1.1013 6 1.42656
      vertex 1.78961 6 1.72443
      vertex 1.81305 6 1.66783
    endloop
  endfacet
  facet normal 0 1 0
    outer loop
      vertex 1.57758 6 2.09618
      vertex 0.97081 6 1.65534
      vertex 0.948181 6 1.68547
    endloop
  endfacet
  facet normal 0 1 0
    outer loop
      vertex 1.61279 6 2.04605
      vertex 0.992493 6 1.6245
      vertex 0.97081 6 1.65534
    endloop
  endfacet
  facet normal 0 1 0
    outer loop
      vertex 1.11572 6 1.39174
      vertex 1.81305 6 1.66783
      vertex 1.83472 6 1.61054
    endloop
  endfacet
  facet normal 0 1 0
    outer loop
      vertex 1.64644 6 1.99486
      vertex 1.01318 6 1.59299
      vertex 0.992493 6 1.6245
    endloop
  endfacet
  facet normal 0 1 0
    outer loop
      vertex 1.67844 6 1.94263
      vertex 1.03288 6 1.56084
      vertex 1.01318 6 1.59299
    endloop
  endfacet
  facet normal 0 1 0
    outer loop
      vertex 1.12904 6 1.35648
      vertex 1.83472 6 1.61054
      vertex 1.85455 6 1.55257
    endloop
  endfacet
  facet normal 0 1 0
    outer loop
      vertex 1.70879 6 1.88941
      vertex 1.05156 6 1.52809
      vertex 1.03288 6 1.56084
    endloop
  endfacet
  facet normal 0 1 0
    outer loop
      vertex 1.73746 6 1.83527
      vertex 1.0692 6 1.49478
      vertex 1.05156 6 1.52809
    endloop
  endfacet
  facet normal 0 1 0
    outer loop
      vertex 1.14127 6 1.32082
      vertex 1.85455 6 1.55257
      vertex 1.87256 6 1.49402
    endloop
  endfacet
  facet normal 0 1 0
    outer loop
      vertex 1.7644 6 1.78026
      vertex 1.08578 6 1.46093
      vertex 1.0692 6 1.49478
    endloop
  endfacet
  facet normal 0 1 0
    outer loop
      vertex 1.15234 6 1.28478
      vertex 1.87256 6 1.49402
      vertex 1.88873 6 1.43494
    endloop
  endfacet
  facet normal 0 1 0
    outer loop
      vertex 1.78961 6 1.72443
      vertex 1.1013 6 1.42656
      vertex 1.08578 6 1.46093
    endloop
  endfacet
  facet normal 0 1 0
    outer loop
      vertex 1.81305 6 1.66783
      vertex 1.11572 6 1.39174
      vertex 1.1013 6 1.42656
    endloop
  endfacet
  facet normal 0 1 0
    outer loop
      vertex 1.16229 6 1.24842
      vertex 1.88873 6 1.43494
      vertex 1.90303 6 1.37537
    endloop
  endfacet
  facet normal 0 1 0
    outer loop
      vertex 1.83472 6 1.61054
      vertex 1.12904 6 1.35648
      vertex 1.11572 6 1.39174
    endloop
  endfacet
  facet normal 0 1 0
    outer loop
      vertex 1.85455 6 1.55257
      vertex 1.14127 6 1.32082
      vertex 1.12904 6 1.35648
    endloop
  endfacet
  facet normal 0 1 0
    outer loop
      vertex 1.1711 6 1.21176
      vertex 1.90303 6 1.37537
      vertex 1.91545 6 1.31539
    endloop
  endfacet
  facet normal 0 1 0
    outer loop
      vertex 1.87256 6 1.49402
      vertex 1.15234 6 1.28478
      vertex 1.14127 6 1.32082
    endloop
  endfacet
  facet normal 0 1 0
    outer loop
      vertex 1.17874 6 1.17485
      vertex 1.91545 6 1.31539
      vertex 1.92598 6 1.25504
    endloop
  endfacet
  facet normal 0 1 0
    outer loop
      vertex 1.88873 6 1.43494
      vertex 1.16229 6 1.24842
      vertex 1.15234 6 1.28478
    endloop
  endfacet
  facet normal 0 1 0
    outer loop
      vertex 1.90303 6 1.37537
      vertex 1.1711 6 1.21176
      vertex 1.16229 6 1.24842
    endloop
  endfacet
  facet normal 0 1 0
    outer loop
      vertex 1.18521 6 1.13771
      vertex 1.92598 6 1.25504
      vertex 1.93462 6 1.19438
    endloop
  endfacet
  facet normal 0 1 0
    outer loop
      vertex 1.91545 6 1.31539
      vertex 1.17874 6 1.17485
      vertex 1.1711 6 1.21176
    endloop
  endfacet
  facet normal 0 1 0
    outer loop
      vertex 1.92598 6 1.25504
      vertex 1.18521 6 1.13771
      vertex 1.17874 6 1.17485
    endloop
  endfacet
  facet normal 0 1 0
    outer loop
      vertex 1.19054 6 1.10039
      vertex 1.93462 6 1.19438
      vertex 1.94135 6 1.1335
    endloop
  endfacet
  facet normal 0 1 0
    outer loop
      vertex 1.93462 6 1.19438
      vertex 1.19054 6 1.10039
      vertex 1.18521 6 1.13771
    endloop
  endfacet
  facet normal 0 1 0
    outer loop
      vertex 1.19467 6 1.06292
      vertex 1.94135 6 1.1335
      vertex 1.94615 6 1.07244
    endloop
  endfacet
  facet normal 0 1 0
    outer loop
      vertex 1.94135 6 1.1335
      vertex 1.19467 6 1.06292
      vertex 1.19054 6 1.10039
    endloop
  endfacet
  facet normal 0 1 0
    outer loop
      vertex 1.94615 6 1.07244
      vertex 1.19763 6 1.02535
      vertex 1.19467 6 1.06292
    endloop
  endfacet
  facet normal 0 1 0
    outer loop
      vertex 1.94904 6 1.01125
      vertex 1.19763 6 1.02535
      vertex 1.94615 6 1.07244
    endloop
  endfacet
  facet normal 0 1 0
    outer loop
      vertex 1.94904 6 1.01125
      vertex 1.1994 6 0.987689
      vertex 1.19763 6 1.02535
    endloop
  endfacet
  facet normal 0 1 0
    outer loop
      vertex 1.95 6 0.95
      vertex 1.1994 6 0.987689
      vertex 1.94904 6 1.01125
    endloop
  endfacet
  facet normal 0 1 0
    outer loop
      vertex 1.95 6 0.95
      vertex 1.2 6 0.95
      vertex 1.1994 6 0.987689
    endloop
  endfacet
  facet normal 0 1 0
    outer loop
      vertex 1.95 6 0.95
      vertex 1.1994 6 0.912311
      vertex 1.2 6 0.95
    endloop
  endfacet
  facet normal 0 1 -0
    outer loop
      vertex 1.94904 6 0.888751
      vertex 1.1994 6 0.912311
      vertex 1.95 6 0.95
    endloop
  endfacet
  facet normal 0 1 0
    outer loop
      vertex 1.94904 6 0.888751
      vertex 1.19763 6 0.874652
      vertex 1.1994 6 0.912311
    endloop
  endfacet
  facet normal 0 1 -0
    outer loop
      vertex 1.94615 6 0.827563
      vertex 1.19763 6 0.874652
      vertex 1.94904 6 0.888751
    endloop
  endfacet
  facet normal 0 1 0
    outer loop
      vertex 1.19763 6 0.874652
      vertex 1.94615 6 0.827563
      vertex 1.19467 6 0.837085
    endloop
  endfacet
  facet normal 0 1 -0
    outer loop
      vertex 1.94135 6 0.766498
      vertex 1.19467 6 0.837085
      vertex 1.94615 6 0.827563
    endloop
  endfacet
  facet normal 0 1 0
    outer loop
      vertex 1.19467 6 0.837085
      vertex 1.94135 6 0.766498
      vertex 1.19054 6 0.799609
    endloop
  endfacet
  facet normal 0 1 -0
    outer loop
      vertex 1.93462 6 0.705615
      vertex 1.19054 6 0.799609
      vertex 1.94135 6 0.766498
    endloop
  endfacet
  facet normal 0 1 0
    outer loop
      vertex 1.19054 6 0.799609
      vertex 1.93462 6 0.705615
      vertex 1.18521 6 0.762286
    endloop
  endfacet
  facet normal 0 1 -0
    outer loop
      vertex 1.92598 6 0.644962
      vertex 1.18521 6 0.762286
      vertex 1.93462 6 0.705615
    endloop
  endfacet
  facet normal 0 1 0
    outer loop
      vertex 1.18521 6 0.762286
      vertex 1.92598 6 0.644962
      vertex 1.17874 6 0.725146
    endloop
  endfacet
  facet normal 0 1 -0
    outer loop
      vertex 1.91545 6 0.584613
      vertex 1.17874 6 0.725146
      vertex 1.92598 6 0.644962
    endloop
  endfacet
  facet normal 0 1 0
    outer loop
      vertex 1.17874 6 0.725146
      vertex 1.91545 6 0.584613
      vertex 1.1711 6 0.688235
    endloop
  endfacet
  facet normal 0 1 -0
    outer loop
      vertex 1.90303 6 0.524631
      vertex 1.1711 6 0.688235
      vertex 1.91545 6 0.584613
    endloop
  endfacet
  facet normal 0 1 0
    outer loop
      vertex 1.1711 6 0.688235
      vertex 1.90303 6 0.524631
      vertex 1.16229 6 0.651584
    endloop
  endfacet
  facet normal 0 1 -0
    outer loop
      vertex 1.88873 6 0.46506
      vertex 1.16229 6 0.651584
      vertex 1.90303 6 0.524631
    endloop
  endfacet
  facet normal 0 1 0
    outer loop
      vertex 1.16229 6 0.651584
      vertex 1.88873 6 0.46506
      vertex 1.15234 6 0.615222
    endloop
  endfacet
  facet normal 0 1 -0
    outer loop
      vertex 1.87256 6 0.405978
      vertex 1.15234 6 0.615222
      vertex 1.88873 6 0.46506
    endloop
  endfacet
  facet normal 0 1 0
    outer loop
      vertex 1.15234 6 0.615222
      vertex 1.87256 6 0.405978
      vertex 1.14127 6 0.579181
    endloop
  endfacet
  facet normal 0 1 -0
    outer loop
      vertex 1.85455 6 0.34743
      vertex 1.14127 6 0.579181
      vertex 1.87256 6 0.405978
    endloop
  endfacet
  facet normal 0 1 0
    outer loop
      vertex 1.14127 6 0.579181
      vertex 1.85455 6 0.34743
      vertex 1.12904 6 0.543521
    endloop
  endfacet
  facet normal 0 1 -0
    outer loop
      vertex 1.83472 6 0.289462
      vertex 1.12904 6 0.543521
      vertex 1.85455 6 0.34743
    endloop
  endfacet
  facet normal 0 1 0
    outer loop
      vertex 1.12904 6 0.543521
      vertex 1.83472 6 0.289462
      vertex 1.11572 6 0.508258
    endloop
  endfacet
  facet normal 0 1 -0
    outer loop
      vertex 1.81305 6 0.232166
      vertex 1.11572 6 0.508258
      vertex 1.83472 6 0.289462
    endloop
  endfacet
  facet normal 0 1 0
    outer loop
      vertex 1.11572 6 0.508258
      vertex 1.81305 6 0.232166
      vertex 1.1013 6 0.473437
    endloop
  endfacet
  facet normal 0 1 -0
    outer loop
      vertex 1.78961 6 0.175571
      vertex 1.1013 6 0.473437
      vertex 1.81305 6 0.232166
    endloop
  endfacet
  facet normal 0 1 0
    outer loop
      vertex 1.1013 6 0.473437
      vertex 1.78961 6 0.175571
      vertex 1.08578 6 0.439075
    endloop
  endfacet
  facet normal 0 1 -0
    outer loop
      vertex 1.7644 6 0.119739
      vertex 1.08578 6 0.439075
      vertex 1.78961 6 0.175571
    endloop
  endfacet
  facet normal 0 1 0
    outer loop
      vertex 1.08578 6 0.439075
      vertex 1.7644 6 0.119739
      vertex 1.0692 6 0.405215
    endloop
  endfacet
  facet normal 0 1 -0
    outer loop
      vertex 1.73746 6 0.0647308
      vertex 1.0692 6 0.405215
      vertex 1.7644 6 0.119739
    endloop
  endfacet
  facet normal 0 1 0
    outer loop
      vertex 1.0692 6 0.405215
      vertex 1.73746 6 0.0647308
      vertex 1.05156 6 0.371906
    endloop
  endfacet
  facet normal 0 1 -0
    outer loop
      vertex 1.70879 6 0.0105927
      vertex 1.05156 6 0.371906
      vertex 1.73746 6 0.0647308
    endloop
  endfacet
  facet normal 0 1 -0
    outer loop
      vertex 1.70274 6 3.05176e-06
      vertex 1.05156 6 0.371906
      vertex 1.70879 6 0.0105927
    endloop
  endfacet
  facet normal 0 1 0
    outer loop
      vertex 1.05156 6 0.371906
      vertex 1.70274 6 3.05176e-06
      vertex 1.03288 6 0.33916
    endloop
  endfacet
  facet normal 0 1 0
    outer loop
      vertex 1.03288 6 0.33916
      vertex 1.70274 6 3.05176e-06
      vertex 1.01318 6 0.30701
    endloop
  endfacet
  facet normal 0 1 0
    outer loop
      vertex 1.01318 6 0.30701
      vertex 1.70274 6 3.05176e-06
      vertex 0.992493 6 0.2755
    endloop
  endfacet
  facet normal 0 1 0
    outer loop
      vertex 0.992493 6 0.2755
      vertex 1.70274 6 3.05176e-06
      vertex 0.97081 6 0.244662
    endloop
  endfacet
  facet normal 0 1 0
    outer loop
      vertex 0.97081 6 0.244662
      vertex 1.70274 6 3.05176e-06
      vertex 0.948181 6 0.214526
    endloop
  endfacet
  facet normal 0 1 0
    outer loop
      vertex 0.948181 6 0.214526
      vertex 1.70274 6 3.05176e-06
      vertex 0.924606 6 0.185092
    endloop
  endfacet
  facet normal 0 1 0
    outer loop
      vertex 0.924606 6 0.185092
      vertex 1.70274 6 3.05176e-06
      vertex 0.900131 6 0.156436
    endloop
  endfacet
  facet normal 0 1 0
    outer loop
      vertex 0.900131 6 0.156436
      vertex 1.70274 6 3.05176e-06
      vertex 0.874756 6 0.128558
    endloop
  endfacet
  facet normal 0 1 0
    outer loop
      vertex 0.874756 6 0.128558
      vertex 1.70274 6 3.05176e-06
      vertex 0.848526 6 0.101474
    endloop
  endfacet
  facet normal 0 1 0
    outer loop
      vertex 0.848526 6 0.101474
      vertex 1.70274 6 3.05176e-06
      vertex 0.821442 6 0.0752441
    endloop
  endfacet
  facet normal 0 1 0
    outer loop
      vertex 0.821442 6 0.0752441
      vertex 1.70274 6 3.05176e-06
      vertex 0.793564 6 0.0498688
    endloop
  endfacet
  facet normal 0 1 0
    outer loop
      vertex 0.793564 6 0.0498688
      vertex 1.70274 6 3.05176e-06
      vertex 0.764908 6 0.0253937
    endloop
  endfacet
  facet normal 0 1 0
    outer loop
      vertex 0.764908 6 0.0253937
      vertex 1.70274 6 3.05176e-06
      vertex 0.735474 6 0.00181885
    endloop
  endfacet
  facet normal 0 1 0
    outer loop
      vertex 0.735474 6 0.00181885
      vertex 1.70274 6 3.05176e-06
      vertex 0.733063 6 3.05176e-06
    endloop
  endfacet
  facet normal 0 1 0
    outer loop
      vertex -0.830261 6 2.7144
      vertex -0.510925 6 2.03578
      vertex -0.885269 6 2.68746
    endloop
  endfacet
  facet normal 0 1 -0
    outer loop
      vertex -0.544785 6 2.0192
      vertex -0.885269 6 2.68746
      vertex -0.510925 6 2.03578
    endloop
  endfacet
  facet normal 0 1 0
    outer loop
      vertex -0.885269 6 2.68746
      vertex -0.544785 6 2.0192
      vertex -0.939407 6 2.65879
    endloop
  endfacet
  facet normal 0 1 -0
    outer loop
      vertex -0.578094 6 2.00156
      vertex -0.939407 6 2.65879
      vertex -0.544785 6 2.0192
    endloop
  endfacet
  facet normal 0 1 0
    outer loop
      vertex -0.939407 6 2.65879
      vertex -0.578094 6 2.00156
      vertex -0.99263 6 2.62844
    endloop
  endfacet
  facet normal 0 1 -0
    outer loop
      vertex -0.61084 6 1.98288
      vertex -0.99263 6 2.62844
      vertex -0.578094 6 2.00156
    endloop
  endfacet
  facet normal 0 1 0
    outer loop
      vertex -0.99263 6 2.62844
      vertex -0.61084 6 1.98288
      vertex -1.04486 6 2.59644
    endloop
  endfacet
  facet normal 0 1 -0
    outer loop
      vertex -0.64299 6 1.96318
      vertex -1.04486 6 2.59644
      vertex -0.61084 6 1.98288
    endloop
  endfacet
  facet normal 0 1 0
    outer loop
      vertex -1.04486 6 2.59644
      vertex -0.64299 6 1.96318
      vertex -1.09605 6 2.56279
    endloop
  endfacet
  facet normal 0 1 -0
    outer loop
      vertex -0.6745 6 1.94249
      vertex -1.09605 6 2.56279
      vertex -0.64299 6 1.96318
    endloop
  endfacet
  facet normal 0 1 0
    outer loop
      vertex -1.09605 6 2.56279
      vertex -0.6745 6 1.94249
      vertex -1.14618 6 2.52758
    endloop
  endfacet
  facet normal 0 1 -0
    outer loop
      vertex -0.705338 6 1.92081
      vertex -1.14618 6 2.52758
      vertex -0.6745 6 1.94249
    endloop
  endfacet
  facet normal 0 1 0
    outer loop
      vertex -1.14618 6 2.52758
      vertex -0.705338 6 1.92081
      vertex -1.19516 6 2.4908
    endloop
  endfacet
  facet normal 0 1 -0
    outer loop
      vertex -0.735474 6 1.89818
      vertex -1.19516 6 2.4908
      vertex -0.705338 6 1.92081
    endloop
  endfacet
  facet normal 0 1 0
    outer loop
      vertex -1.19516 6 2.4908
      vertex -0.735474 6 1.89818
      vertex -1.24297 6 2.45249
    endloop
  endfacet
  facet normal 0 1 -0
    outer loop
      vertex -0.764908 6 1.87461
      vertex -1.24297 6 2.45249
      vertex -0.735474 6 1.89818
    endloop
  endfacet
  facet normal 0 1 0
    outer loop
      vertex -1.24297 6 2.45249
      vertex -0.764908 6 1.87461
      vertex -1.28955 6 2.41271
    endloop
  endfacet
  facet normal 0 1 -0
    outer loop
      vertex -0.793564 6 1.85013
      vertex -1.28955 6 2.41271
      vertex -0.764908 6 1.87461
    endloop
  endfacet
  facet normal 0 1 0
    outer loop
      vertex -1.28955 6 2.41271
      vertex -0.793564 6 1.85013
      vertex -1.33485 6 2.37148
    endloop
  endfacet
  facet normal 0 1 -0
    outer loop
      vertex -0.821442 6 1.82476
      vertex -1.33485 6 2.37148
      vertex -0.793564 6 1.85013
    endloop
  endfacet
  facet normal 0 1 0
    outer loop
      vertex -1.33485 6 2.37148
      vertex -0.821442 6 1.82476
      vertex -1.37885 6 2.32885
    endloop
  endfacet
  facet normal 0 1 -0
    outer loop
      vertex -0.848526 6 1.79853
      vertex -1.37885 6 2.32885
      vertex -0.821442 6 1.82476
    endloop
  endfacet
  facet normal 0 1 0
    outer loop
      vertex -1.37885 6 2.32885
      vertex -0.848526 6 1.79853
      vertex -1.42148 6 2.28485
    endloop
  endfacet
  facet normal 0 1 -0
    outer loop
      vertex -0.874756 6 1.77144
      vertex -1.42148 6 2.28485
      vertex -0.848526 6 1.79853
    endloop
  endfacet
  facet normal 0 1 0
    outer loop
      vertex -1.42148 6 2.28485
      vertex -0.874756 6 1.77144
      vertex -1.46271 6 2.23955
    endloop
  endfacet
  facet normal 0 1 -0
    outer loop
      vertex -0.900131 6 1.74356
      vertex -1.46271 6 2.23955
      vertex -0.874756 6 1.77144
    endloop
  endfacet
  facet normal 0 1 0
    outer loop
      vertex -1.46271 6 2.23955
      vertex -0.900131 6 1.74356
      vertex -1.50249 6 2.19297
    endloop
  endfacet
  facet normal 0 1 -0
    outer loop
      vertex -0.924606 6 1.71491
      vertex -1.50249 6 2.19297
      vertex -0.900131 6 1.74356
    endloop
  endfacet
  facet normal 0 1 0
    outer loop
      vertex -1.50249 6 2.19297
      vertex -0.924606 6 1.71491
      vertex -1.5408 6 2.14516
    endloop
  endfacet
  facet normal 0 1 -0
    outer loop
      vertex -0.948181 6 1.68547
      vertex -1.5408 6 2.14516
      vertex -0.924606 6 1.71491
    endloop
  endfacet
  facet normal 0 1 0
    outer loop
      vertex -1.5408 6 2.14516
      vertex -0.948181 6 1.68547
      vertex -1.57758 6 2.09618
    endloop
  endfacet
  facet normal 0 1 -0
    outer loop
      vertex -0.97081 6 1.65534
      vertex -1.57758 6 2.09618
      vertex -0.948181 6 1.68547
    endloop
  endfacet
  facet normal 0 1 0
    outer loop
      vertex -1.57758 6 2.09618
      vertex -0.97081 6 1.65534
      vertex -1.61279 6 2.04605
    endloop
  endfacet
  facet normal 0 1 -0
    outer loop
      vertex -0.992493 6 1.6245
      vertex -1.61279 6 2.04605
      vertex -0.97081 6 1.65534
    endloop
  endfacet
  facet normal 0 1 0
    outer loop
      vertex -1.61279 6 2.04605
      vertex -0.992493 6 1.6245
      vertex -1.64644 6 1.99486
    endloop
  endfacet
  facet normal 0 1 -0
    outer loop
      vertex -1.01318 6 1.59299
      vertex -1.64644 6 1.99486
      vertex -0.992493 6 1.6245
    endloop
  endfacet
  facet normal 0 1 0
    outer loop
      vertex -1.64644 6 1.99486
      vertex -1.01318 6 1.59299
      vertex -1.67844 6 1.94263
    endloop
  endfacet
  facet normal 0 1 -0
    outer loop
      vertex -1.03288 6 1.56084
      vertex -1.67844 6 1.94263
      vertex -1.01318 6 1.59299
    endloop
  endfacet
  facet normal 0 1 0
    outer loop
      vertex -1.67844 6 1.94263
      vertex -1.03288 6 1.56084
      vertex -1.70879 6 1.88941
    endloop
  endfacet
  facet normal 0 1 -0
    outer loop
      vertex -1.05156 6 1.52809
      vertex -1.70879 6 1.88941
      vertex -1.03288 6 1.56084
    endloop
  endfacet
  facet normal 0 1 0
    outer loop
      vertex -1.70879 6 1.88941
      vertex -1.05156 6 1.52809
      vertex -1.73746 6 1.83527
    endloop
  endfacet
  facet normal 0 1 -0
    outer loop
      vertex -1.0692 6 1.49478
      vertex -1.73746 6 1.83527
      vertex -1.05156 6 1.52809
    endloop
  endfacet
  facet normal 0 1 0
    outer loop
      vertex -1.73746 6 1.83527
      vertex -1.0692 6 1.49478
      vertex -1.7644 6 1.78026
    endloop
  endfacet
  facet normal 0 1 -0
    outer loop
      vertex -1.08578 6 1.46093
      vertex -1.7644 6 1.78026
      vertex -1.0692 6 1.49478
    endloop
  endfacet
  facet normal 0 1 0
    outer loop
      vertex -1.7644 6 1.78026
      vertex -1.08578 6 1.46093
      vertex -1.78961 6 1.72443
    endloop
  endfacet
  facet normal 0 1 -0
    outer loop
      vertex -1.1013 6 1.42656
      vertex -1.78961 6 1.72443
      vertex -1.08578 6 1.46093
    endloop
  endfacet
  facet normal 0 1 0
    outer loop
      vertex -1.78961 6 1.72443
      vertex -1.1013 6 1.42656
      vertex -1.81305 6 1.66783
    endloop
  endfacet
  facet normal 0 1 -0
    outer loop
      vertex -1.11572 6 1.39174
      vertex -1.81305 6 1.66783
      vertex -1.1013 6 1.42656
    endloop
  endfacet
  facet normal 0 1 0
    outer loop
      vertex -1.81305 6 1.66783
      vertex -1.11572 6 1.39174
      vertex -1.83472 6 1.61054
    endloop
  endfacet
  facet normal 0 1 -0
    outer loop
      vertex -1.12904 6 1.35648
      vertex -1.83472 6 1.61054
      vertex -1.11572 6 1.39174
    endloop
  endfacet
  facet normal 0 1 0
    outer loop
      vertex -1.83472 6 1.61054
      vertex -1.12904 6 1.35648
      vertex -1.85455 6 1.55257
    endloop
  endfacet
  facet normal 0 1 -0
    outer loop
      vertex -1.14127 6 1.32082
      vertex -1.85455 6 1.55257
      vertex -1.12904 6 1.35648
    endloop
  endfacet
  facet normal 0 1 0
    outer loop
      vertex -1.85455 6 1.55257
      vertex -1.14127 6 1.32082
      vertex -1.87256 6 1.49402
    endloop
  endfacet
  facet normal 0 1 -0
    outer loop
      vertex -1.15234 6 1.28478
      vertex -1.87256 6 1.49402
      vertex -1.14127 6 1.32082
    endloop
  endfacet
  facet normal 0 1 0
    outer loop
      vertex -1.87256 6 1.49402
      vertex -1.15234 6 1.28478
      vertex -1.88873 6 1.43494
    endloop
  endfacet
  facet normal 0 1 -0
    outer loop
      vertex -1.16229 6 1.24842
      vertex -1.88873 6 1.43494
      vertex -1.15234 6 1.28478
    endloop
  endfacet
  facet normal 0 1 0
    outer loop
      vertex -1.88873 6 1.43494
      vertex -1.16229 6 1.24842
      vertex -1.90303 6 1.37537
    endloop
  endfacet
  facet normal 0 1 -0
    outer loop
      vertex -1.1711 6 1.21176
      vertex -1.90303 6 1.37537
      vertex -1.16229 6 1.24842
    endloop
  endfacet
  facet normal 0 1 0
    outer loop
      vertex -1.90303 6 1.37537
      vertex -1.1711 6 1.21176
      vertex -1.91545 6 1.31539
    endloop
  endfacet
  facet normal 0 1 -0
    outer loop
      vertex -1.17874 6 1.17485
      vertex -1.91545 6 1.31539
      vertex -1.1711 6 1.21176
    endloop
  endfacet
  facet normal 0 1 0
    outer loop
      vertex -1.91545 6 1.31539
      vertex -1.17874 6 1.17485
      vertex -1.92598 6 1.25504
    endloop
  endfacet
  facet normal 0 1 -0
    outer loop
      vertex -1.18521 6 1.13771
      vertex -1.92598 6 1.25504
      vertex -1.17874 6 1.17485
    endloop
  endfacet
  facet normal 0 1 0
    outer loop
      vertex -1.92598 6 1.25504
      vertex -1.18521 6 1.13771
      vertex -1.93462 6 1.19438
    endloop
  endfacet
  facet normal 0 1 -0
    outer loop
      vertex -1.19054 6 1.10039
      vertex -1.93462 6 1.19438
      vertex -1.18521 6 1.13771
    endloop
  endfacet
  facet normal 0 1 0
    outer loop
      vertex -1.93462 6 1.19438
      vertex -1.19054 6 1.10039
      vertex -1.94135 6 1.1335
    endloop
  endfacet
  facet normal 0 1 -0
    outer loop
      vertex -1.19467 6 1.06292
      vertex -1.94135 6 1.1335
      vertex -1.19054 6 1.10039
    endloop
  endfacet
  facet normal 0 1 0
    outer loop
      vertex -1.94135 6 1.1335
      vertex -1.19467 6 1.06292
      vertex -1.94615 6 1.07244
    endloop
  endfacet
  facet normal 0 1 -0
    outer loop
      vertex -1.19763 6 1.02535
      vertex -1.94615 6 1.07244
      vertex -1.19467 6 1.06292
    endloop
  endfacet
  facet normal 0 1 0
    outer loop
      vertex -1.19763 6 1.02535
      vertex -1.94904 6 1.01125
      vertex -1.94615 6 1.07244
    endloop
  endfacet
  facet normal 0 1 -0
    outer loop
      vertex -1.1994 6 0.987689
      vertex -1.94904 6 1.01125
      vertex -1.19763 6 1.02535
    endloop
  endfacet
  facet normal 0 1 -0
    outer loop
      vertex -1.2 6 0.95
      vertex -1.94904 6 1.01125
      vertex -1.1994 6 0.987689
    endloop
  endfacet
  facet normal 0 1 0
    outer loop
      vertex -1.2 6 0.95
      vertex -1.95 6 0.95
      vertex -1.94904 6 1.01125
    endloop
  endfacet
  facet normal 0 1 0
    outer loop
      vertex -1.1994 6 0.912311
      vertex -1.95 6 0.95
      vertex -1.2 6 0.95
    endloop
  endfacet
  facet normal 0 1 0
    outer loop
      vertex -1.1994 6 0.912311
      vertex -1.94904 6 0.888751
      vertex -1.95 6 0.95
    endloop
  endfacet
  facet normal 0 1 0
    outer loop
      vertex -1.19763 6 0.874652
      vertex -1.94904 6 0.888751
      vertex -1.1994 6 0.912311
    endloop
  endfacet
  facet normal 0 1 0
    outer loop
      vertex -1.94615 6 0.827563
      vertex -1.19763 6 0.874652
      vertex -1.19467 6 0.837085
    endloop
  endfacet
  facet normal 0 1 0
    outer loop
      vertex -1.19763 6 0.874652
      vertex -1.94615 6 0.827563
      vertex -1.94904 6 0.888751
    endloop
  endfacet
  facet normal 0 1 0
    outer loop
      vertex -1.94135 6 0.766498
      vertex -1.19467 6 0.837085
      vertex -1.19054 6 0.799609
    endloop
  endfacet
  facet normal 0 1 0
    outer loop
      vertex -1.19467 6 0.837085
      vertex -1.94135 6 0.766498
      vertex -1.94615 6 0.827563
    endloop
  endfacet
  facet normal 0 1 0
    outer loop
      vertex -1.93462 6 0.705615
      vertex -1.19054 6 0.799609
      vertex -1.18521 6 0.762286
    endloop
  endfacet
  facet normal 0 1 0
    outer loop
      vertex -1.92598 6 0.644962
      vertex -1.18521 6 0.762286
      vertex -1.17874 6 0.725146
    endloop
  endfacet
  facet normal 0 1 0
    outer loop
      vertex -1.19054 6 0.799609
      vertex -1.93462 6 0.705615
      vertex -1.94135 6 0.766498
    endloop
  endfacet
  facet normal 0 1 0
    outer loop
      vertex -1.91545 6 0.584613
      vertex -1.17874 6 0.725146
      vertex -1.1711 6 0.688235
    endloop
  endfacet
  facet normal 0 1 0
    outer loop
      vertex -1.90303 6 0.524631
      vertex -1.1711 6 0.688235
      vertex -1.16229 6 0.651584
    endloop
  endfacet
  facet normal 0 1 0
    outer loop
      vertex -1.18521 6 0.762286
      vertex -1.92598 6 0.644962
      vertex -1.93462 6 0.705615
    endloop
  endfacet
  facet normal 0 1 0
    outer loop
      vertex -1.88873 6 0.46506
      vertex -1.16229 6 0.651584
      vertex -1.15234 6 0.615222
    endloop
  endfacet
  facet normal 0 1 0
    outer loop
      vertex -1.17874 6 0.725146
      vertex -1.91545 6 0.584613
      vertex -1.92598 6 0.644962
    endloop
  endfacet
  facet normal 0 1 0
    outer loop
      vertex -1.87256 6 0.405978
      vertex -1.15234 6 0.615222
      vertex -1.14127 6 0.579181
    endloop
  endfacet
  facet normal 0 1 0
    outer loop
      vertex -1.85455 6 0.34743
      vertex -1.14127 6 0.579181
      vertex -1.12904 6 0.543521
    endloop
  endfacet
  facet normal 0 1 0
    outer loop
      vertex -1.1711 6 0.688235
      vertex -1.90303 6 0.524631
      vertex -1.91545 6 0.584613
    endloop
  endfacet
  facet normal 0 1 0
    outer loop
      vertex -1.83472 6 0.289462
      vertex -1.12904 6 0.543521
      vertex -1.11572 6 0.508258
    endloop
  endfacet
  facet normal 0 1 0
    outer loop
      vertex -1.81305 6 0.232166
      vertex -1.11572 6 0.508258
      vertex -1.1013 6 0.473437
    endloop
  endfacet
  facet normal 0 1 0
    outer loop
      vertex -1.16229 6 0.651584
      vertex -1.88873 6 0.46506
      vertex -1.90303 6 0.524631
    endloop
  endfacet
  facet normal 0 1 0
    outer loop
      vertex -1.78961 6 0.175571
      vertex -1.1013 6 0.473437
      vertex -1.08578 6 0.439075
    endloop
  endfacet
  facet normal 0 1 0
    outer loop
      vertex -1.15234 6 0.615222
      vertex -1.87256 6 0.405978
      vertex -1.88873 6 0.46506
    endloop
  endfacet
  facet normal 0 1 0
    outer loop
      vertex -1.7644 6 0.119739
      vertex -1.08578 6 0.439075
      vertex -1.0692 6 0.405215
    endloop
  endfacet
  facet normal 0 1 0
    outer loop
      vertex -1.73746 6 0.0647308
      vertex -1.0692 6 0.405215
      vertex -1.05156 6 0.371906
    endloop
  endfacet
  facet normal 0 1 0
    outer loop
      vertex -1.14127 6 0.579181
      vertex -1.85455 6 0.34743
      vertex -1.87256 6 0.405978
    endloop
  endfacet
  facet normal 0 1 0
    outer loop
      vertex -1.70274 6 3.05176e-06
      vertex -1.05156 6 0.371906
      vertex -1.03288 6 0.33916
    endloop
  endfacet
  facet normal 0 1 0
    outer loop
      vertex -1.70274 6 3.05176e-06
      vertex -1.03288 6 0.33916
      vertex -1.01318 6 0.30701
    endloop
  endfacet
  facet normal 0 1 0
    outer loop
      vertex -1.12904 6 0.543521
      vertex -1.83472 6 0.289462
      vertex -1.85455 6 0.34743
    endloop
  endfacet
  facet normal 0 1 0
    outer loop
      vertex -1.70274 6 3.05176e-06
      vertex -1.01318 6 0.30701
      vertex -0.992493 6 0.2755
    endloop
  endfacet
  facet normal 0 1 0
    outer loop
      vertex -1.70274 6 3.05176e-06
      vertex -0.992493 6 0.2755
      vertex -0.97081 6 0.244662
    endloop
  endfacet
  facet normal 0 1 0
    outer loop
      vertex -1.11572 6 0.508258
      vertex -1.81305 6 0.232166
      vertex -1.83472 6 0.289462
    endloop
  endfacet
  facet normal 0 1 0
    outer loop
      vertex -1.70274 6 3.05176e-06
      vertex -0.97081 6 0.244662
      vertex -0.948181 6 0.214526
    endloop
  endfacet
  facet normal 0 1 0
    outer loop
      vertex -1.70274 6 3.05176e-06
      vertex -0.948181 6 0.214526
      vertex -0.924606 6 0.185092
    endloop
  endfacet
  facet normal 0 1 0
    outer loop
      vertex -1.1013 6 0.473437
      vertex -1.78961 6 0.175571
      vertex -1.81305 6 0.232166
    endloop
  endfacet
  facet normal 0 1 0
    outer loop
      vertex -1.70274 6 3.05176e-06
      vertex -0.924606 6 0.185092
      vertex -0.900131 6 0.156436
    endloop
  endfacet
  facet normal 0 1 0
    outer loop
      vertex -1.70274 6 3.05176e-06
      vertex -0.900131 6 0.156436
      vertex -0.874756 6 0.128558
    endloop
  endfacet
  facet normal 0 1 0
    outer loop
      vertex -1.08578 6 0.439075
      vertex -1.7644 6 0.119739
      vertex -1.78961 6 0.175571
    endloop
  endfacet
  facet normal 0 1 0
    outer loop
      vertex -1.70274 6 3.05176e-06
      vertex -0.874756 6 0.128558
      vertex -0.848526 6 0.101474
    endloop
  endfacet
  facet normal 0 1 0
    outer loop
      vertex -1.70274 6 3.05176e-06
      vertex -0.848526 6 0.101474
      vertex -0.821442 6 0.0752441
    endloop
  endfacet
  facet normal 0 1 0
    outer loop
      vertex -1.0692 6 0.405215
      vertex -1.73746 6 0.0647308
      vertex -1.7644 6 0.119739
    endloop
  endfacet
  facet normal 0 1 0
    outer loop
      vertex -1.70274 6 3.05176e-06
      vertex -0.821442 6 0.0752441
      vertex -0.793564 6 0.0498688
    endloop
  endfacet
  facet normal 0 1 0
    outer loop
      vertex -1.70274 6 3.05176e-06
      vertex -0.793564 6 0.0498688
      vertex -0.764908 6 0.0253937
    endloop
  endfacet
  facet normal 0 1 0
    outer loop
      vertex -1.05156 6 0.371906
      vertex -1.70879 6 0.0105927
      vertex -1.73746 6 0.0647308
    endloop
  endfacet
  facet normal 0 1 0
    outer loop
      vertex -1.70274 6 3.05176e-06
      vertex -0.764908 6 0.0253937
      vertex -0.735474 6 0.00181885
    endloop
  endfacet
  facet normal 0 1 0
    outer loop
      vertex -1.70274 6 3.05176e-06
      vertex -0.735474 6 0.00181885
      vertex -0.733063 6 3.05176e-06
    endloop
  endfacet
  facet normal 0 1 0
    outer loop
      vertex -1.05156 6 0.371906
      vertex -1.70274 6 3.05176e-06
      vertex -1.70879 6 0.0105927
    endloop
  endfacet
  facet normal -0.972317 0 0.233664
    outer loop
      vertex -1.1711 6 1.21176
      vertex -1.16229 8 1.24842
      vertex -1.1711 8 1.21176
    endloop
  endfacet
  facet normal -0.972317 0 0.233664
    outer loop
      vertex -1.16229 8 1.24842
      vertex -1.1711 6 1.21176
      vertex -1.16229 6 1.24842
    endloop
  endfacet
  facet normal 0.0469493 -4.62492e-20 0.998897
    outer loop
      vertex 0.0376892 8 2.1494
      vertex 0.0753479 6 2.14763
      vertex 0.0753479 8 2.14763
    endloop
  endfacet
  facet normal 0.0469493 -4.62492e-20 0.998897
    outer loop
      vertex 0.0753479 6 2.14763
      vertex 0.0376892 8 2.1494
      vertex 0.0376892 6 2.1494
    endloop
  endfacet
  facet normal 0.760333 -0 0.649534
    outer loop
      vertex 0.900131 6 1.74356
      vertex 0.924606 8 1.71491
      vertex 0.900131 8 1.74356
    endloop
  endfacet
  facet normal 0.760333 0 0.649534
    outer loop
      vertex 0.924606 8 1.71491
      vertex 0.900131 6 1.74356
      vertex 0.924606 6 1.71491
    endloop
  endfacet
  facet normal 0.955922 -0 0.29362
    outer loop
      vertex 1.14127 6 1.32082
      vertex 1.15234 8 1.28478
      vertex 1.14127 8 1.32082
    endloop
  endfacet
  facet normal 0.955922 0 0.29362
    outer loop
      vertex 1.15234 8 1.28478
      vertex 1.14127 6 1.32082
      vertex 1.15234 6 1.28478
    endloop
  endfacet
  facet normal -0.600475 1.15725e-19 0.799643
    outer loop
      vertex -0.735474 8 1.89818
      vertex -0.705338 6 1.92081
      vertex -0.705338 8 1.92081
    endloop
  endfacet
  facet normal -0.600475 1.15725e-19 0.799643
    outer loop
      vertex -0.705338 6 1.92081
      vertex -0.735474 8 1.89818
      vertex -0.735474 6 1.89818
    endloop
  endfacet
  facet normal 0.935476 -0 0.35339
    outer loop
      vertex 1.11572 6 1.39174
      vertex 1.12904 8 1.35648
      vertex 1.11572 8 1.39174
    endloop
  endfacet
  facet normal 0.935476 0 0.35339
    outer loop
      vertex 1.12904 8 1.35648
      vertex 1.11572 6 1.39174
      vertex 1.12904 6 1.35648
    endloop
  endfacet
  facet normal 0.7604 0 -0.649455
    outer loop
      vertex 0.924606 6 0.185092
      vertex 0.900131 8 0.156436
      vertex 0.924606 8 0.185092
    endloop
  endfacet
  facet normal 0.7604 0 -0.649455
    outer loop
      vertex 0.900131 8 0.156436
      vertex 0.924606 6 0.185092
      vertex 0.900131 6 0.156436
    endloop
  endfacet
  facet normal 0.88373 -0 0.467997
    outer loop
      vertex 1.05156 6 1.52809
      vertex 1.0692 8 1.49478
      vertex 1.05156 8 1.52809
    endloop
  endfacet
  facet normal 0.88373 0 0.467997
    outer loop
      vertex 1.0692 8 1.49478
      vertex 1.05156 6 1.52809
      vertex 1.0692 6 1.49478
    endloop
  endfacet
  facet normal -0.575124 1.57258e-19 0.818066
    outer loop
      vertex -0.705338 8 1.92081
      vertex -0.6745 6 1.94249
      vertex -0.6745 8 1.94249
    endloop
  endfacet
  facet normal -0.575124 1.57258e-19 0.818066
    outer loop
      vertex -0.6745 6 1.94249
      vertex -0.705338 8 1.92081
      vertex -0.705338 6 1.92081
    endloop
  endfacet
  facet normal 0.955925 0 -0.293612
    outer loop
      vertex 1.15234 6 0.615222
      vertex 1.14127 8 0.579181
      vertex 1.15234 8 0.615222
    endloop
  endfacet
  facet normal 0.955925 0 -0.293612
    outer loop
      vertex 1.14127 8 0.579181
      vertex 1.15234 6 0.615222
      vertex 1.14127 6 0.579181
    endloop
  endfacet
  facet normal -0.799656 0 -0.600458
    outer loop
      vertex -0.948181 6 0.214526
      vertex -0.97081 8 0.244662
      vertex -0.948181 8 0.214526
    endloop
  endfacet
  facet normal -0.799656 -0 -0.600458
    outer loop
      vertex -0.97081 8 0.244662
      vertex -0.948181 6 0.214526
      vertex -0.97081 6 0.244662
    endloop
  endfacet
  facet normal -0.996911 0 0.0785429
    outer loop
      vertex -1.19763 6 1.02535
      vertex -1.19467 8 1.06292
      vertex -1.19763 8 1.02535
    endloop
  endfacet
  facet normal -0.996911 0 0.0785429
    outer loop
      vertex -1.19467 8 1.06292
      vertex -1.19763 6 1.02535
      vertex -1.19467 6 1.06292
    endloop
  endfacet
  facet normal -0.411614 -1.98697e-19 0.911358
    outer loop
      vertex -0.510925 8 2.03578
      vertex -0.476562 6 2.0513
      vertex -0.476562 8 2.0513
    endloop
  endfacet
  facet normal -0.411614 -1.98697e-19 0.911358
    outer loop
      vertex -0.476562 6 2.0513
      vertex -0.510925 8 2.03578
      vertex -0.510925 6 2.03578
    endloop
  endfacet
  facet normal -0.818029 0 -0.575177
    outer loop
      vertex -0.97081 6 0.244662
      vertex -0.992493 8 0.2755
      vertex -0.97081 8 0.244662
    endloop
  endfacet
  facet normal -0.818029 -0 -0.575177
    outer loop
      vertex -0.992493 8 0.2755
      vertex -0.97081 6 0.244662
      vertex -0.992493 6 0.2755
    endloop
  endfacet
  facet normal -0.923911 0 -0.382608
    outer loop
      vertex -1.1013 6 0.473437
      vertex -1.11572 8 0.508258
      vertex -1.1013 8 0.473437
    endloop
  endfacet
  facet normal -0.923911 -0 -0.382608
    outer loop
      vertex -1.11572 8 0.508258
      vertex -1.1013 6 0.473437
      vertex -1.11572 6 0.508258
    endloop
  endfacet
  facet normal -0.99691 0 -0.0785491
    outer loop
      vertex -1.19467 6 0.837085
      vertex -1.19763 8 0.874652
      vertex -1.19467 8 0.837085
    endloop
  endfacet
  facet normal -0.99691 -0 -0.0785491
    outer loop
      vertex -1.19763 8 0.874652
      vertex -1.19467 6 0.837085
      vertex -1.19763 6 0.874652
    endloop
  endfacet
  facet normal -0.548871 -6.77205e-19 0.835907
    outer loop
      vertex -0.6745 8 1.94249
      vertex -0.64299 6 1.96318
      vertex -0.64299 8 1.96318
    endloop
  endfacet
  facet normal -0.548871 -6.77205e-19 0.835907
    outer loop
      vertex -0.64299 6 1.96318
      vertex -0.6745 8 1.94249
      vertex -0.6745 6 1.94249
    endloop
  endfacet
  facet normal 0.625064 -4.13844e-19 0.780574
    outer loop
      vertex 0.735474 8 1.89818
      vertex 0.764908 6 1.87461
      vertex 0.764908 8 1.87461
    endloop
  endfacet
  facet normal 0.625064 -4.13844e-19 0.780574
    outer loop
      vertex 0.764908 6 1.87461
      vertex 0.735474 8 1.89818
      vertex 0.735474 6 1.89818
    endloop
  endfacet
  facet normal 0.979243 0 -0.202688
    outer loop
      vertex 1.17874 6 0.725146
      vertex 1.1711 8 0.688235
      vertex 1.17874 8 0.725146
    endloop
  endfacet
  facet normal 0.979243 0 -0.202688
    outer loop
      vertex 1.1711 8 0.688235
      vertex 1.17874 6 0.725146
      vertex 1.1711 6 0.688235
    endloop
  endfacet
  facet normal 0 1 0
    outer loop
      vertex 0.0376892 8 2.1494
      vertex -0.0376892 8 2.1494
      vertex 0 8 2.15
    endloop
  endfacet
  facet normal 0 1 0
    outer loop
      vertex 0.0753479 8 2.14763
      vertex -0.0376892 8 2.1494
      vertex 0.0376892 8 2.1494
    endloop
  endfacet
  facet normal 0 1 0
    outer loop
      vertex 0.0753479 8 2.14763
      vertex -0.0753479 8 2.14763
      vertex -0.0376892 8 2.1494
    endloop
  endfacet
  facet normal 0 1 0
    outer loop
      vertex 0.112915 8 2.14467
      vertex -0.0753479 8 2.14763
      vertex 0.0753479 8 2.14763
    endloop
  endfacet
  facet normal 0 1 0
    outer loop
      vertex 0.112915 8 2.14467
      vertex -0.112915 8 2.14467
      vertex -0.0753479 8 2.14763
    endloop
  endfacet
  facet normal 0 1 0
    outer loop
      vertex 0.150391 8 2.14054
      vertex -0.112915 8 2.14467
      vertex 0.112915 8 2.14467
    endloop
  endfacet
  facet normal 0 1 0
    outer loop
      vertex 0.150391 8 2.14054
      vertex -0.150391 8 2.14054
      vertex -0.112915 8 2.14467
    endloop
  endfacet
  facet normal 0 1 0
    outer loop
      vertex 0.187714 8 2.13521
      vertex -0.150391 8 2.14054
      vertex 0.150391 8 2.14054
    endloop
  endfacet
  facet normal 0 1 0
    outer loop
      vertex 0.187714 8 2.13521
      vertex -0.187714 8 2.13521
      vertex -0.150391 8 2.14054
    endloop
  endfacet
  facet normal 0 1 0
    outer loop
      vertex 0.224854 8 2.12874
      vertex -0.187714 8 2.13521
      vertex 0.187714 8 2.13521
    endloop
  endfacet
  facet normal 0 1 0
    outer loop
      vertex 0.224854 8 2.12874
      vertex -0.224854 8 2.12874
      vertex -0.187714 8 2.13521
    endloop
  endfacet
  facet normal 0 1 0
    outer loop
      vertex 0.261765 8 2.1211
      vertex -0.224854 8 2.12874
      vertex 0.224854 8 2.12874
    endloop
  endfacet
  facet normal 0 1 0
    outer loop
      vertex 0.261765 8 2.1211
      vertex -0.261765 8 2.1211
      vertex -0.224854 8 2.12874
    endloop
  endfacet
  facet normal 0 1 0
    outer loop
      vertex 0.298416 8 2.11229
      vertex -0.261765 8 2.1211
      vertex 0.261765 8 2.1211
    endloop
  endfacet
  facet normal 0 1 0
    outer loop
      vertex 0.298416 8 2.11229
      vertex -0.298416 8 2.11229
      vertex -0.261765 8 2.1211
    endloop
  endfacet
  facet normal 0 1 0
    outer loop
      vertex 0.334778 8 2.10234
      vertex -0.298416 8 2.11229
      vertex 0.298416 8 2.11229
    endloop
  endfacet
  facet normal 0 1 0
    outer loop
      vertex 0.334778 8 2.10234
      vertex -0.334778 8 2.10234
      vertex -0.298416 8 2.11229
    endloop
  endfacet
  facet normal 0 1 0
    outer loop
      vertex 0.370819 8 2.09127
      vertex -0.334778 8 2.10234
      vertex 0.334778 8 2.10234
    endloop
  endfacet
  facet normal 0 1 0
    outer loop
      vertex 0.370819 8 2.09127
      vertex -0.370819 8 2.09127
      vertex -0.334778 8 2.10234
    endloop
  endfacet
  facet normal 0 1 0
    outer loop
      vertex 0.406479 8 2.07904
      vertex -0.370819 8 2.09127
      vertex 0.370819 8 2.09127
    endloop
  endfacet
  facet normal 0 1 0
    outer loop
      vertex 0.406479 8 2.07904
      vertex -0.406479 8 2.07904
      vertex -0.370819 8 2.09127
    endloop
  endfacet
  facet normal 0 1 0
    outer loop
      vertex 0.441742 8 2.06572
      vertex -0.406479 8 2.07904
      vertex 0.406479 8 2.07904
    endloop
  endfacet
  facet normal 0 1 0
    outer loop
      vertex 0.441742 8 2.06572
      vertex -0.441742 8 2.06572
      vertex -0.406479 8 2.07904
    endloop
  endfacet
  facet normal 0 1 0
    outer loop
      vertex 0.476562 8 2.0513
      vertex -0.441742 8 2.06572
      vertex 0.441742 8 2.06572
    endloop
  endfacet
  facet normal 0 1 0
    outer loop
      vertex 0.476562 8 2.0513
      vertex -0.476562 8 2.0513
      vertex -0.441742 8 2.06572
    endloop
  endfacet
  facet normal 0 1 0
    outer loop
      vertex 0.510925 8 2.03578
      vertex -0.476562 8 2.0513
      vertex 0.476562 8 2.0513
    endloop
  endfacet
  facet normal 0 1 0
    outer loop
      vertex 0.510925 8 2.03578
      vertex -0.510925 8 2.03578
      vertex -0.476562 8 2.0513
    endloop
  endfacet
  facet normal 0 1 0
    outer loop
      vertex 0.544785 8 2.0192
      vertex -0.510925 8 2.03578
      vertex 0.510925 8 2.03578
    endloop
  endfacet
  facet normal 0 1 0
    outer loop
      vertex 0.544785 8 2.0192
      vertex -0.544785 8 2.0192
      vertex -0.510925 8 2.03578
    endloop
  endfacet
  facet normal 0 1 0
    outer loop
      vertex 0.578094 8 2.00156
      vertex -0.544785 8 2.0192
      vertex 0.544785 8 2.0192
    endloop
  endfacet
  facet normal 0 1 0
    outer loop
      vertex 0.578094 8 2.00156
      vertex -0.578094 8 2.00156
      vertex -0.544785 8 2.0192
    endloop
  endfacet
  facet normal 0 1 0
    outer loop
      vertex 0.61084 8 1.98288
      vertex -0.578094 8 2.00156
      vertex 0.578094 8 2.00156
    endloop
  endfacet
  facet normal 0 1 0
    outer loop
      vertex 0.61084 8 1.98288
      vertex -0.61084 8 1.98288
      vertex -0.578094 8 2.00156
    endloop
  endfacet
  facet normal 0 1 0
    outer loop
      vertex 0.64299 8 1.96318
      vertex -0.61084 8 1.98288
      vertex 0.61084 8 1.98288
    endloop
  endfacet
  facet normal 0 1 0
    outer loop
      vertex 0.64299 8 1.96318
      vertex -0.64299 8 1.96318
      vertex -0.61084 8 1.98288
    endloop
  endfacet
  facet normal 0 1 0
    outer loop
      vertex 0.6745 8 1.94249
      vertex -0.64299 8 1.96318
      vertex 0.64299 8 1.96318
    endloop
  endfacet
  facet normal 0 1 0
    outer loop
      vertex 0.6745 8 1.94249
      vertex -0.6745 8 1.94249
      vertex -0.64299 8 1.96318
    endloop
  endfacet
  facet normal 0 1 0
    outer loop
      vertex 0.705338 8 1.92081
      vertex -0.6745 8 1.94249
      vertex 0.6745 8 1.94249
    endloop
  endfacet
  facet normal 0 1 0
    outer loop
      vertex 0.705338 8 1.92081
      vertex -0.705338 8 1.92081
      vertex -0.6745 8 1.94249
    endloop
  endfacet
  facet normal 0 1 0
    outer loop
      vertex 0.735474 8 1.89818
      vertex -0.705338 8 1.92081
      vertex 0.705338 8 1.92081
    endloop
  endfacet
  facet normal 0 1 0
    outer loop
      vertex 0.735474 8 1.89818
      vertex -0.735474 8 1.89818
      vertex -0.705338 8 1.92081
    endloop
  endfacet
  facet normal 0 1 0
    outer loop
      vertex 0.764908 8 1.87461
      vertex -0.735474 8 1.89818
      vertex 0.735474 8 1.89818
    endloop
  endfacet
  facet normal 0 1 0
    outer loop
      vertex 0.764908 8 1.87461
      vertex -0.764908 8 1.87461
      vertex -0.735474 8 1.89818
    endloop
  endfacet
  facet normal 0 1 0
    outer loop
      vertex 0.793564 8 1.85013
      vertex -0.764908 8 1.87461
      vertex 0.764908 8 1.87461
    endloop
  endfacet
  facet normal 0 1 0
    outer loop
      vertex 0.793564 8 1.85013
      vertex -0.793564 8 1.85013
      vertex -0.764908 8 1.87461
    endloop
  endfacet
  facet normal 0 1 0
    outer loop
      vertex 0.821442 8 1.82476
      vertex -0.793564 8 1.85013
      vertex 0.793564 8 1.85013
    endloop
  endfacet
  facet normal 0 1 0
    outer loop
      vertex 0.821442 8 1.82476
      vertex -0.821442 8 1.82476
      vertex -0.793564 8 1.85013
    endloop
  endfacet
  facet normal 0 1 0
    outer loop
      vertex 0.848526 8 1.79853
      vertex -0.821442 8 1.82476
      vertex 0.821442 8 1.82476
    endloop
  endfacet
  facet normal 0 1 0
    outer loop
      vertex 0.848526 8 1.79853
      vertex -0.848526 8 1.79853
      vertex -0.821442 8 1.82476
    endloop
  endfacet
  facet normal 0 1 0
    outer loop
      vertex 0.874756 8 1.77144
      vertex -0.848526 8 1.79853
      vertex 0.848526 8 1.79853
    endloop
  endfacet
  facet normal 0 1 0
    outer loop
      vertex 0.874756 8 1.77144
      vertex -0.874756 8 1.77144
      vertex -0.848526 8 1.79853
    endloop
  endfacet
  facet normal 0 1 0
    outer loop
      vertex 0.900131 8 1.74356
      vertex -0.874756 8 1.77144
      vertex 0.874756 8 1.77144
    endloop
  endfacet
  facet normal 0 1 0
    outer loop
      vertex 0.900131 8 1.74356
      vertex -0.900131 8 1.74356
      vertex -0.874756 8 1.77144
    endloop
  endfacet
  facet normal 0 1 0
    outer loop
      vertex 0.924606 8 1.71491
      vertex -0.900131 8 1.74356
      vertex 0.900131 8 1.74356
    endloop
  endfacet
  facet normal 0 1 0
    outer loop
      vertex 0.924606 8 1.71491
      vertex -0.924606 8 1.71491
      vertex -0.900131 8 1.74356
    endloop
  endfacet
  facet normal 0 1 0
    outer loop
      vertex 0.948181 8 1.68547
      vertex -0.924606 8 1.71491
      vertex 0.924606 8 1.71491
    endloop
  endfacet
  facet normal 0 1 0
    outer loop
      vertex 0.948181 8 1.68547
      vertex -0.948181 8 1.68547
      vertex -0.924606 8 1.71491
    endloop
  endfacet
  facet normal 0 1 0
    outer loop
      vertex 0.97081 8 1.65534
      vertex -0.948181 8 1.68547
      vertex 0.948181 8 1.68547
    endloop
  endfacet
  facet normal 0 1 0
    outer loop
      vertex 0.97081 8 1.65534
      vertex -0.97081 8 1.65534
      vertex -0.948181 8 1.68547
    endloop
  endfacet
  facet normal 0 1 0
    outer loop
      vertex 0.992493 8 1.6245
      vertex -0.97081 8 1.65534
      vertex 0.97081 8 1.65534
    endloop
  endfacet
  facet normal 0 1 0
    outer loop
      vertex 0.992493 8 1.6245
      vertex -0.992493 8 1.6245
      vertex -0.97081 8 1.65534
    endloop
  endfacet
  facet normal 0 1 0
    outer loop
      vertex 1.01318 8 1.59299
      vertex -0.992493 8 1.6245
      vertex 0.992493 8 1.6245
    endloop
  endfacet
  facet normal 0 1 0
    outer loop
      vertex 1.01318 8 1.59299
      vertex -1.01318 8 1.59299
      vertex -0.992493 8 1.6245
    endloop
  endfacet
  facet normal 0 1 0
    outer loop
      vertex 1.03288 8 1.56084
      vertex -1.01318 8 1.59299
      vertex 1.01318 8 1.59299
    endloop
  endfacet
  facet normal 0 1 0
    outer loop
      vertex 1.03288 8 1.56084
      vertex -1.03288 8 1.56084
      vertex -1.01318 8 1.59299
    endloop
  endfacet
  facet normal 0 1 0
    outer loop
      vertex 1.05156 8 1.52809
      vertex -1.03288 8 1.56084
      vertex 1.03288 8 1.56084
    endloop
  endfacet
  facet normal 0 1 0
    outer loop
      vertex 1.05156 8 1.52809
      vertex -1.05156 8 1.52809
      vertex -1.03288 8 1.56084
    endloop
  endfacet
  facet normal 0 1 0
    outer loop
      vertex 1.0692 8 1.49478
      vertex -1.05156 8 1.52809
      vertex 1.05156 8 1.52809
    endloop
  endfacet
  facet normal 0 1 0
    outer loop
      vertex 1.0692 8 1.49478
      vertex -1.0692 8 1.49478
      vertex -1.05156 8 1.52809
    endloop
  endfacet
  facet normal 0 1 0
    outer loop
      vertex 1.08578 8 1.46093
      vertex -1.0692 8 1.49478
      vertex 1.0692 8 1.49478
    endloop
  endfacet
  facet normal 0 1 0
    outer loop
      vertex 1.08578 8 1.46093
      vertex -1.08578 8 1.46093
      vertex -1.0692 8 1.49478
    endloop
  endfacet
  facet normal 0 1 0
    outer loop
      vertex 1.1013 8 1.42656
      vertex -1.08578 8 1.46093
      vertex 1.08578 8 1.46093
    endloop
  endfacet
  facet normal 0 1 0
    outer loop
      vertex 1.1013 8 1.42656
      vertex -1.1013 8 1.42656
      vertex -1.08578 8 1.46093
    endloop
  endfacet
  facet normal 0 1 0
    outer loop
      vertex 1.11572 8 1.39174
      vertex -1.1013 8 1.42656
      vertex 1.1013 8 1.42656
    endloop
  endfacet
  facet normal 0 1 0
    outer loop
      vertex 1.11572 8 1.39174
      vertex -1.11572 8 1.39174
      vertex -1.1013 8 1.42656
    endloop
  endfacet
  facet normal 0 1 0
    outer loop
      vertex 1.12904 8 1.35648
      vertex -1.11572 8 1.39174
      vertex 1.11572 8 1.39174
    endloop
  endfacet
  facet normal 0 1 0
    outer loop
      vertex 1.12904 8 1.35648
      vertex -1.12904 8 1.35648
      vertex -1.11572 8 1.39174
    endloop
  endfacet
  facet normal 0 1 0
    outer loop
      vertex 1.14127 8 1.32082
      vertex -1.12904 8 1.35648
      vertex 1.12904 8 1.35648
    endloop
  endfacet
  facet normal 0 1 0
    outer loop
      vertex 1.14127 8 1.32082
      vertex -1.14127 8 1.32082
      vertex -1.12904 8 1.35648
    endloop
  endfacet
  facet normal 0 1 0
    outer loop
      vertex 1.15234 8 1.28478
      vertex -1.14127 8 1.32082
      vertex 1.14127 8 1.32082
    endloop
  endfacet
  facet normal 0 1 0
    outer loop
      vertex 1.15234 8 1.28478
      vertex -1.15234 8 1.28478
      vertex -1.14127 8 1.32082
    endloop
  endfacet
  facet normal 0 1 0
    outer loop
      vertex 1.16229 8 1.24842
      vertex -1.15234 8 1.28478
      vertex 1.15234 8 1.28478
    endloop
  endfacet
  facet normal 0 1 0
    outer loop
      vertex 1.16229 8 1.24842
      vertex -1.16229 8 1.24842
      vertex -1.15234 8 1.28478
    endloop
  endfacet
  facet normal 0 1 0
    outer loop
      vertex 1.1711 8 1.21176
      vertex -1.16229 8 1.24842
      vertex 1.16229 8 1.24842
    endloop
  endfacet
  facet normal 0 1 0
    outer loop
      vertex 1.1711 8 1.21176
      vertex -1.1711 8 1.21176
      vertex -1.16229 8 1.24842
    endloop
  endfacet
  facet normal 0 1 0
    outer loop
      vertex 1.17874 8 1.17485
      vertex -1.1711 8 1.21176
      vertex 1.1711 8 1.21176
    endloop
  endfacet
  facet normal 0 1 0
    outer loop
      vertex 1.17874 8 1.17485
      vertex -1.17874 8 1.17485
      vertex -1.1711 8 1.21176
    endloop
  endfacet
  facet normal 0 1 0
    outer loop
      vertex 1.18521 8 1.13771
      vertex -1.17874 8 1.17485
      vertex 1.17874 8 1.17485
    endloop
  endfacet
  facet normal 0 1 0
    outer loop
      vertex 1.18521 8 1.13771
      vertex -1.18521 8 1.13771
      vertex -1.17874 8 1.17485
    endloop
  endfacet
  facet normal 0 1 0
    outer loop
      vertex 1.19054 8 1.10039
      vertex -1.18521 8 1.13771
      vertex 1.18521 8 1.13771
    endloop
  endfacet
  facet normal 0 1 0
    outer loop
      vertex 1.19054 8 1.10039
      vertex -1.19054 8 1.10039
      vertex -1.18521 8 1.13771
    endloop
  endfacet
  facet normal 0 1 0
    outer loop
      vertex 1.19467 8 1.06292
      vertex -1.19054 8 1.10039
      vertex 1.19054 8 1.10039
    endloop
  endfacet
  facet normal 0 1 0
    outer loop
      vertex 1.19467 8 1.06292
      vertex -1.19467 8 1.06292
      vertex -1.19054 8 1.10039
    endloop
  endfacet
  facet normal 0 1 0
    outer loop
      vertex 1.19763 8 1.02535
      vertex -1.19467 8 1.06292
      vertex 1.19467 8 1.06292
    endloop
  endfacet
  facet normal 0 1 0
    outer loop
      vertex 1.19763 8 1.02535
      vertex -1.19763 8 1.02535
      vertex -1.19467 8 1.06292
    endloop
  endfacet
  facet normal 0 1 0
    outer loop
      vertex 1.1994 8 0.987689
      vertex -1.19763 8 1.02535
      vertex 1.19763 8 1.02535
    endloop
  endfacet
  facet normal 0 1 0
    outer loop
      vertex 1.1994 8 0.987689
      vertex -1.1994 8 0.987689
      vertex -1.19763 8 1.02535
    endloop
  endfacet
  facet normal 0 1 0
    outer loop
      vertex 1.2 8 0.95
      vertex -1.1994 8 0.987689
      vertex 1.1994 8 0.987689
    endloop
  endfacet
  facet normal 0 1 0
    outer loop
      vertex 1.2 8 0.95
      vertex -1.2 8 0.95
      vertex -1.1994 8 0.987689
    endloop
  endfacet
  facet normal 0 1 -0
    outer loop
      vertex 1.1994 8 0.912311
      vertex -1.2 8 0.95
      vertex 1.2 8 0.95
    endloop
  endfacet
  facet normal 0 1 0
    outer loop
      vertex 1.1994 8 0.912311
      vertex -1.1994 8 0.912311
      vertex -1.2 8 0.95
    endloop
  endfacet
  facet normal 0 1 -0
    outer loop
      vertex 1.19763 8 0.874652
      vertex -1.1994 8 0.912311
      vertex 1.1994 8 0.912311
    endloop
  endfacet
  facet normal 0 1 0
    outer loop
      vertex 1.19763 8 0.874652
      vertex -1.19763 8 0.874652
      vertex -1.1994 8 0.912311
    endloop
  endfacet
  facet normal 0 1 -0
    outer loop
      vertex 1.19467 8 0.837085
      vertex -1.19763 8 0.874652
      vertex 1.19763 8 0.874652
    endloop
  endfacet
  facet normal 0 1 0
    outer loop
      vertex 1.19467 8 0.837085
      vertex -1.19467 8 0.837085
      vertex -1.19763 8 0.874652
    endloop
  endfacet
  facet normal 0 1 -0
    outer loop
      vertex 1.19054 8 0.799609
      vertex -1.19467 8 0.837085
      vertex 1.19467 8 0.837085
    endloop
  endfacet
  facet normal 0 1 0
    outer loop
      vertex 1.19054 8 0.799609
      vertex -1.19054 8 0.799609
      vertex -1.19467 8 0.837085
    endloop
  endfacet
  facet normal 0 1 -0
    outer loop
      vertex 1.18521 8 0.762286
      vertex -1.19054 8 0.799609
      vertex 1.19054 8 0.799609
    endloop
  endfacet
  facet normal 0 1 0
    outer loop
      vertex 1.18521 8 0.762286
      vertex -1.18521 8 0.762286
      vertex -1.19054 8 0.799609
    endloop
  endfacet
  facet normal 0 1 -0
    outer loop
      vertex 1.17874 8 0.725146
      vertex -1.18521 8 0.762286
      vertex 1.18521 8 0.762286
    endloop
  endfacet
  facet normal 0 1 0
    outer loop
      vertex 1.17874 8 0.725146
      vertex -1.17874 8 0.725146
      vertex -1.18521 8 0.762286
    endloop
  endfacet
  facet normal 0 1 -0
    outer loop
      vertex 1.1711 8 0.688235
      vertex -1.17874 8 0.725146
      vertex 1.17874 8 0.725146
    endloop
  endfacet
  facet normal 0 1 0
    outer loop
      vertex 1.1711 8 0.688235
      vertex -1.1711 8 0.688235
      vertex -1.17874 8 0.725146
    endloop
  endfacet
  facet normal 0 1 -0
    outer loop
      vertex 1.16229 8 0.651584
      vertex -1.1711 8 0.688235
      vertex 1.1711 8 0.688235
    endloop
  endfacet
  facet normal 0 1 0
    outer loop
      vertex 1.16229 8 0.651584
      vertex -1.16229 8 0.651584
      vertex -1.1711 8 0.688235
    endloop
  endfacet
  facet normal 0 1 -0
    outer loop
      vertex 1.15234 8 0.615222
      vertex -1.16229 8 0.651584
      vertex 1.16229 8 0.651584
    endloop
  endfacet
  facet normal 0 1 0
    outer loop
      vertex 1.15234 8 0.615222
      vertex -1.15234 8 0.615222
      vertex -1.16229 8 0.651584
    endloop
  endfacet
  facet normal 0 1 -0
    outer loop
      vertex 1.14127 8 0.579181
      vertex -1.15234 8 0.615222
      vertex 1.15234 8 0.615222
    endloop
  endfacet
  facet normal 0 1 0
    outer loop
      vertex 1.14127 8 0.579181
      vertex -1.14127 8 0.579181
      vertex -1.15234 8 0.615222
    endloop
  endfacet
  facet normal 0 1 -0
    outer loop
      vertex 1.12904 8 0.543521
      vertex -1.14127 8 0.579181
      vertex 1.14127 8 0.579181
    endloop
  endfacet
  facet normal 0 1 0
    outer loop
      vertex 1.12904 8 0.543521
      vertex -1.12904 8 0.543521
      vertex -1.14127 8 0.579181
    endloop
  endfacet
  facet normal 0 1 -0
    outer loop
      vertex 1.11572 8 0.508258
      vertex -1.12904 8 0.543521
      vertex 1.12904 8 0.543521
    endloop
  endfacet
  facet normal 0 1 0
    outer loop
      vertex 1.11572 8 0.508258
      vertex -1.11572 8 0.508258
      vertex -1.12904 8 0.543521
    endloop
  endfacet
  facet normal 0 1 -0
    outer loop
      vertex 1.1013 8 0.473437
      vertex -1.11572 8 0.508258
      vertex 1.11572 8 0.508258
    endloop
  endfacet
  facet normal 0 1 0
    outer loop
      vertex 1.1013 8 0.473437
      vertex -1.1013 8 0.473437
      vertex -1.11572 8 0.508258
    endloop
  endfacet
  facet normal 0 1 -0
    outer loop
      vertex 1.08578 8 0.439075
      vertex -1.1013 8 0.473437
      vertex 1.1013 8 0.473437
    endloop
  endfacet
  facet normal 0 1 0
    outer loop
      vertex 1.08578 8 0.439075
      vertex -1.08578 8 0.439075
      vertex -1.1013 8 0.473437
    endloop
  endfacet
  facet normal 0 1 -0
    outer loop
      vertex 1.0692 8 0.405215
      vertex -1.08578 8 0.439075
      vertex 1.08578 8 0.439075
    endloop
  endfacet
  facet normal 0 1 0
    outer loop
      vertex 1.0692 8 0.405215
      vertex -1.0692 8 0.405215
      vertex -1.08578 8 0.439075
    endloop
  endfacet
  facet normal 0 1 -0
    outer loop
      vertex 1.05156 8 0.371906
      vertex -1.0692 8 0.405215
      vertex 1.0692 8 0.405215
    endloop
  endfacet
  facet normal 0 1 0
    outer loop
      vertex 1.05156 8 0.371906
      vertex -1.05156 8 0.371906
      vertex -1.0692 8 0.405215
    endloop
  endfacet
  facet normal 0 1 -0
    outer loop
      vertex 1.03288 8 0.33916
      vertex -1.05156 8 0.371906
      vertex 1.05156 8 0.371906
    endloop
  endfacet
  facet normal 0 1 0
    outer loop
      vertex 1.03288 8 0.33916
      vertex -1.03288 8 0.33916
      vertex -1.05156 8 0.371906
    endloop
  endfacet
  facet normal 0 1 -0
    outer loop
      vertex 1.01318 8 0.30701
      vertex -1.03288 8 0.33916
      vertex 1.03288 8 0.33916
    endloop
  endfacet
  facet normal 0 1 0
    outer loop
      vertex 1.01318 8 0.30701
      vertex -1.01318 8 0.30701
      vertex -1.03288 8 0.33916
    endloop
  endfacet
  facet normal 0 1 -0
    outer loop
      vertex 0.992493 8 0.2755
      vertex -1.01318 8 0.30701
      vertex 1.01318 8 0.30701
    endloop
  endfacet
  facet normal 0 1 0
    outer loop
      vertex 0.992493 8 0.2755
      vertex -0.992493 8 0.2755
      vertex -1.01318 8 0.30701
    endloop
  endfacet
  facet normal 0 1 -0
    outer loop
      vertex 0.97081 8 0.244662
      vertex -0.992493 8 0.2755
      vertex 0.992493 8 0.2755
    endloop
  endfacet
  facet normal 0 1 0
    outer loop
      vertex 0.97081 8 0.244662
      vertex -0.97081 8 0.244662
      vertex -0.992493 8 0.2755
    endloop
  endfacet
  facet normal 0 1 -0
    outer loop
      vertex 0.948181 8 0.214526
      vertex -0.97081 8 0.244662
      vertex 0.97081 8 0.244662
    endloop
  endfacet
  facet normal 0 1 0
    outer loop
      vertex 0.948181 8 0.214526
      vertex -0.948181 8 0.214526
      vertex -0.97081 8 0.244662
    endloop
  endfacet
  facet normal 0 1 -0
    outer loop
      vertex 0.924606 8 0.185092
      vertex -0.948181 8 0.214526
      vertex 0.948181 8 0.214526
    endloop
  endfacet
  facet normal 0 1 0
    outer loop
      vertex 0.924606 8 0.185092
      vertex -0.924606 8 0.185092
      vertex -0.948181 8 0.214526
    endloop
  endfacet
  facet normal 0 1 -0
    outer loop
      vertex 0.900131 8 0.156436
      vertex -0.924606 8 0.185092
      vertex 0.924606 8 0.185092
    endloop
  endfacet
  facet normal 0 1 0
    outer loop
      vertex 0.900131 8 0.156436
      vertex -0.900131 8 0.156436
      vertex -0.924606 8 0.185092
    endloop
  endfacet
  facet normal 0 1 -0
    outer loop
      vertex 0.874756 8 0.128558
      vertex -0.900131 8 0.156436
      vertex 0.900131 8 0.156436
    endloop
  endfacet
  facet normal 0 1 0
    outer loop
      vertex 0.874756 8 0.128558
      vertex -0.874756 8 0.128558
      vertex -0.900131 8 0.156436
    endloop
  endfacet
  facet normal 0 1 -0
    outer loop
      vertex 0.848526 8 0.101474
      vertex -0.874756 8 0.128558
      vertex 0.874756 8 0.128558
    endloop
  endfacet
  facet normal 0 1 0
    outer loop
      vertex 0.848526 8 0.101474
      vertex -0.848526 8 0.101474
      vertex -0.874756 8 0.128558
    endloop
  endfacet
  facet normal 0 1 -0
    outer loop
      vertex 0.821442 8 0.0752441
      vertex -0.848526 8 0.101474
      vertex 0.848526 8 0.101474
    endloop
  endfacet
  facet normal 0 1 0
    outer loop
      vertex 0.821442 8 0.0752441
      vertex -0.821442 8 0.0752441
      vertex -0.848526 8 0.101474
    endloop
  endfacet
  facet normal 0 1 -0
    outer loop
      vertex 0.793564 8 0.0498688
      vertex -0.821442 8 0.0752441
      vertex 0.821442 8 0.0752441
    endloop
  endfacet
  facet normal 0 1 0
    outer loop
      vertex 0.793564 8 0.0498688
      vertex -0.793564 8 0.0498688
      vertex -0.821442 8 0.0752441
    endloop
  endfacet
  facet normal 0 1 -0
    outer loop
      vertex 0.764908 8 0.0253937
      vertex -0.793564 8 0.0498688
      vertex 0.793564 8 0.0498688
    endloop
  endfacet
  facet normal 0 1 0
    outer loop
      vertex 0.764908 8 0.0253937
      vertex -0.764908 8 0.0253937
      vertex -0.793564 8 0.0498688
    endloop
  endfacet
  facet normal 0 1 0
    outer loop
      vertex 0.733063 8 3.05176e-06
      vertex 0.764908 8 0.0253937
      vertex 0.735474 8 0.00181885
    endloop
  endfacet
  facet normal 0 1 0
    outer loop
      vertex 0.764908 8 0.0253937
      vertex 0.733063 8 3.05176e-06
      vertex -0.764908 8 0.0253937
    endloop
  endfacet
  facet normal 0 1 -0
    outer loop
      vertex -0.733063 8 3.05176e-06
      vertex -0.764908 8 0.0253937
      vertex 0.733063 8 3.05176e-06
    endloop
  endfacet
  facet normal 0 1 0
    outer loop
      vertex -0.764908 8 0.0253937
      vertex -0.733063 8 3.05176e-06
      vertex -0.735474 8 0.00181885
    endloop
  endfacet
  facet normal 0.852658 0 -0.522469
    outer loop
      vertex 1.03288 6 0.33916
      vertex 1.01318 8 0.30701
      vertex 1.03288 8 0.33916
    endloop
  endfacet
  facet normal 0.852658 0 -0.522469
    outer loop
      vertex 1.01318 8 0.30701
      vertex 1.03288 6 0.33916
      vertex 1.01318 6 0.30701
    endloop
  endfacet
  facet normal -0.835944 0 -0.548815
    outer loop
      vertex -0.992493 6 0.2755
      vertex -1.01318 8 0.30701
      vertex -0.992493 8 0.2755
    endloop
  endfacet
  facet normal -0.835944 -0 -0.548815
    outer loop
      vertex -1.01318 8 0.30701
      vertex -0.992493 6 0.2755
      vertex -1.01318 6 0.30701
    endloop
  endfacet
  facet normal -0.649532 6.16824e-19 0.760334
    outer loop
      vertex -0.793564 8 1.85013
      vertex -0.764908 6 1.87461
      vertex -0.764908 8 1.87461
    endloop
  endfacet
  facet normal -0.649532 6.16824e-19 0.760334
    outer loop
      vertex -0.764908 6 1.87461
      vertex -0.793564 8 1.85013
      vertex -0.793564 6 1.85013
    endloop
  endfacet
  facet normal 0.739526 0 -0.673128
    outer loop
      vertex 0.900131 6 0.156436
      vertex 0.874756 8 0.128558
      vertex 0.900131 8 0.156436
    endloop
  endfacet
  facet normal 0.739526 0 -0.673128
    outer loop
      vertex 0.874756 8 0.128558
      vertex 0.900131 6 0.156436
      vertex 0.874756 6 0.128558
    endloop
  endfacet
  facet normal 0.868609 0 -0.495499
    outer loop
      vertex 1.05156 6 0.371906
      vertex 1.03288 8 0.33916
      vertex 1.05156 8 0.371906
    endloop
  endfacet
  facet normal 0.868609 0 -0.495499
    outer loop
      vertex 1.03288 8 0.33916
      vertex 1.05156 6 0.371906
      vertex 1.03288 6 0.33916
    endloop
  endfacet
  facet normal 0.673133 6.03096e-19 -0.739522
    outer loop
      vertex 0.793564 6 0.0498688
      vertex 0.821442 8 0.0752441
      vertex 0.821442 6 0.0752441
    endloop
  endfacet
  facet normal 0.673133 6.03096e-19 -0.739522
    outer loop
      vertex 0.821442 8 0.0752441
      vertex 0.793564 6 0.0498688
      vertex 0.793564 8 0.0498688
    endloop
  endfacet
  facet normal 0.495499 6.52091e-19 0.868609
    outer loop
      vertex 0.578094 8 2.00156
      vertex 0.61084 6 1.98288
      vertex 0.61084 8 1.98288
    endloop
  endfacet
  facet normal 0.495499 6.52091e-19 0.868609
    outer loop
      vertex 0.61084 6 1.98288
      vertex 0.578094 8 2.00156
      vertex 0.578094 6 2.00156
    endloop
  endfacet
  facet normal -0.979243 0 -0.202688
    outer loop
      vertex -1.1711 6 0.688235
      vertex -1.17874 8 0.725146
      vertex -1.1711 8 0.688235
    endloop
  endfacet
  facet normal -0.979243 -0 -0.202688
    outer loop
      vertex -1.17874 8 0.725146
      vertex -1.1711 6 0.688235
      vertex -1.17874 6 0.725146
    endloop
  endfacet
  facet normal -0.993982 0 -0.109541
    outer loop
      vertex -1.19054 6 0.799609
      vertex -1.19467 8 0.837085
      vertex -1.19054 8 0.799609
    endloop
  endfacet
  facet normal -0.993982 -0 -0.109541
    outer loop
      vertex -1.19467 8 0.837085
      vertex -1.19054 6 0.799609
      vertex -1.19467 6 0.837085
    endloop
  endfacet
  facet normal 0.600475 -1.15725e-19 0.799643
    outer loop
      vertex 0.705338 8 1.92081
      vertex 0.735474 6 1.89818
      vertex 0.735474 8 1.89818
    endloop
  endfacet
  facet normal 0.600475 -1.15725e-19 0.799643
    outer loop
      vertex 0.735474 6 1.89818
      vertex 0.705338 8 1.92081
      vertex 0.705338 6 1.92081
    endloop
  endfacet
  facet normal -0.868609 0 -0.495499
    outer loop
      vertex -1.03288 6 0.33916
      vertex -1.05156 8 0.371906
      vertex -1.03288 8 0.33916
    endloop
  endfacet
  facet normal -0.868609 -0 -0.495499
    outer loop
      vertex -1.05156 8 0.371906
      vertex -1.03288 6 0.33916
      vertex -1.05156 6 0.371906
    endloop
  endfacet
  facet normal -0.868635 0 0.495453
    outer loop
      vertex -1.05156 6 1.52809
      vertex -1.03288 8 1.56084
      vertex -1.05156 8 1.52809
    endloop
  endfacet
  facet normal -0.868635 0 0.495453
    outer loop
      vertex -1.03288 8 1.56084
      vertex -1.05156 6 1.52809
      vertex -1.03288 6 1.56084
    endloop
  endfacet
  facet normal -0.998897 0 -0.0469489
    outer loop
      vertex -1.19763 6 0.874652
      vertex -1.1994 8 0.912311
      vertex -1.19763 8 0.874652
    endloop
  endfacet
  facet normal -0.998897 -0 -0.0469489
    outer loop
      vertex -1.1994 8 0.912311
      vertex -1.19763 6 0.874652
      vertex -1.1994 6 0.912311
    endloop
  endfacet
  facet normal -0.601599 8.57213e-21 -0.798798
    outer loop
      vertex -0.735474 6 0.00181885
      vertex -0.733063 8 3.05176e-06
      vertex -0.733063 6 3.05176e-06
    endloop
  endfacet
  facet normal -0.601599 8.57213e-21 -0.798798
    outer loop
      vertex -0.733063 8 3.05176e-06
      vertex -0.735474 6 0.00181885
      vertex -0.735474 8 0.00181885
    endloop
  endfacet
  facet normal 0.141373 8.89682e-20 0.989956
    outer loop
      vertex 0.150391 8 2.14054
      vertex 0.187714 6 2.13521
      vertex 0.187714 8 2.13521
    endloop
  endfacet
  facet normal 0.141373 8.89682e-20 0.989956
    outer loop
      vertex 0.187714 6 2.13521
      vertex 0.150391 8 2.14054
      vertex 0.150391 6 2.14054
    endloop
  endfacet
  facet normal 0.73955 -0 0.673102
    outer loop
      vertex 0.874756 6 1.77144
      vertex 0.900131 8 1.74356
      vertex 0.874756 8 1.77144
    endloop
  endfacet
  facet normal 0.73955 0 0.673102
    outer loop
      vertex 0.900131 8 1.74356
      vertex 0.874756 6 1.77144
      vertex 0.900131 6 1.74356
    endloop
  endfacet
  facet normal -0.955925 0 -0.293612
    outer loop
      vertex -1.14127 6 0.579181
      vertex -1.15234 8 0.615222
      vertex -1.14127 8 0.579181
    endloop
  endfacet
  facet normal -0.955925 -0 -0.293612
    outer loop
      vertex -1.15234 8 0.615222
      vertex -1.14127 6 0.579181
      vertex -1.15234 6 0.615222
    endloop
  endfacet
  facet normal 0.985163 -0 0.171621
    outer loop
      vertex 1.17874 6 1.17485
      vertex 1.18521 8 1.13771
      vertex 1.17874 8 1.17485
    endloop
  endfacet
  facet normal 0.985163 0 0.171621
    outer loop
      vertex 1.18521 8 1.13771
      vertex 1.17874 6 1.17485
      vertex 1.18521 6 1.13771
    endloop
  endfacet
  facet normal 0.998897 0 -0.0469489
    outer loop
      vertex 1.1994 6 0.912311
      vertex 1.19763 8 0.874652
      vertex 1.1994 8 0.912311
    endloop
  endfacet
  facet normal 0.998897 0 -0.0469489
    outer loop
      vertex 1.19763 8 0.874652
      vertex 1.1994 6 0.912311
      vertex 1.19763 6 0.874652
    endloop
  endfacet
  facet normal 0.923911 0 -0.382608
    outer loop
      vertex 1.11572 6 0.508258
      vertex 1.1013 8 0.473437
      vertex 1.11572 8 0.508258
    endloop
  endfacet
  facet normal 0.923911 0 -0.382608
    outer loop
      vertex 1.1013 8 0.473437
      vertex 1.11572 6 0.508258
      vertex 1.1013 6 0.473437
    endloop
  endfacet
  facet normal -0.141373 -8.89682e-20 0.989956
    outer loop
      vertex -0.187714 8 2.13521
      vertex -0.150391 6 2.14054
      vertex -0.150391 8 2.14054
    endloop
  endfacet
  facet normal -0.141373 -8.89682e-20 0.989956
    outer loop
      vertex -0.150391 6 2.14054
      vertex -0.187714 8 2.13521
      vertex -0.187714 6 2.13521
    endloop
  endfacet
  facet normal 0.818046 -0 0.575152
    outer loop
      vertex 0.97081 6 1.65534
      vertex 0.992493 8 1.6245
      vertex 0.97081 8 1.65534
    endloop
  endfacet
  facet normal 0.818046 0 0.575152
    outer loop
      vertex 0.992493 8 1.6245
      vertex 0.97081 6 1.65534
      vertex 0.992493 6 1.6245
    endloop
  endfacet
  facet normal 0.911354 0 -0.411624
    outer loop
      vertex 1.1013 6 0.473437
      vertex 1.08578 8 0.439075
      vertex 1.1013 8 0.473437
    endloop
  endfacet
  facet normal 0.911354 0 -0.411624
    outer loop
      vertex 1.08578 8 0.439075
      vertex 1.1013 6 0.473437
      vertex 1.08578 6 0.439075
    endloop
  endfacet
  facet normal -0.382617 -4.80728e-19 0.923907
    outer loop
      vertex -0.476562 8 2.0513
      vertex -0.441742 6 2.06572
      vertex -0.441742 8 2.06572
    endloop
  endfacet
  facet normal -0.382617 -4.80728e-19 0.923907
    outer loop
      vertex -0.441742 6 2.06572
      vertex -0.476562 8 2.0513
      vertex -0.476562 6 2.0513
    endloop
  endfacet
  facet normal 0.964541 0 -0.263934
    outer loop
      vertex 1.16229 6 0.651584
      vertex 1.15234 8 0.615222
      vertex 1.16229 8 0.651584
    endloop
  endfacet
  facet normal 0.964541 0 -0.263934
    outer loop
      vertex 1.15234 8 0.615222
      vertex 1.16229 6 0.651584
      vertex 1.15234 6 0.615222
    endloop
  endfacet
  facet normal -0.468008 -3.73578e-19 0.883724
    outer loop
      vertex -0.578094 8 2.00156
      vertex -0.544785 6 2.0192
      vertex -0.544785 8 2.0192
    endloop
  endfacet
  facet normal -0.468008 -3.73578e-19 0.883724
    outer loop
      vertex -0.544785 6 2.0192
      vertex -0.578094 8 2.00156
      vertex -0.578094 6 2.00156
    endloop
  endfacet
  facet normal 0.799599 -0 0.600535
    outer loop
      vertex 0.948181 6 1.68547
      vertex 0.97081 8 1.65534
      vertex 0.948181 8 1.68547
    endloop
  endfacet
  facet normal 0.799599 0 0.600535
    outer loop
      vertex 0.97081 8 1.65534
      vertex 0.948181 6 1.68547
      vertex 0.97081 6 1.65534
    endloop
  endfacet
  facet normal 0.780571 -0 0.625067
    outer loop
      vertex 0.924606 6 1.71491
      vertex 0.948181 8 1.68547
      vertex 0.924606 8 1.71491
    endloop
  endfacet
  facet normal 0.780571 0 0.625067
    outer loop
      vertex 0.948181 8 1.68547
      vertex 0.924606 6 1.71491
      vertex 0.948181 6 1.68547
    endloop
  endfacet
  facet normal 0.972317 -0 0.233664
    outer loop
      vertex 1.16229 6 1.24842
      vertex 1.1711 8 1.21176
      vertex 1.16229 8 1.24842
    endloop
  endfacet
  facet normal 0.972317 0 0.233664
    outer loop
      vertex 1.1711 8 1.21176
      vertex 1.16229 6 1.24842
      vertex 1.1711 6 1.21176
    endloop
  endfacet
  facet normal -0.109541 5.42262e-20 0.993982
    outer loop
      vertex -0.150391 8 2.14054
      vertex -0.112915 6 2.14467
      vertex -0.112915 8 2.14467
    endloop
  endfacet
  facet normal -0.109541 5.42262e-20 0.993982
    outer loop
      vertex -0.112915 6 2.14467
      vertex -0.150391 8 2.14054
      vertex -0.150391 6 2.14054
    endloop
  endfacet
  facet normal -0.202688 1.51345e-19 0.979243
    outer loop
      vertex -0.261765 8 2.1211
      vertex -0.224854 6 2.12874
      vertex -0.224854 8 2.12874
    endloop
  endfacet
  facet normal -0.202688 1.51345e-19 0.979243
    outer loop
      vertex -0.224854 6 2.12874
      vertex -0.261765 8 2.1211
      vertex -0.261765 6 2.1211
    endloop
  endfacet
  facet normal 0.985163 0 -0.171621
    outer loop
      vertex 1.18521 6 0.762286
      vertex 1.17874 8 0.725146
      vertex 1.18521 8 0.762286
    endloop
  endfacet
  facet normal 0.985163 0 -0.171621
    outer loop
      vertex 1.17874 8 0.725146
      vertex 1.18521 6 0.762286
      vertex 1.17874 6 0.725146
    endloop
  endfacet
  facet normal 0.324412 -1.81327e-19 0.945916
    outer loop
      vertex 0.370819 8 2.09127
      vertex 0.406479 6 2.07904
      vertex 0.406479 8 2.07904
    endloop
  endfacet
  facet normal 0.324412 -1.81327e-19 0.945916
    outer loop
      vertex 0.406479 6 2.07904
      vertex 0.370819 8 2.09127
      vertex 0.370819 6 2.09127
    endloop
  endfacet
  facet normal 0.468008 3.73578e-19 0.883724
    outer loop
      vertex 0.544785 8 2.0192
      vertex 0.578094 6 2.00156
      vertex 0.578094 8 2.00156
    endloop
  endfacet
  facet normal 0.468008 3.73578e-19 0.883724
    outer loop
      vertex 0.578094 6 2.00156
      vertex 0.544785 8 2.0192
      vertex 0.544785 6 2.0192
    endloop
  endfacet
  facet normal 0.673056 5.77133e-19 0.739592
    outer loop
      vertex 0.793564 8 1.85013
      vertex 0.821442 6 1.82476
      vertex 0.821442 8 1.82476
    endloop
  endfacet
  facet normal 0.673056 5.77133e-19 0.739592
    outer loop
      vertex 0.821442 6 1.82476
      vertex 0.793564 8 1.85013
      vertex 0.793564 6 1.85013
    endloop
  endfacet
  facet normal -0.0469493 4.62492e-20 0.998897
    outer loop
      vertex -0.0753479 8 2.14763
      vertex -0.0376892 6 2.1494
      vertex -0.0376892 8 2.1494
    endloop
  endfacet
  facet normal -0.0469493 4.62492e-20 0.998897
    outer loop
      vertex -0.0376892 6 2.1494
      vertex -0.0753479 8 2.14763
      vertex -0.0753479 6 2.14763
    endloop
  endfacet
  facet normal 0.835944 -0 0.548815
    outer loop
      vertex 0.992493 6 1.6245
      vertex 1.01318 8 1.59299
      vertex 0.992493 8 1.6245
    endloop
  endfacet
  facet normal 0.835944 0 0.548815
    outer loop
      vertex 1.01318 8 1.59299
      vertex 0.992493 6 1.6245
      vertex 1.01318 6 1.59299
    endloop
  endfacet
  facet normal 0.171621 -1.47184e-19 0.985163
    outer loop
      vertex 0.187714 8 2.13521
      vertex 0.224854 6 2.12874
      vertex 0.224854 8 2.12874
    endloop
  endfacet
  facet normal 0.171621 -1.47184e-19 0.985163
    outer loop
      vertex 0.224854 6 2.12874
      vertex 0.187714 8 2.13521
      vertex 0.187714 6 2.13521
    endloop
  endfacet
  facet normal 0.353364 2.37184e-19 0.935486
    outer loop
      vertex 0.406479 8 2.07904
      vertex 0.441742 6 2.06572
      vertex 0.441742 8 2.06572
    endloop
  endfacet
  facet normal 0.353364 2.37184e-19 0.935486
    outer loop
      vertex 0.441742 6 2.06572
      vertex 0.406479 8 2.07904
      vertex 0.406479 6 2.07904
    endloop
  endfacet
  facet normal 0.718341 0 -0.695691
    outer loop
      vertex 0.874756 6 0.128558
      vertex 0.848526 8 0.101474
      vertex 0.874756 8 0.128558
    endloop
  endfacet
  facet normal 0.718341 0 -0.695691
    outer loop
      vertex 0.848526 8 0.101474
      vertex 0.874756 6 0.128558
      vertex 0.848526 6 0.101474
    endloop
  endfacet
  facet normal 0.979242 -0 0.202693
    outer loop
      vertex 1.1711 6 1.21176
      vertex 1.17874 8 1.17485
      vertex 1.1711 8 1.21176
    endloop
  endfacet
  facet normal 0.979242 0 0.202693
    outer loop
      vertex 1.17874 8 1.17485
      vertex 1.1711 6 1.21176
      vertex 1.17874 6 1.17485
    endloop
  endfacet
  facet normal 0.411614 1.98697e-19 0.911358
    outer loop
      vertex 0.476562 8 2.0513
      vertex 0.510925 6 2.03578
      vertex 0.510925 8 2.03578
    endloop
  endfacet
  facet normal 0.411614 1.98697e-19 0.911358
    outer loop
      vertex 0.510925 6 2.03578
      vertex 0.476562 8 2.0513
      vertex 0.476562 6 2.0513
    endloop
  endfacet
  facet normal 0.575124 -1.57258e-19 0.818066
    outer loop
      vertex 0.6745 8 1.94249
      vertex 0.705338 6 1.92081
      vertex 0.705338 8 1.92081
    endloop
  endfacet
  facet normal 0.575124 -1.57258e-19 0.818066
    outer loop
      vertex 0.705338 6 1.92081
      vertex 0.6745 8 1.94249
      vertex 0.6745 6 1.94249
    endloop
  endfacet
  facet normal -0.0159177 2.16522e-20 0.999873
    outer loop
      vertex -0.0376892 8 2.1494
      vertex 0 6 2.15
      vertex 0 8 2.15
    endloop
  endfacet
  facet normal -0.0159177 2.16522e-20 0.999873
    outer loop
      vertex 0 6 2.15
      vertex -0.0376892 8 2.1494
      vertex -0.0376892 6 2.1494
    endloop
  endfacet
  facet normal 0.996911 -0 0.0785429
    outer loop
      vertex 1.19467 6 1.06292
      vertex 1.19763 8 1.02535
      vertex 1.19467 8 1.06292
    endloop
  endfacet
  facet normal 0.996911 0 0.0785429
    outer loop
      vertex 1.19763 8 1.02535
      vertex 1.19467 6 1.06292
      vertex 1.19763 6 1.02535
    endloop
  endfacet
  facet normal -0.233718 -3.40112e-19 0.972304
    outer loop
      vertex -0.298416 8 2.11229
      vertex -0.261765 6 2.1211
      vertex -0.261765 8 2.1211
    endloop
  endfacet
  facet normal -0.233718 -3.40112e-19 0.972304
    outer loop
      vertex -0.261765 6 2.1211
      vertex -0.298416 8 2.11229
      vertex -0.298416 6 2.11229
    endloop
  endfacet
  facet normal 0.999873 -0 0.0159177
    outer loop
      vertex 1.1994 6 0.987689
      vertex 1.2 8 0.95
      vertex 1.1994 8 0.987689
    endloop
  endfacet
  facet normal 0.999873 0 0.0159177
    outer loop
      vertex 1.2 8 0.95
      vertex 1.1994 6 0.987689
      vertex 1.2 6 0.95
    endloop
  endfacet
  facet normal -0.964541 0 -0.263934
    outer loop
      vertex -1.15234 6 0.615222
      vertex -1.16229 8 0.651584
      vertex -1.15234 8 0.615222
    endloop
  endfacet
  facet normal -0.964541 -0 -0.263934
    outer loop
      vertex -1.16229 8 0.651584
      vertex -1.15234 6 0.615222
      vertex -1.16229 6 0.651584
    endloop
  endfacet
  facet normal 0.382617 4.80728e-19 0.923907
    outer loop
      vertex 0.441742 8 2.06572
      vertex 0.476562 6 2.0513
      vertex 0.476562 8 2.0513
    endloop
  endfacet
  facet normal 0.382617 4.80728e-19 0.923907
    outer loop
      vertex 0.476562 6 2.0513
      vertex 0.441742 8 2.06572
      vertex 0.441742 6 2.06572
    endloop
  endfacet
  facet normal 0.989955 -0 0.141384
    outer loop
      vertex 1.18521 6 1.13771
      vertex 1.19054 8 1.10039
      vertex 1.18521 8 1.13771
    endloop
  endfacet
  facet normal 0.989955 0 0.141384
    outer loop
      vertex 1.19054 8 1.10039
      vertex 1.18521 6 1.13771
      vertex 1.19054 6 1.10039
    endloop
  endfacet
  facet normal -0.324412 1.81327e-19 0.945916
    outer loop
      vertex -0.406479 8 2.07904
      vertex -0.370819 6 2.09127
      vertex -0.370819 8 2.09127
    endloop
  endfacet
  facet normal -0.324412 1.81327e-19 0.945916
    outer loop
      vertex -0.370819 6 2.09127
      vertex -0.406479 8 2.07904
      vertex -0.406479 6 2.07904
    endloop
  endfacet
  facet normal -0.945916 0 -0.324412
    outer loop
      vertex -1.12904 6 0.543521
      vertex -1.14127 8 0.579181
      vertex -1.12904 8 0.543521
    endloop
  endfacet
  facet normal -0.945916 -0 -0.324412
    outer loop
      vertex -1.14127 8 0.579181
      vertex -1.12904 6 0.543521
      vertex -1.14127 6 0.579181
    endloop
  endfacet
  facet normal 0.780509 0 -0.625144
    outer loop
      vertex 0.948181 6 0.214526
      vertex 0.924606 8 0.185092
      vertex 0.948181 8 0.214526
    endloop
  endfacet
  facet normal 0.780509 0 -0.625144
    outer loop
      vertex 0.924606 8 0.185092
      vertex 0.948181 6 0.214526
      vertex 0.924606 6 0.185092
    endloop
  endfacet
  facet normal 0.998897 -0 0.0469464
    outer loop
      vertex 1.19763 6 1.02535
      vertex 1.1994 8 0.987689
      vertex 1.19763 8 1.02535
    endloop
  endfacet
  facet normal 0.998897 0 0.0469464
    outer loop
      vertex 1.1994 8 0.987689
      vertex 1.19763 6 1.02535
      vertex 1.1994 6 0.987689
    endloop
  endfacet
  facet normal 0.945916 0 -0.324412
    outer loop
      vertex 1.14127 6 0.579181
      vertex 1.12904 8 0.543521
      vertex 1.14127 8 0.579181
    endloop
  endfacet
  facet normal 0.945916 0 -0.324412
    outer loop
      vertex 1.12904 8 0.543521
      vertex 1.14127 6 0.579181
      vertex 1.12904 6 0.543521
    endloop
  endfacet
  facet normal 0.898058 -0 0.439876
    outer loop
      vertex 1.0692 6 1.49478
      vertex 1.08578 8 1.46093
      vertex 1.0692 8 1.49478
    endloop
  endfacet
  facet normal 0.898058 0 0.439876
    outer loop
      vertex 1.08578 8 1.46093
      vertex 1.0692 6 1.49478
      vertex 1.08578 6 1.46093
    endloop
  endfacet
  facet normal -0.935486 0 -0.353364
    outer loop
      vertex -1.11572 6 0.508258
      vertex -1.12904 8 0.543521
      vertex -1.11572 8 0.508258
    endloop
  endfacet
  facet normal -0.935486 -0 -0.353364
    outer loop
      vertex -1.12904 8 0.543521
      vertex -1.11572 6 0.508258
      vertex -1.12904 6 0.543521
    endloop
  endfacet
  facet normal 0.263934 -7.58628e-22 0.964541
    outer loop
      vertex 0.298416 8 2.11229
      vertex 0.334778 6 2.10234
      vertex 0.334778 8 2.10234
    endloop
  endfacet
  facet normal 0.263934 -7.58628e-22 0.964541
    outer loop
      vertex 0.334778 6 2.10234
      vertex 0.298416 8 2.11229
      vertex 0.298416 6 2.11229
    endloop
  endfacet
  facet normal 0.293612 2.4469e-19 0.955925
    outer loop
      vertex 0.334778 8 2.10234
      vertex 0.370819 6 2.09127
      vertex 0.370819 8 2.09127
    endloop
  endfacet
  facet normal 0.293612 2.4469e-19 0.955925
    outer loop
      vertex 0.370819 6 2.09127
      vertex 0.334778 8 2.10234
      vertex 0.334778 6 2.10234
    endloop
  endfacet
  facet normal 0.935486 0 -0.353364
    outer loop
      vertex 1.12904 6 0.543521
      vertex 1.11572 8 0.508258
      vertex 1.12904 8 0.543521
    endloop
  endfacet
  facet normal 0.935486 0 -0.353364
    outer loop
      vertex 1.11572 8 0.508258
      vertex 1.12904 6 0.543521
      vertex 1.11572 6 0.508258
    endloop
  endfacet
  facet normal 0.868286 0 -0.496063
    outer loop
      vertex 1.70879 -4.5 0.0105927
      vertex 1.70274 6 3.05176e-06
      vertex 1.70879 6 0.0105927
    endloop
  endfacet
  facet normal 0.868286 0 -0.496063
    outer loop
      vertex 1.70274 6 3.05176e-06
      vertex 1.70879 -4.5 0.0105927
      vertex 1.70274 -4.5 3.05176e-06
    endloop
  endfacet
  facet normal -0.852688 0 0.52242
    outer loop
      vertex -1.67844 -4.5 1.94263
      vertex -1.64644 6 1.99486
      vertex -1.67844 6 1.94263
    endloop
  endfacet
  facet normal -0.852688 0 0.52242
    outer loop
      vertex -1.64644 6 1.99486
      vertex -1.67844 -4.5 1.94263
      vertex -1.64644 -4.5 1.99486
    endloop
  endfacet
  facet normal 0.38265 1.53813e-19 0.923893
    outer loop
      vertex 0.717834 6 2.76305
      vertex 0.774429 -4.5 2.73961
      vertex 0.774429 6 2.73961
    endloop
  endfacet
  facet normal 0.38265 1.53813e-19 0.923893
    outer loop
      vertex 0.774429 -4.5 2.73961
      vertex 0.717834 6 2.76305
      vertex 0.717834 -4.5 2.76305
    endloop
  endfacet
  facet normal -0.868675 0 0.495383
    outer loop
      vertex -1.70879 -4.5 1.88941
      vertex -1.67844 6 1.94263
      vertex -1.70879 6 1.88941
    endloop
  endfacet
  facet normal -0.868675 0 0.495383
    outer loop
      vertex -1.67844 6 1.94263
      vertex -1.70879 -4.5 1.88941
      vertex -1.67844 -4.5 1.94263
    endloop
  endfacet
  facet normal -0.88373 0 -0.467998
    outer loop
      vertex -1.70879 -4.5 0.0105927
      vertex -1.73746 6 0.0647308
      vertex -1.70879 6 0.0105927
    endloop
  endfacet
  facet normal -0.88373 -0 -0.467998
    outer loop
      vertex -1.73746 6 0.0647308
      vertex -1.70879 -4.5 0.0105927
      vertex -1.73746 -4.5 0.0647308
    endloop
  endfacet
  facet normal 0 -1 0
    outer loop
      vertex -0.0612488 -4.5 2.89904
      vertex 0.0612488 -4.5 2.89904
      vertex 0 -4.5 2.9
    endloop
  endfacet
  facet normal 0 -1 0
    outer loop
      vertex -0.122437 -4.5 2.89615
      vertex 0.0612488 -4.5 2.89904
      vertex -0.0612488 -4.5 2.89904
    endloop
  endfacet
  facet normal 0 -1 0
    outer loop
      vertex -0.122437 -4.5 2.89615
      vertex 0.122437 -4.5 2.89615
      vertex 0.0612488 -4.5 2.89904
    endloop
  endfacet
  facet normal 0 -1 0
    outer loop
      vertex -0.183502 -4.5 2.89135
      vertex 0.122437 -4.5 2.89615
      vertex -0.122437 -4.5 2.89615
    endloop
  endfacet
  facet normal 0 -1 0
    outer loop
      vertex -0.183502 -4.5 2.89135
      vertex 0.183502 -4.5 2.89135
      vertex 0.122437 -4.5 2.89615
    endloop
  endfacet
  facet normal 0 -1 0
    outer loop
      vertex -0.244385 -4.5 2.88462
      vertex 0.183502 -4.5 2.89135
      vertex -0.183502 -4.5 2.89135
    endloop
  endfacet
  facet normal 0 -1 0
    outer loop
      vertex -0.244385 -4.5 2.88462
      vertex 0.244385 -4.5 2.88462
      vertex 0.183502 -4.5 2.89135
    endloop
  endfacet
  facet normal 0 -1 0
    outer loop
      vertex -0.305038 -4.5 2.87598
      vertex 0.244385 -4.5 2.88462
      vertex -0.244385 -4.5 2.88462
    endloop
  endfacet
  facet normal 0 -1 0
    outer loop
      vertex -0.305038 -4.5 2.87598
      vertex 0.305038 -4.5 2.87598
      vertex 0.244385 -4.5 2.88462
    endloop
  endfacet
  facet normal 0 -1 0
    outer loop
      vertex -0.365387 -4.5 2.86545
      vertex 0.305038 -4.5 2.87598
      vertex -0.305038 -4.5 2.87598
    endloop
  endfacet
  facet normal 0 -1 0
    outer loop
      vertex -0.365387 -4.5 2.86545
      vertex 0.365387 -4.5 2.86545
      vertex 0.305038 -4.5 2.87598
    endloop
  endfacet
  facet normal 0 -1 0
    outer loop
      vertex -0.425369 -4.5 2.85303
      vertex 0.365387 -4.5 2.86545
      vertex -0.365387 -4.5 2.86545
    endloop
  endfacet
  facet normal 0 -1 0
    outer loop
      vertex -0.425369 -4.5 2.85303
      vertex 0.425369 -4.5 2.85303
      vertex 0.365387 -4.5 2.86545
    endloop
  endfacet
  facet normal 0 -1 0
    outer loop
      vertex -0.48494 -4.5 2.83873
      vertex 0.425369 -4.5 2.85303
      vertex -0.425369 -4.5 2.85303
    endloop
  endfacet
  facet normal 0 -1 0
    outer loop
      vertex -0.48494 -4.5 2.83873
      vertex 0.48494 -4.5 2.83873
      vertex 0.425369 -4.5 2.85303
    endloop
  endfacet
  facet normal 0 -1 0
    outer loop
      vertex -0.544022 -4.5 2.82256
      vertex 0.48494 -4.5 2.83873
      vertex -0.48494 -4.5 2.83873
    endloop
  endfacet
  facet normal 0 -1 0
    outer loop
      vertex -0.544022 -4.5 2.82256
      vertex 0.544022 -4.5 2.82256
      vertex 0.48494 -4.5 2.83873
    endloop
  endfacet
  facet normal 0 -1 0
    outer loop
      vertex -0.60257 -4.5 2.80455
      vertex 0.544022 -4.5 2.82256
      vertex -0.544022 -4.5 2.82256
    endloop
  endfacet
  facet normal 0 -1 0
    outer loop
      vertex -0.60257 -4.5 2.80455
      vertex 0.60257 -4.5 2.80455
      vertex 0.544022 -4.5 2.82256
    endloop
  endfacet
  facet normal 0 -1 0
    outer loop
      vertex -0.660538 -4.5 2.78472
      vertex 0.60257 -4.5 2.80455
      vertex -0.60257 -4.5 2.80455
    endloop
  endfacet
  facet normal 0 -1 0
    outer loop
      vertex -0.660538 -4.5 2.78472
      vertex 0.660538 -4.5 2.78472
      vertex 0.60257 -4.5 2.80455
    endloop
  endfacet
  facet normal 0 -1 0
    outer loop
      vertex -0.717834 -4.5 2.76305
      vertex 0.660538 -4.5 2.78472
      vertex -0.660538 -4.5 2.78472
    endloop
  endfacet
  facet normal 0 -1 0
    outer loop
      vertex -0.717834 -4.5 2.76305
      vertex 0.717834 -4.5 2.76305
      vertex 0.660538 -4.5 2.78472
    endloop
  endfacet
  facet normal 0 -1 0
    outer loop
      vertex -0.774429 -4.5 2.73961
      vertex 0.717834 -4.5 2.76305
      vertex -0.717834 -4.5 2.76305
    endloop
  endfacet
  facet normal 0 -1 0
    outer loop
      vertex -0.774429 -4.5 2.73961
      vertex 0.774429 -4.5 2.73961
      vertex 0.717834 -4.5 2.76305
    endloop
  endfacet
  facet normal 0 -1 0
    outer loop
      vertex -0.830261 -4.5 2.7144
      vertex 0.774429 -4.5 2.73961
      vertex -0.774429 -4.5 2.73961
    endloop
  endfacet
  facet normal 0 -1 0
    outer loop
      vertex -0.830261 -4.5 2.7144
      vertex 0.830261 -4.5 2.7144
      vertex 0.774429 -4.5 2.73961
    endloop
  endfacet
  facet normal 0 -1 0
    outer loop
      vertex -0.885269 -4.5 2.68746
      vertex 0.830261 -4.5 2.7144
      vertex -0.830261 -4.5 2.7144
    endloop
  endfacet
  facet normal 0 -1 0
    outer loop
      vertex -0.885269 -4.5 2.68746
      vertex 0.885269 -4.5 2.68746
      vertex 0.830261 -4.5 2.7144
    endloop
  endfacet
  facet normal 0 -1 0
    outer loop
      vertex -0.939407 -4.5 2.65879
      vertex 0.885269 -4.5 2.68746
      vertex -0.885269 -4.5 2.68746
    endloop
  endfacet
  facet normal 0 -1 0
    outer loop
      vertex -0.939407 -4.5 2.65879
      vertex 0.939407 -4.5 2.65879
      vertex 0.885269 -4.5 2.68746
    endloop
  endfacet
  facet normal 0 -1 0
    outer loop
      vertex -0.99263 -4.5 2.62844
      vertex 0.939407 -4.5 2.65879
      vertex -0.939407 -4.5 2.65879
    endloop
  endfacet
  facet normal 0 -1 0
    outer loop
      vertex -0.99263 -4.5 2.62844
      vertex 0.99263 -4.5 2.62844
      vertex 0.939407 -4.5 2.65879
    endloop
  endfacet
  facet normal 0 -1 0
    outer loop
      vertex -1.04486 -4.5 2.59644
      vertex 0.99263 -4.5 2.62844
      vertex -0.99263 -4.5 2.62844
    endloop
  endfacet
  facet normal 0 -1 0
    outer loop
      vertex -1.04486 -4.5 2.59644
      vertex 1.04486 -4.5 2.59644
      vertex 0.99263 -4.5 2.62844
    endloop
  endfacet
  facet normal 0 -1 0
    outer loop
      vertex -1.09605 -4.5 2.56279
      vertex 1.04486 -4.5 2.59644
      vertex -1.04486 -4.5 2.59644
    endloop
  endfacet
  facet normal 0 -1 0
    outer loop
      vertex -1.09605 -4.5 2.56279
      vertex 1.09605 -4.5 2.56279
      vertex 1.04486 -4.5 2.59644
    endloop
  endfacet
  facet normal 0 -1 0
    outer loop
      vertex -1.14618 -4.5 2.52758
      vertex 1.09605 -4.5 2.56279
      vertex -1.09605 -4.5 2.56279
    endloop
  endfacet
  facet normal 0 -1 0
    outer loop
      vertex -1.14618 -4.5 2.52758
      vertex 1.14618 -4.5 2.52758
      vertex 1.09605 -4.5 2.56279
    endloop
  endfacet
  facet normal 0 -1 0
    outer loop
      vertex -1.19516 -4.5 2.4908
      vertex 1.14618 -4.5 2.52758
      vertex -1.14618 -4.5 2.52758
    endloop
  endfacet
  facet normal 0 -1 0
    outer loop
      vertex -1.19516 -4.5 2.4908
      vertex 1.19516 -4.5 2.4908
      vertex 1.14618 -4.5 2.52758
    endloop
  endfacet
  facet normal 0 -1 0
    outer loop
      vertex -1.24297 -4.5 2.45249
      vertex 1.19516 -4.5 2.4908
      vertex -1.19516 -4.5 2.4908
    endloop
  endfacet
  facet normal 0 -1 0
    outer loop
      vertex -1.24297 -4.5 2.45249
      vertex 1.24297 -4.5 2.45249
      vertex 1.19516 -4.5 2.4908
    endloop
  endfacet
  facet normal 0 -1 0
    outer loop
      vertex -1.28955 -4.5 2.41271
      vertex 1.24297 -4.5 2.45249
      vertex -1.24297 -4.5 2.45249
    endloop
  endfacet
  facet normal 0 -1 0
    outer loop
      vertex -1.28955 -4.5 2.41271
      vertex 1.28955 -4.5 2.41271
      vertex 1.24297 -4.5 2.45249
    endloop
  endfacet
  facet normal 0 -1 0
    outer loop
      vertex -1.33485 -4.5 2.37148
      vertex 1.28955 -4.5 2.41271
      vertex -1.28955 -4.5 2.41271
    endloop
  endfacet
  facet normal 0 -1 0
    outer loop
      vertex -1.33485 -4.5 2.37148
      vertex 1.33485 -4.5 2.37148
      vertex 1.28955 -4.5 2.41271
    endloop
  endfacet
  facet normal 0 -1 0
    outer loop
      vertex -1.37885 -4.5 2.32885
      vertex 1.33485 -4.5 2.37148
      vertex -1.33485 -4.5 2.37148
    endloop
  endfacet
  facet normal 0 -1 0
    outer loop
      vertex -1.37885 -4.5 2.32885
      vertex 1.37885 -4.5 2.32885
      vertex 1.33485 -4.5 2.37148
    endloop
  endfacet
  facet normal 0 -1 0
    outer loop
      vertex -1.42148 -4.5 2.28485
      vertex 1.37885 -4.5 2.32885
      vertex -1.37885 -4.5 2.32885
    endloop
  endfacet
  facet normal 0 -1 0
    outer loop
      vertex -1.42148 -4.5 2.28485
      vertex 1.42148 -4.5 2.28485
      vertex 1.37885 -4.5 2.32885
    endloop
  endfacet
  facet normal 0 -1 0
    outer loop
      vertex -1.46271 -4.5 2.23955
      vertex 1.42148 -4.5 2.28485
      vertex -1.42148 -4.5 2.28485
    endloop
  endfacet
  facet normal 0 -1 0
    outer loop
      vertex -1.46271 -4.5 2.23955
      vertex 1.46271 -4.5 2.23955
      vertex 1.42148 -4.5 2.28485
    endloop
  endfacet
  facet normal 0 -1 0
    outer loop
      vertex -1.50249 -4.5 2.19297
      vertex 1.46271 -4.5 2.23955
      vertex -1.46271 -4.5 2.23955
    endloop
  endfacet
  facet normal 0 -1 0
    outer loop
      vertex -1.50249 -4.5 2.19297
      vertex 1.50249 -4.5 2.19297
      vertex 1.46271 -4.5 2.23955
    endloop
  endfacet
  facet normal 0 -1 0
    outer loop
      vertex -1.5408 -4.5 2.14516
      vertex 1.50249 -4.5 2.19297
      vertex -1.50249 -4.5 2.19297
    endloop
  endfacet
  facet normal 0 -1 0
    outer loop
      vertex -1.5408 -4.5 2.14516
      vertex 1.5408 -4.5 2.14516
      vertex 1.50249 -4.5 2.19297
    endloop
  endfacet
  facet normal 0 -1 0
    outer loop
      vertex -1.57758 -4.5 2.09618
      vertex 1.5408 -4.5 2.14516
      vertex -1.5408 -4.5 2.14516
    endloop
  endfacet
  facet normal 0 -1 0
    outer loop
      vertex -1.57758 -4.5 2.09618
      vertex 1.57758 -4.5 2.09618
      vertex 1.5408 -4.5 2.14516
    endloop
  endfacet
  facet normal 0 -1 0
    outer loop
      vertex -1.61279 -4.5 2.04605
      vertex 1.57758 -4.5 2.09618
      vertex -1.57758 -4.5 2.09618
    endloop
  endfacet
  facet normal 0 -1 0
    outer loop
      vertex -1.61279 -4.5 2.04605
      vertex 1.61279 -4.5 2.04605
      vertex 1.57758 -4.5 2.09618
    endloop
  endfacet
  facet normal 0 -1 0
    outer loop
      vertex -1.64644 -4.5 1.99486
      vertex 1.61279 -4.5 2.04605
      vertex -1.61279 -4.5 2.04605
    endloop
  endfacet
  facet normal 0 -1 0
    outer loop
      vertex -1.64644 -4.5 1.99486
      vertex 1.64644 -4.5 1.99486
      vertex 1.61279 -4.5 2.04605
    endloop
  endfacet
  facet normal 0 -1 0
    outer loop
      vertex -1.67844 -4.5 1.94263
      vertex 1.64644 -4.5 1.99486
      vertex -1.64644 -4.5 1.99486
    endloop
  endfacet
  facet normal 0 -1 0
    outer loop
      vertex -1.67844 -4.5 1.94263
      vertex 1.67844 -4.5 1.94263
      vertex 1.64644 -4.5 1.99486
    endloop
  endfacet
  facet normal 0 -1 0
    outer loop
      vertex -1.70879 -4.5 1.88941
      vertex 1.67844 -4.5 1.94263
      vertex -1.67844 -4.5 1.94263
    endloop
  endfacet
  facet normal 0 -1 0
    outer loop
      vertex -1.70879 -4.5 1.88941
      vertex 1.70879 -4.5 1.88941
      vertex 1.67844 -4.5 1.94263
    endloop
  endfacet
  facet normal 0 -1 0
    outer loop
      vertex -1.73746 -4.5 1.83527
      vertex 1.70879 -4.5 1.88941
      vertex -1.70879 -4.5 1.88941
    endloop
  endfacet
  facet normal 0 -1 0
    outer loop
      vertex -1.73746 -4.5 1.83527
      vertex 1.73746 -4.5 1.83527
      vertex 1.70879 -4.5 1.88941
    endloop
  endfacet
  facet normal 0 -1 0
    outer loop
      vertex -1.7644 -4.5 1.78026
      vertex 1.73746 -4.5 1.83527
      vertex -1.73746 -4.5 1.83527
    endloop
  endfacet
  facet normal 0 -1 0
    outer loop
      vertex -1.7644 -4.5 1.78026
      vertex 1.7644 -4.5 1.78026
      vertex 1.73746 -4.5 1.83527
    endloop
  endfacet
  facet normal 0 -1 0
    outer loop
      vertex -1.78961 -4.5 1.72443
      vertex 1.7644 -4.5 1.78026
      vertex -1.7644 -4.5 1.78026
    endloop
  endfacet
  facet normal 0 -1 0
    outer loop
      vertex -1.78961 -4.5 1.72443
      vertex 1.78961 -4.5 1.72443
      vertex 1.7644 -4.5 1.78026
    endloop
  endfacet
  facet normal 0 -1 0
    outer loop
      vertex -1.81305 -4.5 1.66783
      vertex 1.78961 -4.5 1.72443
      vertex -1.78961 -4.5 1.72443
    endloop
  endfacet
  facet normal 0 -1 0
    outer loop
      vertex -1.81305 -4.5 1.66783
      vertex 1.81305 -4.5 1.66783
      vertex 1.78961 -4.5 1.72443
    endloop
  endfacet
  facet normal 0 -1 0
    outer loop
      vertex -1.83472 -4.5 1.61054
      vertex 1.81305 -4.5 1.66783
      vertex -1.81305 -4.5 1.66783
    endloop
  endfacet
  facet normal 0 -1 0
    outer loop
      vertex -1.83472 -4.5 1.61054
      vertex 1.83472 -4.5 1.61054
      vertex 1.81305 -4.5 1.66783
    endloop
  endfacet
  facet normal 0 -1 0
    outer loop
      vertex -1.85455 -4.5 1.55257
      vertex 1.83472 -4.5 1.61054
      vertex -1.83472 -4.5 1.61054
    endloop
  endfacet
  facet normal 0 -1 0
    outer loop
      vertex -1.85455 -4.5 1.55257
      vertex 1.85455 -4.5 1.55257
      vertex 1.83472 -4.5 1.61054
    endloop
  endfacet
  facet normal 0 -1 0
    outer loop
      vertex -1.87256 -4.5 1.49402
      vertex 1.85455 -4.5 1.55257
      vertex -1.85455 -4.5 1.55257
    endloop
  endfacet
  facet normal 0 -1 0
    outer loop
      vertex -1.87256 -4.5 1.49402
      vertex 1.87256 -4.5 1.49402
      vertex 1.85455 -4.5 1.55257
    endloop
  endfacet
  facet normal 0 -1 0
    outer loop
      vertex -1.88873 -4.5 1.43494
      vertex 1.87256 -4.5 1.49402
      vertex -1.87256 -4.5 1.49402
    endloop
  endfacet
  facet normal 0 -1 0
    outer loop
      vertex -1.88873 -4.5 1.43494
      vertex 1.88873 -4.5 1.43494
      vertex 1.87256 -4.5 1.49402
    endloop
  endfacet
  facet normal 0 -1 0
    outer loop
      vertex -1.90303 -4.5 1.37537
      vertex 1.88873 -4.5 1.43494
      vertex -1.88873 -4.5 1.43494
    endloop
  endfacet
  facet normal 0 -1 0
    outer loop
      vertex -1.90303 -4.5 1.37537
      vertex 1.90303 -4.5 1.37537
      vertex 1.88873 -4.5 1.43494
    endloop
  endfacet
  facet normal 0 -1 0
    outer loop
      vertex -1.91545 -4.5 1.31539
      vertex 1.90303 -4.5 1.37537
      vertex -1.90303 -4.5 1.37537
    endloop
  endfacet
  facet normal 0 -1 0
    outer loop
      vertex -1.91545 -4.5 1.31539
      vertex 1.91545 -4.5 1.31539
      vertex 1.90303 -4.5 1.37537
    endloop
  endfacet
  facet normal 0 -1 0
    outer loop
      vertex -1.92598 -4.5 1.25504
      vertex 1.91545 -4.5 1.31539
      vertex -1.91545 -4.5 1.31539
    endloop
  endfacet
  facet normal 0 -1 0
    outer loop
      vertex -1.92598 -4.5 1.25504
      vertex 1.92598 -4.5 1.25504
      vertex 1.91545 -4.5 1.31539
    endloop
  endfacet
  facet normal 0 -1 0
    outer loop
      vertex -1.93462 -4.5 1.19438
      vertex 1.92598 -4.5 1.25504
      vertex -1.92598 -4.5 1.25504
    endloop
  endfacet
  facet normal 0 -1 0
    outer loop
      vertex -1.93462 -4.5 1.19438
      vertex 1.93462 -4.5 1.19438
      vertex 1.92598 -4.5 1.25504
    endloop
  endfacet
  facet normal 0 -1 0
    outer loop
      vertex -1.94135 -4.5 1.1335
      vertex 1.93462 -4.5 1.19438
      vertex -1.93462 -4.5 1.19438
    endloop
  endfacet
  facet normal 0 -1 0
    outer loop
      vertex -1.94135 -4.5 1.1335
      vertex 1.94135 -4.5 1.1335
      vertex 1.93462 -4.5 1.19438
    endloop
  endfacet
  facet normal 0 -1 0
    outer loop
      vertex -1.94615 -4.5 1.07244
      vertex 1.94135 -4.5 1.1335
      vertex -1.94135 -4.5 1.1335
    endloop
  endfacet
  facet normal 0 -1 0
    outer loop
      vertex -1.94615 -4.5 1.07244
      vertex 1.94615 -4.5 1.07244
      vertex 1.94135 -4.5 1.1335
    endloop
  endfacet
  facet normal 0 -1 0
    outer loop
      vertex -1.94904 -4.5 1.01125
      vertex 1.94615 -4.5 1.07244
      vertex -1.94615 -4.5 1.07244
    endloop
  endfacet
  facet normal 0 -1 0
    outer loop
      vertex -1.94904 -4.5 1.01125
      vertex 1.94904 -4.5 1.01125
      vertex 1.94615 -4.5 1.07244
    endloop
  endfacet
  facet normal 0 -1 0
    outer loop
      vertex -1.95 -4.5 0.95
      vertex 1.94904 -4.5 1.01125
      vertex -1.94904 -4.5 1.01125
    endloop
  endfacet
  facet normal 0 -1 0
    outer loop
      vertex -1.95 -4.5 0.95
      vertex 1.95 -4.5 0.95
      vertex 1.94904 -4.5 1.01125
    endloop
  endfacet
  facet normal 0 -1 0
    outer loop
      vertex -1.94904 -4.5 0.888751
      vertex 1.95 -4.5 0.95
      vertex -1.95 -4.5 0.95
    endloop
  endfacet
  facet normal 0 -1 0
    outer loop
      vertex -1.94904 -4.5 0.888751
      vertex 1.94904 -4.5 0.888751
      vertex 1.95 -4.5 0.95
    endloop
  endfacet
  facet normal 0 -1 0
    outer loop
      vertex -1.94615 -4.5 0.827563
      vertex 1.94904 -4.5 0.888751
      vertex -1.94904 -4.5 0.888751
    endloop
  endfacet
  facet normal 0 -1 0
    outer loop
      vertex -1.94615 -4.5 0.827563
      vertex 1.94615 -4.5 0.827563
      vertex 1.94904 -4.5 0.888751
    endloop
  endfacet
  facet normal 0 -1 0
    outer loop
      vertex -1.94135 -4.5 0.766498
      vertex 1.94615 -4.5 0.827563
      vertex -1.94615 -4.5 0.827563
    endloop
  endfacet
  facet normal 0 -1 0
    outer loop
      vertex -1.94135 -4.5 0.766498
      vertex 1.94135 -4.5 0.766498
      vertex 1.94615 -4.5 0.827563
    endloop
  endfacet
  facet normal 0 -1 0
    outer loop
      vertex -1.93462 -4.5 0.705615
      vertex 1.94135 -4.5 0.766498
      vertex -1.94135 -4.5 0.766498
    endloop
  endfacet
  facet normal 0 -1 0
    outer loop
      vertex -1.93462 -4.5 0.705615
      vertex 1.93462 -4.5 0.705615
      vertex 1.94135 -4.5 0.766498
    endloop
  endfacet
  facet normal 0 -1 0
    outer loop
      vertex -1.92598 -4.5 0.644962
      vertex 1.93462 -4.5 0.705615
      vertex -1.93462 -4.5 0.705615
    endloop
  endfacet
  facet normal 0 -1 0
    outer loop
      vertex -1.92598 -4.5 0.644962
      vertex 1.92598 -4.5 0.644962
      vertex 1.93462 -4.5 0.705615
    endloop
  endfacet
  facet normal 0 -1 0
    outer loop
      vertex -1.91545 -4.5 0.584613
      vertex 1.92598 -4.5 0.644962
      vertex -1.92598 -4.5 0.644962
    endloop
  endfacet
  facet normal 0 -1 0
    outer loop
      vertex -1.91545 -4.5 0.584613
      vertex 1.91545 -4.5 0.584613
      vertex 1.92598 -4.5 0.644962
    endloop
  endfacet
  facet normal 0 -1 0
    outer loop
      vertex -1.90303 -4.5 0.524631
      vertex 1.91545 -4.5 0.584613
      vertex -1.91545 -4.5 0.584613
    endloop
  endfacet
  facet normal 0 -1 0
    outer loop
      vertex -1.90303 -4.5 0.524631
      vertex 1.90303 -4.5 0.524631
      vertex 1.91545 -4.5 0.584613
    endloop
  endfacet
  facet normal 0 -1 0
    outer loop
      vertex -1.88873 -4.5 0.46506
      vertex 1.90303 -4.5 0.524631
      vertex -1.90303 -4.5 0.524631
    endloop
  endfacet
  facet normal 0 -1 0
    outer loop
      vertex -1.88873 -4.5 0.46506
      vertex 1.88873 -4.5 0.46506
      vertex 1.90303 -4.5 0.524631
    endloop
  endfacet
  facet normal 0 -1 0
    outer loop
      vertex -1.87256 -4.5 0.405978
      vertex 1.88873 -4.5 0.46506
      vertex -1.88873 -4.5 0.46506
    endloop
  endfacet
  facet normal 0 -1 0
    outer loop
      vertex -1.87256 -4.5 0.405978
      vertex 1.87256 -4.5 0.405978
      vertex 1.88873 -4.5 0.46506
    endloop
  endfacet
  facet normal 0 -1 0
    outer loop
      vertex -1.85455 -4.5 0.34743
      vertex 1.87256 -4.5 0.405978
      vertex -1.87256 -4.5 0.405978
    endloop
  endfacet
  facet normal 0 -1 0
    outer loop
      vertex -1.85455 -4.5 0.34743
      vertex 1.85455 -4.5 0.34743
      vertex 1.87256 -4.5 0.405978
    endloop
  endfacet
  facet normal 0 -1 0
    outer loop
      vertex -1.83472 -4.5 0.289462
      vertex 1.85455 -4.5 0.34743
      vertex -1.85455 -4.5 0.34743
    endloop
  endfacet
  facet normal 0 -1 0
    outer loop
      vertex -1.83472 -4.5 0.289462
      vertex 1.83472 -4.5 0.289462
      vertex 1.85455 -4.5 0.34743
    endloop
  endfacet
  facet normal 0 -1 0
    outer loop
      vertex -1.81305 -4.5 0.232166
      vertex 1.83472 -4.5 0.289462
      vertex -1.83472 -4.5 0.289462
    endloop
  endfacet
  facet normal 0 -1 0
    outer loop
      vertex -1.81305 -4.5 0.232166
      vertex 1.81305 -4.5 0.232166
      vertex 1.83472 -4.5 0.289462
    endloop
  endfacet
  facet normal 0 -1 0
    outer loop
      vertex -1.78961 -4.5 0.175571
      vertex 1.81305 -4.5 0.232166
      vertex -1.81305 -4.5 0.232166
    endloop
  endfacet
  facet normal 0 -1 0
    outer loop
      vertex -1.78961 -4.5 0.175571
      vertex 1.78961 -4.5 0.175571
      vertex 1.81305 -4.5 0.232166
    endloop
  endfacet
  facet normal 0 -1 0
    outer loop
      vertex -1.7644 -4.5 0.119739
      vertex 1.78961 -4.5 0.175571
      vertex -1.78961 -4.5 0.175571
    endloop
  endfacet
  facet normal 0 -1 0
    outer loop
      vertex -1.7644 -4.5 0.119739
      vertex 1.7644 -4.5 0.119739
      vertex 1.78961 -4.5 0.175571
    endloop
  endfacet
  facet normal 0 -1 0
    outer loop
      vertex -1.73746 -4.5 0.0647308
      vertex 1.7644 -4.5 0.119739
      vertex -1.7644 -4.5 0.119739
    endloop
  endfacet
  facet normal 0 -1 0
    outer loop
      vertex -1.73746 -4.5 0.0647308
      vertex 1.73746 -4.5 0.0647308
      vertex 1.7644 -4.5 0.119739
    endloop
  endfacet
  facet normal 0 -1 0
    outer loop
      vertex -1.70274 -4.5 3.05176e-06
      vertex -1.73746 -4.5 0.0647308
      vertex -1.70879 -4.5 0.0105927
    endloop
  endfacet
  facet normal 0 -1 0
    outer loop
      vertex -1.73746 -4.5 0.0647308
      vertex -1.70274 -4.5 3.05176e-06
      vertex 1.73746 -4.5 0.0647308
    endloop
  endfacet
  facet normal 0 -1 0
    outer loop
      vertex 1.70274 -4.5 3.05176e-06
      vertex 1.73746 -4.5 0.0647308
      vertex -1.70274 -4.5 3.05176e-06
    endloop
  endfacet
  facet normal 0 -1 0
    outer loop
      vertex 1.73746 -4.5 0.0647308
      vertex 1.70274 -4.5 3.05176e-06
      vertex 1.70879 -4.5 0.0105927
    endloop
  endfacet
  facet normal -0.993945 0 0.109876
    outer loop
      vertex -1.94135 -4.5 1.1335
      vertex -1.93462 6 1.19438
      vertex -1.94135 6 1.1335
    endloop
  endfacet
  facet normal -0.993945 0 0.109876
    outer loop
      vertex -1.93462 6 1.19438
      vertex -1.94135 -4.5 1.1335
      vertex -1.93462 -4.5 1.19438
    endloop
  endfacet
  facet normal 0.799647 -0 0.60047
    outer loop
      vertex 1.5408 -4.5 2.14516
      vertex 1.57758 6 2.09618
      vertex 1.5408 6 2.14516
    endloop
  endfacet
  facet normal 0.799647 0 0.60047
    outer loop
      vertex 1.57758 6 2.09618
      vertex 1.5408 -4.5 2.14516
      vertex 1.57758 -4.5 2.09618
    endloop
  endfacet
  facet normal -0.911392 0 0.411539
    outer loop
      vertex -1.78961 -4.5 1.72443
      vertex -1.7644 6 1.78026
      vertex -1.78961 6 1.72443
    endloop
  endfacet
  facet normal -0.911392 0 0.411539
    outer loop
      vertex -1.7644 6 1.78026
      vertex -1.78961 -4.5 1.72443
      vertex -1.7644 -4.5 1.78026
    endloop
  endfacet
  facet normal 0.60047 1.49712e-19 0.799647
    outer loop
      vertex 1.14618 6 2.52758
      vertex 1.19516 -4.5 2.4908
      vertex 1.19516 6 2.4908
    endloop
  endfacet
  facet normal 0.60047 1.49712e-19 0.799647
    outer loop
      vertex 1.19516 -4.5 2.4908
      vertex 1.14618 6 2.52758
      vertex 1.14618 -4.5 2.52758
    endloop
  endfacet
  facet normal 0.760431 -0 0.649419
    outer loop
      vertex 1.46271 -4.5 2.23955
      vertex 1.50249 6 2.19297
      vertex 1.46271 6 2.23955
    endloop
  endfacet
  facet normal 0.760431 0 0.649419
    outer loop
      vertex 1.50249 6 2.19297
      vertex 1.46271 -4.5 2.23955
      vertex 1.50249 -4.5 2.19297
    endloop
  endfacet
  facet normal -0.574765 9.25696e-20 0.818318
    outer loop
      vertex -1.14618 6 2.52758
      vertex -1.09605 -4.5 2.56279
      vertex -1.09605 6 2.56279
    endloop
  endfacet
  facet normal -0.574765 9.25696e-20 0.818318
    outer loop
      vertex -1.09605 -4.5 2.56279
      vertex -1.14618 6 2.52758
      vertex -1.14618 -4.5 2.52758
    endloop
  endfacet
  facet normal 0.911392 -0 0.411539
    outer loop
      vertex 1.7644 -4.5 1.78026
      vertex 1.78961 6 1.72443
      vertex 1.7644 6 1.78026
    endloop
  endfacet
  facet normal 0.911392 0 0.411539
    outer loop
      vertex 1.78961 6 1.72443
      vertex 1.7644 -4.5 1.78026
      vertex 1.78961 -4.5 1.72443
    endloop
  endfacet
  facet normal -0.868286 0 -0.496063
    outer loop
      vertex -1.70274 -4.5 3.05176e-06
      vertex -1.70879 6 0.0105927
      vertex -1.70274 6 3.05176e-06
    endloop
  endfacet
  facet normal -0.868286 -0 -0.496063
    outer loop
      vertex -1.70879 6 0.0105927
      vertex -1.70274 -4.5 3.05176e-06
      vertex -1.70879 -4.5 0.0105927
    endloop
  endfacet
  facet normal -0.495362 -1.16931e-20 0.868687
    outer loop
      vertex -0.99263 6 2.62844
      vertex -0.939407 -4.5 2.65879
      vertex -0.939407 6 2.65879
    endloop
  endfacet
  facet normal -0.495362 -1.16931e-20 0.868687
    outer loop
      vertex -0.939407 -4.5 2.65879
      vertex -0.99263 6 2.62844
      vertex -0.99263 -4.5 2.62844
    endloop
  endfacet
  facet normal 0.993946 0 -0.109871
    outer loop
      vertex 1.94135 -4.5 0.766498
      vertex 1.93462 6 0.705615
      vertex 1.94135 6 0.766498
    endloop
  endfacet
  facet normal 0.993946 0 -0.109871
    outer loop
      vertex 1.93462 6 0.705615
      vertex 1.94135 -4.5 0.766498
      vertex 1.93462 -4.5 0.705615
    endloop
  endfacet
  facet normal -0.353755 3.03948e-20 0.935338
    outer loop
      vertex -0.717834 6 2.76305
      vertex -0.660538 -4.5 2.78472
      vertex -0.660538 6 2.78472
    endloop
  endfacet
  facet normal -0.353755 3.03948e-20 0.935338
    outer loop
      vertex -0.660538 -4.5 2.78472
      vertex -0.717834 6 2.76305
      vertex -0.717834 -4.5 2.76305
    endloop
  endfacet
  facet normal -0.998887 0 0.0471774
    outer loop
      vertex -1.94904 -4.5 1.01125
      vertex -1.94615 6 1.07244
      vertex -1.94904 6 1.01125
    endloop
  endfacet
  facet normal -0.998887 0 0.0471774
    outer loop
      vertex -1.94615 6 1.07244
      vertex -1.94904 -4.5 1.01125
      vertex -1.94615 -4.5 1.07244
    endloop
  endfacet
  facet normal -0.883736 0 0.467985
    outer loop
      vertex -1.73746 -4.5 1.83527
      vertex -1.70879 6 1.88941
      vertex -1.73746 6 1.83527
    endloop
  endfacet
  facet normal -0.883736 0 0.467985
    outer loop
      vertex -1.70879 6 1.88941
      vertex -1.73746 -4.5 1.83527
      vertex -1.70879 -4.5 1.88941
    endloop
  endfacet
  facet normal 0.718199 -0 0.695837
    outer loop
      vertex 1.37885 -4.5 2.32885
      vertex 1.42148 6 2.28485
      vertex 1.37885 6 2.32885
    endloop
  endfacet
  facet normal 0.718199 0 0.695837
    outer loop
      vertex 1.42148 6 2.28485
      vertex 1.37885 -4.5 2.32885
      vertex 1.42148 -4.5 2.28485
    endloop
  endfacet
  facet normal 0.999877 -0 0.0156715
    outer loop
      vertex 1.94904 -4.5 1.01125
      vertex 1.95 6 0.95
      vertex 1.94904 6 1.01125
    endloop
  endfacet
  facet normal 0.999877 0 0.0156715
    outer loop
      vertex 1.95 6 0.95
      vertex 1.94904 -4.5 1.01125
      vertex 1.95 -4.5 0.95
    endloop
  endfacet
  facet normal -0.760431 0 0.649419
    outer loop
      vertex -1.50249 -4.5 2.19297
      vertex -1.46271 6 2.23955
      vertex -1.50249 6 2.19297
    endloop
  endfacet
  facet normal -0.760431 0 0.649419
    outer loop
      vertex -1.46271 6 2.23955
      vertex -1.50249 -4.5 2.19297
      vertex -1.46271 -4.5 2.23955
    endloop
  endfacet
  facet normal -0.979228 0 -0.202761
    outer loop
      vertex -1.90303 -4.5 0.524631
      vertex -1.91545 6 0.584613
      vertex -1.90303 6 0.524631
    endloop
  endfacet
  facet normal -0.979228 -0 -0.202761
    outer loop
      vertex -1.91545 6 0.584613
      vertex -1.90303 -4.5 0.524631
      vertex -1.91545 -4.5 0.584613
    endloop
  endfacet
  facet normal -0.52242 1.04479e-19 0.852688
    outer loop
      vertex -1.04486 6 2.59644
      vertex -0.99263 -4.5 2.62844
      vertex -0.99263 6 2.62844
    endloop
  endfacet
  facet normal -0.52242 1.04479e-19 0.852688
    outer loop
      vertex -0.99263 -4.5 2.62844
      vertex -1.04486 6 2.59644
      vertex -1.04486 -4.5 2.59644
    endloop
  endfacet
  facet normal -0.946173 0 0.323661
    outer loop
      vertex -1.85455 -4.5 1.55257
      vertex -1.83472 6 1.61054
      vertex -1.85455 6 1.55257
    endloop
  endfacet
  facet normal -0.946173 0 0.323661
    outer loop
      vertex -1.83472 6 1.61054
      vertex -1.85455 -4.5 1.55257
      vertex -1.83472 -4.5 1.61054
    endloop
  endfacet
  facet normal -0.996925 0 -0.078363
    outer loop
      vertex -1.94135 -4.5 0.766498
      vertex -1.94615 6 0.827563
      vertex -1.94135 6 0.766498
    endloop
  endfacet
  facet normal -0.996925 -0 -0.078363
    outer loop
      vertex -1.94615 6 0.827563
      vertex -1.94135 -4.5 0.766498
      vertex -1.94615 -4.5 0.827563
    endloop
  endfacet
  facet normal 0.109871 1.61937e-20 0.993946
    outer loop
      vertex 0.183502 6 2.89135
      vertex 0.244385 -4.5 2.88462
      vertex 0.244385 6 2.88462
    endloop
  endfacet
  facet normal 0.109871 1.61937e-20 0.993946
    outer loop
      vertex 0.244385 -4.5 2.88462
      vertex 0.183502 6 2.89135
      vertex 0.183502 -4.5 2.89135
    endloop
  endfacet
  facet normal -0.467999 -1.58945e-19 0.883729
    outer loop
      vertex -0.939407 6 2.65879
      vertex -0.885269 -4.5 2.68746
      vertex -0.885269 6 2.68746
    endloop
  endfacet
  facet normal -0.467999 -1.58945e-19 0.883729
    outer loop
      vertex -0.885269 -4.5 2.68746
      vertex -0.939407 6 2.65879
      vertex -0.939407 -4.5 2.65879
    endloop
  endfacet
  facet normal -0.923905 0 0.382621
    outer loop
      vertex -1.81305 -4.5 1.66783
      vertex -1.78961 6 1.72443
      vertex -1.81305 6 1.66783
    endloop
  endfacet
  facet normal -0.923905 0 0.382621
    outer loop
      vertex -1.78961 6 1.72443
      vertex -1.81305 -4.5 1.66783
      vertex -1.78961 -4.5 1.72443
    endloop
  endfacet
  facet normal -0.972376 0 -0.233419
    outer loop
      vertex -1.88873 -4.5 0.46506
      vertex -1.90303 6 0.524631
      vertex -1.88873 6 0.46506
    endloop
  endfacet
  facet normal -0.972376 -0 -0.233419
    outer loop
      vertex -1.90303 6 0.524631
      vertex -1.88873 -4.5 0.46506
      vertex -1.90303 -4.5 0.524631
    endloop
  endfacet
  facet normal 0.323671 9.07572e-20 0.94617
    outer loop
      vertex 0.60257 6 2.80455
      vertex 0.660538 -4.5 2.78472
      vertex 0.660538 6 2.78472
    endloop
  endfacet
  facet normal 0.323671 9.07572e-20 0.94617
    outer loop
      vertex 0.660538 -4.5 2.78472
      vertex 0.60257 6 2.80455
      vertex 0.60257 -4.5 2.80455
    endloop
  endfacet
  facet normal -0.996924 0 0.0783694
    outer loop
      vertex -1.94615 -4.5 1.07244
      vertex -1.94135 6 1.1335
      vertex -1.94615 6 1.07244
    endloop
  endfacet
  facet normal -0.996924 0 0.0783694
    outer loop
      vertex -1.94135 6 1.1335
      vertex -1.94615 -4.5 1.07244
      vertex -1.94135 -4.5 1.1335
    endloop
  endfacet
  facet normal 0.439832 2.3304e-20 0.89808
    outer loop
      vertex 0.830261 6 2.7144
      vertex 0.885269 -4.5 2.68746
      vertex 0.885269 6 2.68746
    endloop
  endfacet
  facet normal 0.439832 2.3304e-20 0.89808
    outer loop
      vertex 0.885269 -4.5 2.68746
      vertex 0.830261 6 2.7144
      vertex 0.830261 -4.5 2.7144
    endloop
  endfacet
  facet normal -0.649419 -2.33732e-20 0.760431
    outer loop
      vertex -1.28955 6 2.41271
      vertex -1.24297 -4.5 2.45249
      vertex -1.24297 6 2.45249
    endloop
  endfacet
  facet normal -0.649419 -2.33732e-20 0.760431
    outer loop
      vertex -1.24297 -4.5 2.45249
      vertex -1.28955 6 2.41271
      vertex -1.28955 -4.5 2.41271
    endloop
  endfacet
  facet normal -0.999877 0 0.0156715
    outer loop
      vertex -1.95 -4.5 0.95
      vertex -1.94904 6 1.01125
      vertex -1.95 6 0.95
    endloop
  endfacet
  facet normal -0.999877 0 0.0156715
    outer loop
      vertex -1.94904 6 1.01125
      vertex -1.95 -4.5 0.95
      vertex -1.94904 -4.5 1.01125
    endloop
  endfacet
  facet normal -0.898086 0 0.439819
    outer loop
      vertex -1.7644 -4.5 1.78026
      vertex -1.73746 6 1.83527
      vertex -1.7644 6 1.78026
    endloop
  endfacet
  facet normal -0.898086 0 0.439819
    outer loop
      vertex -1.73746 6 1.83527
      vertex -1.7644 -4.5 1.78026
      vertex -1.73746 -4.5 1.83527
    endloop
  endfacet
  facet normal -0.993946 0 -0.109871
    outer loop
      vertex -1.93462 -4.5 0.705615
      vertex -1.94135 6 0.766498
      vertex -1.93462 6 0.705615
    endloop
  endfacet
  facet normal -0.993946 -0 -0.109871
    outer loop
      vertex -1.94135 6 0.766498
      vertex -1.93462 -4.5 0.705615
      vertex -1.94135 -4.5 0.766498
    endloop
  endfacet
  facet normal 0.990006 0 -0.141026
    outer loop
      vertex 1.93462 -4.5 0.705615
      vertex 1.92598 6 0.644962
      vertex 1.93462 6 0.705615
    endloop
  endfacet
  facet normal 0.990006 0 -0.141026
    outer loop
      vertex 1.92598 6 0.644962
      vertex 1.93462 -4.5 0.705615
      vertex 1.92598 -4.5 0.644962
    endloop
  endfacet
  facet normal -0.998886 0 -0.0471789
    outer loop
      vertex -1.94615 -4.5 0.827563
      vertex -1.94904 6 0.888751
      vertex -1.94615 6 0.827563
    endloop
  endfacet
  facet normal -0.998886 -0 -0.0471789
    outer loop
      vertex -1.94904 6 0.888751
      vertex -1.94615 -4.5 0.827563
      vertex -1.94904 -4.5 0.888751
    endloop
  endfacet
  facet normal -0.0156719 -4.32646e-21 0.999877
    outer loop
      vertex -0.0612488 6 2.89904
      vertex 0 -4.5 2.9
      vertex 0 6 2.9
    endloop
  endfacet
  facet normal -0.0156719 -4.32646e-21 0.999877
    outer loop
      vertex 0 -4.5 2.9
      vertex -0.0612488 6 2.89904
      vertex -0.0612488 -4.5 2.89904
    endloop
  endfacet
  facet normal -0.999877 0 -0.0156718
    outer loop
      vertex -1.94904 -4.5 0.888751
      vertex -1.95 6 0.95
      vertex -1.94904 6 0.888751
    endloop
  endfacet
  facet normal -0.999877 -0 -0.0156718
    outer loop
      vertex -1.95 6 0.95
      vertex -1.94904 -4.5 0.888751
      vertex -1.95 -4.5 0.95
    endloop
  endfacet
  facet normal -0.979227 0 0.202768
    outer loop
      vertex -1.91545 -4.5 1.31539
      vertex -1.90303 6 1.37537
      vertex -1.91545 6 1.31539
    endloop
  endfacet
  facet normal -0.979227 0 0.202768
    outer loop
      vertex -1.90303 6 1.37537
      vertex -1.91545 -4.5 1.31539
      vertex -1.90303 -4.5 1.37537
    endloop
  endfacet
  facet normal -0.94617 0 -0.323671
    outer loop
      vertex -1.83472 -4.5 0.289462
      vertex -1.85455 6 0.34743
      vertex -1.83472 6 0.289462
    endloop
  endfacet
  facet normal -0.94617 -0 -0.323671
    outer loop
      vertex -1.85455 6 0.34743
      vertex -1.83472 -4.5 0.289462
      vertex -1.85455 -4.5 0.34743
    endloop
  endfacet
  facet normal 0.233419 -6.06548e-20 0.972376
    outer loop
      vertex 0.425369 6 2.85303
      vertex 0.48494 -4.5 2.83873
      vertex 0.48494 6 2.83873
    endloop
  endfacet
  facet normal 0.233419 -6.06548e-20 0.972376
    outer loop
      vertex 0.48494 -4.5 2.83873
      vertex 0.425369 6 2.85303
      vertex 0.425369 -4.5 2.85303
    endloop
  endfacet
  facet normal -0.990008 0 0.14101
    outer loop
      vertex -1.93462 -4.5 1.19438
      vertex -1.92598 6 1.25504
      vertex -1.93462 6 1.19438
    endloop
  endfacet
  facet normal -0.990008 0 0.14101
    outer loop
      vertex -1.92598 6 1.25504
      vertex -1.93462 -4.5 1.19438
      vertex -1.92598 -4.5 1.25504
    endloop
  endfacet
  facet normal 0.883736 -0 0.467985
    outer loop
      vertex 1.70879 -4.5 1.88941
      vertex 1.73746 6 1.83527
      vertex 1.70879 6 1.88941
    endloop
  endfacet
  facet normal 0.883736 0 0.467985
    outer loop
      vertex 1.73746 6 1.83527
      vertex 1.70879 -4.5 1.88941
      vertex 1.73746 -4.5 1.83527
    endloop
  endfacet
  facet normal 0.171888 -4.54958e-20 0.985116
    outer loop
      vertex 0.305038 6 2.87598
      vertex 0.365387 -4.5 2.86545
      vertex 0.365387 6 2.86545
    endloop
  endfacet
  facet normal 0.171888 -4.54958e-20 0.985116
    outer loop
      vertex 0.365387 -4.5 2.86545
      vertex 0.305038 6 2.87598
      vertex 0.305038 -4.5 2.87598
    endloop
  endfacet
  facet normal -0.38265 -1.53813e-19 0.923893
    outer loop
      vertex -0.774429 6 2.73961
      vertex -0.717834 -4.5 2.76305
      vertex -0.717834 6 2.76305
    endloop
  endfacet
  facet normal -0.38265 -1.53813e-19 0.923893
    outer loop
      vertex -0.717834 -4.5 2.76305
      vertex -0.774429 6 2.73961
      vertex -0.774429 -4.5 2.73961
    endloop
  endfacet
  facet normal 0.946173 -0 0.323661
    outer loop
      vertex 1.83472 -4.5 1.61054
      vertex 1.85455 6 1.55257
      vertex 1.83472 6 1.61054
    endloop
  endfacet
  facet normal 0.946173 0 0.323661
    outer loop
      vertex 1.85455 6 1.55257
      vertex 1.83472 -4.5 1.61054
      vertex 1.85455 -4.5 1.55257
    endloop
  endfacet
  facet normal -0.109871 -1.61937e-20 0.993946
    outer loop
      vertex -0.244385 6 2.88462
      vertex -0.183502 -4.5 2.89135
      vertex -0.183502 6 2.89135
    endloop
  endfacet
  facet normal -0.109871 -1.61937e-20 0.993946
    outer loop
      vertex -0.183502 -4.5 2.89135
      vertex -0.244385 6 2.88462
      vertex -0.244385 -4.5 2.88462
    endloop
  endfacet
  facet normal -0.780375 0 0.625312
    outer loop
      vertex -1.5408 -4.5 2.14516
      vertex -1.50249 6 2.19297
      vertex -1.5408 6 2.14516
    endloop
  endfacet
  facet normal -0.780375 0 0.625312
    outer loop
      vertex -1.50249 6 2.19297
      vertex -1.5408 -4.5 2.14516
      vertex -1.50249 -4.5 2.19297
    endloop
  endfacet
  facet normal -0.985117 0 0.171885
    outer loop
      vertex -1.92598 -4.5 1.25504
      vertex -1.91545 6 1.31539
      vertex -1.92598 6 1.25504
    endloop
  endfacet
  facet normal -0.985117 0 0.171885
    outer loop
      vertex -1.91545 6 1.31539
      vertex -1.92598 -4.5 1.25504
      vertex -1.91545 -4.5 1.31539
    endloop
  endfacet
  facet normal 0.780375 -0 0.625312
    outer loop
      vertex 1.50249 -4.5 2.19297
      vertex 1.5408 6 2.14516
      vertex 1.50249 6 2.19297
    endloop
  endfacet
  facet normal 0.780375 0 0.625312
    outer loop
      vertex 1.5408 6 2.14516
      vertex 1.50249 -4.5 2.19297
      vertex 1.5408 -4.5 2.14516
    endloop
  endfacet
  facet normal 0.52242 -1.04479e-19 0.852688
    outer loop
      vertex 0.99263 6 2.62844
      vertex 1.04486 -4.5 2.59644
      vertex 1.04486 6 2.59644
    endloop
  endfacet
  facet normal 0.52242 -1.04479e-19 0.852688
    outer loop
      vertex 1.04486 -4.5 2.59644
      vertex 0.99263 6 2.62844
      vertex 0.99263 -4.5 2.62844
    endloop
  endfacet
  facet normal -0.935326 0 0.353788
    outer loop
      vertex -1.83472 -4.5 1.61054
      vertex -1.81305 6 1.66783
      vertex -1.83472 6 1.61054
    endloop
  endfacet
  facet normal -0.935326 0 0.353788
    outer loop
      vertex -1.81305 6 1.66783
      vertex -1.83472 -4.5 1.61054
      vertex -1.81305 -4.5 1.66783
    endloop
  endfacet
  facet normal -0.439832 -2.3304e-20 0.89808
    outer loop
      vertex -0.885269 6 2.68746
      vertex -0.830261 -4.5 2.7144
      vertex -0.830261 6 2.7144
    endloop
  endfacet
  facet normal -0.439832 -2.3304e-20 0.89808
    outer loop
      vertex -0.830261 -4.5 2.7144
      vertex -0.885269 6 2.68746
      vertex -0.885269 -4.5 2.68746
    endloop
  endfacet
  facet normal 0.202761 -6.29766e-20 0.979228
    outer loop
      vertex 0.365387 6 2.86545
      vertex 0.425369 -4.5 2.85303
      vertex 0.425369 6 2.85303
    endloop
  endfacet
  facet normal 0.202761 -6.29766e-20 0.979228
    outer loop
      vertex 0.425369 -4.5 2.85303
      vertex 0.365387 6 2.86545
      vertex 0.365387 -4.5 2.86545
    endloop
  endfacet
  facet normal -0.078363 2.87125e-20 0.996925
    outer loop
      vertex -0.183502 6 2.89135
      vertex -0.122437 -4.5 2.89615
      vertex -0.122437 6 2.89615
    endloop
  endfacet
  facet normal -0.078363 2.87125e-20 0.996925
    outer loop
      vertex -0.122437 -4.5 2.89615
      vertex -0.183502 6 2.89135
      vertex -0.183502 -4.5 2.89135
    endloop
  endfacet
  facet normal 0.078363 -2.87125e-20 0.996925
    outer loop
      vertex 0.122437 6 2.89615
      vertex 0.183502 -4.5 2.89135
      vertex 0.183502 6 2.89135
    endloop
  endfacet
  facet normal 0.078363 -2.87125e-20 0.996925
    outer loop
      vertex 0.183502 -4.5 2.89135
      vertex 0.122437 6 2.89615
      vertex 0.122437 -4.5 2.89615
    endloop
  endfacet
  facet normal 0.467999 1.58945e-19 0.883729
    outer loop
      vertex 0.885269 6 2.68746
      vertex 0.939407 -4.5 2.65879
      vertex 0.939407 6 2.65879
    endloop
  endfacet
  facet normal 0.467999 1.58945e-19 0.883729
    outer loop
      vertex 0.939407 -4.5 2.65879
      vertex 0.885269 6 2.68746
      vertex 0.885269 -4.5 2.68746
    endloop
  endfacet
  facet normal 0.972375 -0 0.233422
    outer loop
      vertex 1.88873 -4.5 1.43494
      vertex 1.90303 6 1.37537
      vertex 1.88873 6 1.43494
    endloop
  endfacet
  facet normal 0.972375 0 0.233422
    outer loop
      vertex 1.90303 6 1.37537
      vertex 1.88873 -4.5 1.43494
      vertex 1.90303 -4.5 1.37537
    endloop
  endfacet
  facet normal -0.60047 -1.49712e-19 0.799647
    outer loop
      vertex -1.19516 6 2.4908
      vertex -1.14618 -4.5 2.52758
      vertex -1.14618 6 2.52758
    endloop
  endfacet
  facet normal -0.60047 -1.49712e-19 0.799647
    outer loop
      vertex -1.14618 -4.5 2.52758
      vertex -1.19516 6 2.4908
      vertex -1.19516 -4.5 2.4908
    endloop
  endfacet
  facet normal -0.625312 1.09412e-19 0.780375
    outer loop
      vertex -1.24297 6 2.45249
      vertex -1.19516 -4.5 2.4908
      vertex -1.19516 6 2.4908
    endloop
  endfacet
  facet normal -0.625312 1.09412e-19 0.780375
    outer loop
      vertex -1.19516 -4.5 2.4908
      vertex -1.24297 6 2.45249
      vertex -1.24297 -4.5 2.45249
    endloop
  endfacet
  facet normal 0.979228 0 -0.202761
    outer loop
      vertex 1.91545 -4.5 0.584613
      vertex 1.90303 6 0.524631
      vertex 1.91545 6 0.584613
    endloop
  endfacet
  facet normal 0.979228 0 -0.202761
    outer loop
      vertex 1.90303 6 0.524631
      vertex 1.91545 -4.5 0.584613
      vertex 1.90303 -4.5 0.524631
    endloop
  endfacet
  facet normal -0.171888 4.54958e-20 0.985116
    outer loop
      vertex -0.365387 6 2.86545
      vertex -0.305038 -4.5 2.87598
      vertex -0.305038 6 2.87598
    endloop
  endfacet
  facet normal -0.171888 4.54958e-20 0.985116
    outer loop
      vertex -0.305038 -4.5 2.87598
      vertex -0.365387 6 2.86545
      vertex -0.365387 -4.5 2.86545
    endloop
  endfacet
  facet normal 0.852688 -0 0.52242
    outer loop
      vertex 1.64644 -4.5 1.99486
      vertex 1.67844 6 1.94263
      vertex 1.64644 6 1.99486
    endloop
  endfacet
  facet normal 0.852688 0 0.52242
    outer loop
      vertex 1.67844 6 1.94263
      vertex 1.64644 -4.5 1.99486
      vertex 1.67844 -4.5 1.94263
    endloop
  endfacet
  facet normal 0.649419 2.33732e-20 0.760431
    outer loop
      vertex 1.24297 6 2.45249
      vertex 1.28955 -4.5 2.41271
      vertex 1.28955 6 2.41271
    endloop
  endfacet
  facet normal 0.649419 2.33732e-20 0.760431
    outer loop
      vertex 1.28955 -4.5 2.41271
      vertex 1.24297 6 2.45249
      vertex 1.24297 -4.5 2.45249
    endloop
  endfacet
  facet normal -0.898081 0 -0.439831
    outer loop
      vertex -1.73746 -4.5 0.0647308
      vertex -1.7644 6 0.119739
      vertex -1.73746 6 0.0647308
    endloop
  endfacet
  facet normal -0.898081 -0 -0.439831
    outer loop
      vertex -1.7644 6 0.119739
      vertex -1.73746 -4.5 0.0647308
      vertex -1.7644 -4.5 0.119739
    endloop
  endfacet
  facet normal 0.353755 -3.03948e-20 0.935338
    outer loop
      vertex 0.660538 6 2.78472
      vertex 0.717834 -4.5 2.76305
      vertex 0.717834 6 2.76305
    endloop
  endfacet
  facet normal 0.353755 -3.03948e-20 0.935338
    outer loop
      vertex 0.717834 -4.5 2.76305
      vertex 0.660538 6 2.78472
      vertex 0.660538 -4.5 2.78472
    endloop
  endfacet
  facet normal 0.955804 -0 0.294006
    outer loop
      vertex 1.85455 -4.5 1.55257
      vertex 1.87256 6 1.49402
      vertex 1.85455 6 1.55257
    endloop
  endfacet
  facet normal 0.955804 0 0.294006
    outer loop
      vertex 1.87256 6 1.49402
      vertex 1.85455 -4.5 1.55257
      vertex 1.87256 -4.5 1.49402
    endloop
  endfacet
  facet normal 0.996924 -0 0.0783694
    outer loop
      vertex 1.94135 -4.5 1.1335
      vertex 1.94615 6 1.07244
      vertex 1.94135 6 1.1335
    endloop
  endfacet
  facet normal 0.996924 0 0.0783694
    outer loop
      vertex 1.94615 6 1.07244
      vertex 1.94135 -4.5 1.1335
      vertex 1.94615 -4.5 1.07244
    endloop
  endfacet
  facet normal -0.985116 0 -0.171888
    outer loop
      vertex -1.91545 -4.5 0.584613
      vertex -1.92598 6 0.644962
      vertex -1.91545 6 0.584613
    endloop
  endfacet
  facet normal -0.985116 -0 -0.171888
    outer loop
      vertex -1.92598 6 0.644962
      vertex -1.91545 -4.5 0.584613
      vertex -1.92598 -4.5 0.644962
    endloop
  endfacet
  facet normal -0.955804 0 0.294006
    outer loop
      vertex -1.87256 -4.5 1.49402
      vertex -1.85455 6 1.55257
      vertex -1.87256 6 1.49402
    endloop
  endfacet
  facet normal -0.955804 0 0.294006
    outer loop
      vertex -1.85455 6 1.55257
      vertex -1.87256 -4.5 1.49402
      vertex -1.85455 -4.5 1.55257
    endloop
  endfacet
  facet normal 0.88373 0 -0.467998
    outer loop
      vertex 1.73746 -4.5 0.0647308
      vertex 1.70879 6 0.0105927
      vertex 1.73746 6 0.0647308
    endloop
  endfacet
  facet normal 0.88373 0 -0.467998
    outer loop
      vertex 1.70879 6 0.0105927
      vertex 1.73746 -4.5 0.0647308
      vertex 1.70879 -4.5 0.0105927
    endloop
  endfacet
  facet normal -0.323671 -9.07572e-20 0.94617
    outer loop
      vertex -0.660538 6 2.78472
      vertex -0.60257 -4.5 2.80455
      vertex -0.60257 6 2.80455
    endloop
  endfacet
  facet normal -0.323671 -9.07572e-20 0.94617
    outer loop
      vertex -0.60257 -4.5 2.80455
      vertex -0.660538 6 2.78472
      vertex -0.660538 -4.5 2.78472
    endloop
  endfacet
  facet normal 0.935338 0 -0.353755
    outer loop
      vertex 1.83472 -4.5 0.289462
      vertex 1.81305 6 0.232166
      vertex 1.83472 6 0.289462
    endloop
  endfacet
  facet normal 0.935338 0 -0.353755
    outer loop
      vertex 1.81305 6 0.232166
      vertex 1.83472 -4.5 0.289462
      vertex 1.81305 -4.5 0.232166
    endloop
  endfacet
  facet normal 0.998887 -0 0.0471774
    outer loop
      vertex 1.94615 -4.5 1.07244
      vertex 1.94904 6 1.01125
      vertex 1.94615 6 1.07244
    endloop
  endfacet
  facet normal 0.998887 0 0.0471774
    outer loop
      vertex 1.94904 6 1.01125
      vertex 1.94615 -4.5 1.07244
      vertex 1.94904 -4.5 1.01125
    endloop
  endfacet
  facet normal -0.911398 0 -0.411526
    outer loop
      vertex -1.7644 -4.5 0.119739
      vertex -1.78961 6 0.175571
      vertex -1.7644 6 0.119739
    endloop
  endfacet
  facet normal -0.911398 -0 -0.411526
    outer loop
      vertex -1.78961 6 0.175571
      vertex -1.7644 -4.5 0.119739
      vertex -1.78961 -4.5 0.175571
    endloop
  endfacet
  facet normal 0.0471787 1.82531e-20 0.998886
    outer loop
      vertex 0.0612488 6 2.89904
      vertex 0.122437 -4.5 2.89615
      vertex 0.122437 6 2.89615
    endloop
  endfacet
  facet normal 0.0471787 1.82531e-20 0.998886
    outer loop
      vertex 0.122437 -4.5 2.89615
      vertex 0.0612488 6 2.89904
      vertex 0.0612488 -4.5 2.89904
    endloop
  endfacet
  facet normal -0.990006 0 -0.141026
    outer loop
      vertex -1.92598 -4.5 0.644962
      vertex -1.93462 6 0.705615
      vertex -1.92598 6 0.644962
    endloop
  endfacet
  facet normal -0.990006 -0 -0.141026
    outer loop
      vertex -1.93462 6 0.705615
      vertex -1.92598 -4.5 0.644962
      vertex -1.93462 -4.5 0.705615
    endloop
  endfacet
  facet normal -0.0471787 -1.82531e-20 0.998886
    outer loop
      vertex -0.122437 6 2.89615
      vertex -0.0612488 -4.5 2.89904
      vertex -0.0612488 6 2.89904
    endloop
  endfacet
  facet normal -0.0471787 -1.82531e-20 0.998886
    outer loop
      vertex -0.0612488 -4.5 2.89904
      vertex -0.122437 6 2.89615
      vertex -0.122437 -4.5 2.89615
    endloop
  endfacet
  facet normal -0.835624 0 0.549302
    outer loop
      vertex -1.64644 -4.5 1.99486
      vertex -1.61279 6 2.04605
      vertex -1.64644 6 1.99486
    endloop
  endfacet
  facet normal -0.835624 0 0.549302
    outer loop
      vertex -1.61279 6 2.04605
      vertex -1.64644 -4.5 1.99486
      vertex -1.61279 -4.5 2.04605
    endloop
  endfacet
  facet normal 0.411526 -1.63247e-19 0.911398
    outer loop
      vertex 0.774429 6 2.73961
      vertex 0.830261 -4.5 2.7144
      vertex 0.830261 6 2.7144
    endloop
  endfacet
  facet normal 0.411526 -1.63247e-19 0.911398
    outer loop
      vertex 0.830261 -4.5 2.7144
      vertex 0.774429 6 2.73961
      vertex 0.774429 -4.5 2.73961
    endloop
  endfacet
  facet normal 0.673103 6.53361e-20 0.739548
    outer loop
      vertex 1.28955 6 2.41271
      vertex 1.33485 -4.5 2.37148
      vertex 1.33485 6 2.37148
    endloop
  endfacet
  facet normal 0.673103 6.53361e-20 0.739548
    outer loop
      vertex 1.33485 -4.5 2.37148
      vertex 1.28955 6 2.41271
      vertex 1.28955 -4.5 2.41271
    endloop
  endfacet
  facet normal 0.898081 0 -0.439831
    outer loop
      vertex 1.7644 -4.5 0.119739
      vertex 1.73746 6 0.0647308
      vertex 1.7644 6 0.119739
    endloop
  endfacet
  facet normal 0.898081 0 -0.439831
    outer loop
      vertex 1.73746 6 0.0647308
      vertex 1.7644 -4.5 0.119739
      vertex 1.73746 -4.5 0.0647308
    endloop
  endfacet
  facet normal 0.955801 0 -0.294015
    outer loop
      vertex 1.87256 -4.5 0.405978
      vertex 1.85455 6 0.34743
      vertex 1.87256 6 0.405978
    endloop
  endfacet
  facet normal 0.955801 0 -0.294015
    outer loop
      vertex 1.85455 6 0.34743
      vertex 1.87256 -4.5 0.405978
      vertex 1.85455 -4.5 0.34743
    endloop
  endfacet
  facet normal -0.818318 0 0.574765
    outer loop
      vertex -1.61279 -4.5 2.04605
      vertex -1.57758 6 2.09618
      vertex -1.61279 6 2.04605
    endloop
  endfacet
  facet normal -0.818318 0 0.574765
    outer loop
      vertex -1.57758 6 2.09618
      vertex -1.61279 -4.5 2.04605
      vertex -1.57758 -4.5 2.09618
    endloop
  endfacet
  facet normal 0.625312 -1.09412e-19 0.780375
    outer loop
      vertex 1.19516 6 2.4908
      vertex 1.24297 -4.5 2.45249
      vertex 1.24297 6 2.45249
    endloop
  endfacet
  facet normal 0.625312 -1.09412e-19 0.780375
    outer loop
      vertex 1.24297 -4.5 2.45249
      vertex 1.19516 6 2.4908
      vertex 1.19516 -4.5 2.4908
    endloop
  endfacet
  facet normal -0.739548 0 0.673103
    outer loop
      vertex -1.46271 -4.5 2.23955
      vertex -1.42148 6 2.28485
      vertex -1.46271 6 2.23955
    endloop
  endfacet
  facet normal -0.739548 0 0.673103
    outer loop
      vertex -1.42148 6 2.28485
      vertex -1.46271 -4.5 2.23955
      vertex -1.42148 -4.5 2.28485
    endloop
  endfacet
  facet normal -0.964528 0 -0.263979
    outer loop
      vertex -1.87256 -4.5 0.405978
      vertex -1.88873 6 0.46506
      vertex -1.87256 6 0.405978
    endloop
  endfacet
  facet normal -0.964528 -0 -0.263979
    outer loop
      vertex -1.88873 6 0.46506
      vertex -1.87256 -4.5 0.405978
      vertex -1.88873 -4.5 0.46506
    endloop
  endfacet
  facet normal 0.263979 -1.93753e-20 0.964528
    outer loop
      vertex 0.48494 6 2.83873
      vertex 0.544022 -4.5 2.82256
      vertex 0.544022 6 2.82256
    endloop
  endfacet
  facet normal 0.263979 -1.93753e-20 0.964528
    outer loop
      vertex 0.544022 -4.5 2.82256
      vertex 0.48494 6 2.83873
      vertex 0.48494 -4.5 2.83873
    endloop
  endfacet
  facet normal -0.799647 0 0.60047
    outer loop
      vertex -1.57758 -4.5 2.09618
      vertex -1.5408 6 2.14516
      vertex -1.57758 6 2.09618
    endloop
  endfacet
  facet normal -0.799647 0 0.60047
    outer loop
      vertex -1.5408 6 2.14516
      vertex -1.57758 -4.5 2.09618
      vertex -1.5408 -4.5 2.14516
    endloop
  endfacet
  facet normal -0.923893 0 -0.38265
    outer loop
      vertex -1.78961 -4.5 0.175571
      vertex -1.81305 6 0.232166
      vertex -1.78961 6 0.175571
    endloop
  endfacet
  facet normal -0.923893 -0 -0.38265
    outer loop
      vertex -1.81305 6 0.232166
      vertex -1.78961 -4.5 0.175571
      vertex -1.81305 -4.5 0.232166
    endloop
  endfacet
  facet normal -0.411526 1.63247e-19 0.911398
    outer loop
      vertex -0.830261 6 2.7144
      vertex -0.774429 -4.5 2.73961
      vertex -0.774429 6 2.73961
    endloop
  endfacet
  facet normal -0.411526 1.63247e-19 0.911398
    outer loop
      vertex -0.774429 -4.5 2.73961
      vertex -0.830261 6 2.7144
      vertex -0.830261 -4.5 2.7144
    endloop
  endfacet
  facet normal -0.718199 0 0.695837
    outer loop
      vertex -1.42148 -4.5 2.28485
      vertex -1.37885 6 2.32885
      vertex -1.42148 6 2.28485
    endloop
  endfacet
  facet normal -0.718199 0 0.695837
    outer loop
      vertex -1.37885 6 2.32885
      vertex -1.42148 -4.5 2.28485
      vertex -1.37885 -4.5 2.32885
    endloop
  endfacet
  facet normal 0.495362 1.16931e-20 0.868687
    outer loop
      vertex 0.939407 6 2.65879
      vertex 0.99263 -4.5 2.62844
      vertex 0.99263 6 2.62844
    endloop
  endfacet
  facet normal 0.495362 1.16931e-20 0.868687
    outer loop
      vertex 0.99263 -4.5 2.62844
      vertex 0.939407 6 2.65879
      vertex 0.939407 -4.5 2.65879
    endloop
  endfacet
  facet normal 0.923905 -0 0.382621
    outer loop
      vertex 1.78961 -4.5 1.72443
      vertex 1.81305 6 1.66783
      vertex 1.78961 6 1.72443
    endloop
  endfacet
  facet normal 0.923905 0 0.382621
    outer loop
      vertex 1.81305 6 1.66783
      vertex 1.78961 -4.5 1.72443
      vertex 1.81305 -4.5 1.66783
    endloop
  endfacet
  facet normal 0.818318 -0 0.574765
    outer loop
      vertex 1.57758 -4.5 2.09618
      vertex 1.61279 6 2.04605
      vertex 1.57758 6 2.09618
    endloop
  endfacet
  facet normal 0.818318 0 0.574765
    outer loop
      vertex 1.61279 6 2.04605
      vertex 1.57758 -4.5 2.09618
      vertex 1.61279 -4.5 2.04605
    endloop
  endfacet
  facet normal 0.935326 -0 0.353788
    outer loop
      vertex 1.81305 -4.5 1.66783
      vertex 1.83472 6 1.61054
      vertex 1.81305 6 1.66783
    endloop
  endfacet
  facet normal 0.935326 0 0.353788
    outer loop
      vertex 1.83472 6 1.61054
      vertex 1.81305 -4.5 1.66783
      vertex 1.83472 -4.5 1.61054
    endloop
  endfacet
  facet normal -0.695837 1.81452e-20 0.718199
    outer loop
      vertex -1.37885 6 2.32885
      vertex -1.33485 -4.5 2.37148
      vertex -1.33485 6 2.37148
    endloop
  endfacet
  facet normal -0.695837 1.81452e-20 0.718199
    outer loop
      vertex -1.33485 -4.5 2.37148
      vertex -1.37885 6 2.32885
      vertex -1.37885 -4.5 2.32885
    endloop
  endfacet
  facet normal -0.202761 6.29766e-20 0.979228
    outer loop
      vertex -0.425369 6 2.85303
      vertex -0.365387 -4.5 2.86545
      vertex -0.365387 6 2.86545
    endloop
  endfacet
  facet normal -0.202761 6.29766e-20 0.979228
    outer loop
      vertex -0.365387 -4.5 2.86545
      vertex -0.425369 6 2.85303
      vertex -0.425369 -4.5 2.85303
    endloop
  endfacet
  facet normal 0.0156719 4.32646e-21 0.999877
    outer loop
      vertex 0 6 2.9
      vertex 0.0612488 -4.5 2.89904
      vertex 0.0612488 6 2.89904
    endloop
  endfacet
  facet normal 0.0156719 4.32646e-21 0.999877
    outer loop
      vertex 0.0612488 -4.5 2.89904
      vertex 0 6 2.9
      vertex 0 -4.5 2.9
    endloop
  endfacet
  facet normal -0.233419 6.06548e-20 0.972376
    outer loop
      vertex -0.48494 6 2.83873
      vertex -0.425369 -4.5 2.85303
      vertex -0.425369 6 2.85303
    endloop
  endfacet
  facet normal -0.233419 6.06548e-20 0.972376
    outer loop
      vertex -0.425369 -4.5 2.85303
      vertex -0.48494 6 2.83873
      vertex -0.48494 -4.5 2.83873
    endloop
  endfacet
  facet normal 0.141026 -7.18266e-20 0.990006
    outer loop
      vertex 0.244385 6 2.88462
      vertex 0.305038 -4.5 2.87598
      vertex 0.305038 6 2.87598
    endloop
  endfacet
  facet normal 0.141026 -7.18266e-20 0.990006
    outer loop
      vertex 0.305038 -4.5 2.87598
      vertex 0.244385 6 2.88462
      vertex 0.244385 -4.5 2.88462
    endloop
  endfacet
  facet normal -0.294015 8.20851e-20 0.955801
    outer loop
      vertex -0.60257 6 2.80455
      vertex -0.544022 -4.5 2.82256
      vertex -0.544022 6 2.82256
    endloop
  endfacet
  facet normal -0.294015 8.20851e-20 0.955801
    outer loop
      vertex -0.544022 -4.5 2.82256
      vertex -0.60257 6 2.80455
      vertex -0.60257 -4.5 2.80455
    endloop
  endfacet
  facet normal 0.868675 -0 0.495383
    outer loop
      vertex 1.67844 -4.5 1.94263
      vertex 1.70879 6 1.88941
      vertex 1.67844 6 1.94263
    endloop
  endfacet
  facet normal 0.868675 0 0.495383
    outer loop
      vertex 1.70879 6 1.88941
      vertex 1.67844 -4.5 1.94263
      vertex 1.70879 -4.5 1.88941
    endloop
  endfacet
  facet normal 0.294015 -8.20851e-20 0.955801
    outer loop
      vertex 0.544022 6 2.82256
      vertex 0.60257 -4.5 2.80455
      vertex 0.60257 6 2.80455
    endloop
  endfacet
  facet normal 0.294015 -8.20851e-20 0.955801
    outer loop
      vertex 0.60257 -4.5 2.80455
      vertex 0.544022 6 2.82256
      vertex 0.544022 -4.5 2.82256
    endloop
  endfacet
  facet normal 0.695837 -1.81452e-20 0.718199
    outer loop
      vertex 1.33485 6 2.37148
      vertex 1.37885 -4.5 2.32885
      vertex 1.37885 6 2.32885
    endloop
  endfacet
  facet normal 0.695837 -1.81452e-20 0.718199
    outer loop
      vertex 1.37885 -4.5 2.32885
      vertex 1.33485 6 2.37148
      vertex 1.33485 -4.5 2.37148
    endloop
  endfacet
  facet normal 0.94617 0 -0.323671
    outer loop
      vertex 1.85455 -4.5 0.34743
      vertex 1.83472 6 0.289462
      vertex 1.85455 6 0.34743
    endloop
  endfacet
  facet normal 0.94617 0 -0.323671
    outer loop
      vertex 1.83472 6 0.289462
      vertex 1.85455 -4.5 0.34743
      vertex 1.83472 -4.5 0.289462
    endloop
  endfacet
  facet normal 0.898086 -0 0.439819
    outer loop
      vertex 1.73746 -4.5 1.83527
      vertex 1.7644 6 1.78026
      vertex 1.73746 6 1.83527
    endloop
  endfacet
  facet normal 0.898086 0 0.439819
    outer loop
      vertex 1.7644 6 1.78026
      vertex 1.73746 -4.5 1.83527
      vertex 1.7644 -4.5 1.78026
    endloop
  endfacet
  facet normal 0.999877 0 -0.0156718
    outer loop
      vertex 1.95 -4.5 0.95
      vertex 1.94904 6 0.888751
      vertex 1.95 6 0.95
    endloop
  endfacet
  facet normal 0.999877 0 -0.0156718
    outer loop
      vertex 1.94904 6 0.888751
      vertex 1.95 -4.5 0.95
      vertex 1.94904 -4.5 0.888751
    endloop
  endfacet
  facet normal -0.549302 -1.58259e-19 0.835624
    outer loop
      vertex -1.09605 6 2.56279
      vertex -1.04486 -4.5 2.59644
      vertex -1.04486 6 2.59644
    endloop
  endfacet
  facet normal -0.549302 -1.58259e-19 0.835624
    outer loop
      vertex -1.04486 -4.5 2.59644
      vertex -1.09605 6 2.56279
      vertex -1.09605 -4.5 2.56279
    endloop
  endfacet
  facet normal -0.972375 0 0.233422
    outer loop
      vertex -1.90303 -4.5 1.37537
      vertex -1.88873 6 1.43494
      vertex -1.90303 6 1.37537
    endloop
  endfacet
  facet normal -0.972375 0 0.233422
    outer loop
      vertex -1.88873 6 1.43494
      vertex -1.90303 -4.5 1.37537
      vertex -1.88873 -4.5 1.43494
    endloop
  endfacet
  facet normal 0.996925 0 -0.078363
    outer loop
      vertex 1.94615 -4.5 0.827563
      vertex 1.94135 6 0.766498
      vertex 1.94615 6 0.827563
    endloop
  endfacet
  facet normal 0.996925 0 -0.078363
    outer loop
      vertex 1.94135 6 0.766498
      vertex 1.94615 -4.5 0.827563
      vertex 1.94135 -4.5 0.766498
    endloop
  endfacet
  facet normal -0.964526 0 0.263988
    outer loop
      vertex -1.88873 -4.5 1.43494
      vertex -1.87256 6 1.49402
      vertex -1.88873 6 1.43494
    endloop
  endfacet
  facet normal -0.964526 0 0.263988
    outer loop
      vertex -1.87256 6 1.49402
      vertex -1.88873 -4.5 1.43494
      vertex -1.87256 -4.5 1.49402
    endloop
  endfacet
  facet normal -0.673103 -6.53361e-20 0.739548
    outer loop
      vertex -1.33485 6 2.37148
      vertex -1.28955 -4.5 2.41271
      vertex -1.28955 6 2.41271
    endloop
  endfacet
  facet normal -0.673103 -6.53361e-20 0.739548
    outer loop
      vertex -1.28955 -4.5 2.41271
      vertex -1.33485 6 2.37148
      vertex -1.33485 -4.5 2.37148
    endloop
  endfacet
  facet normal -0.955801 0 -0.294015
    outer loop
      vertex -1.85455 -4.5 0.34743
      vertex -1.87256 6 0.405978
      vertex -1.85455 6 0.34743
    endloop
  endfacet
  facet normal -0.955801 -0 -0.294015
    outer loop
      vertex -1.87256 6 0.405978
      vertex -1.85455 -4.5 0.34743
      vertex -1.87256 -4.5 0.405978
    endloop
  endfacet
  facet normal 0.985117 -0 0.171885
    outer loop
      vertex 1.91545 -4.5 1.31539
      vertex 1.92598 6 1.25504
      vertex 1.91545 6 1.31539
    endloop
  endfacet
  facet normal 0.985117 0 0.171885
    outer loop
      vertex 1.92598 6 1.25504
      vertex 1.91545 -4.5 1.31539
      vertex 1.92598 -4.5 1.25504
    endloop
  endfacet
  facet normal 0.911398 0 -0.411526
    outer loop
      vertex 1.78961 -4.5 0.175571
      vertex 1.7644 6 0.119739
      vertex 1.78961 6 0.175571
    endloop
  endfacet
  facet normal 0.911398 0 -0.411526
    outer loop
      vertex 1.7644 6 0.119739
      vertex 1.78961 -4.5 0.175571
      vertex 1.7644 -4.5 0.119739
    endloop
  endfacet
  facet normal 0.835624 -0 0.549302
    outer loop
      vertex 1.61279 -4.5 2.04605
      vertex 1.64644 6 1.99486
      vertex 1.61279 6 2.04605
    endloop
  endfacet
  facet normal 0.835624 0 0.549302
    outer loop
      vertex 1.64644 6 1.99486
      vertex 1.61279 -4.5 2.04605
      vertex 1.64644 -4.5 1.99486
    endloop
  endfacet
  facet normal -0.935338 0 -0.353755
    outer loop
      vertex -1.81305 -4.5 0.232166
      vertex -1.83472 6 0.289462
      vertex -1.81305 6 0.232166
    endloop
  endfacet
  facet normal -0.935338 -0 -0.353755
    outer loop
      vertex -1.83472 6 0.289462
      vertex -1.81305 -4.5 0.232166
      vertex -1.83472 -4.5 0.289462
    endloop
  endfacet
  facet normal -0.263979 1.93753e-20 0.964528
    outer loop
      vertex -0.544022 6 2.82256
      vertex -0.48494 -4.5 2.83873
      vertex -0.48494 6 2.83873
    endloop
  endfacet
  facet normal -0.263979 1.93753e-20 0.964528
    outer loop
      vertex -0.48494 -4.5 2.83873
      vertex -0.544022 6 2.82256
      vertex -0.544022 -4.5 2.82256
    endloop
  endfacet
  facet normal -0.141026 7.18266e-20 0.990006
    outer loop
      vertex -0.305038 6 2.87598
      vertex -0.244385 -4.5 2.88462
      vertex -0.244385 6 2.88462
    endloop
  endfacet
  facet normal -0.141026 7.18266e-20 0.990006
    outer loop
      vertex -0.244385 -4.5 2.88462
      vertex -0.305038 6 2.87598
      vertex -0.305038 -4.5 2.87598
    endloop
  endfacet
  facet normal 0.979227 -0 0.202768
    outer loop
      vertex 1.90303 -4.5 1.37537
      vertex 1.91545 6 1.31539
      vertex 1.90303 6 1.37537
    endloop
  endfacet
  facet normal 0.979227 0 0.202768
    outer loop
      vertex 1.91545 6 1.31539
      vertex 1.90303 -4.5 1.37537
      vertex 1.91545 -4.5 1.31539
    endloop
  endfacet
  facet normal 0.972376 0 -0.233419
    outer loop
      vertex 1.90303 -4.5 0.524631
      vertex 1.88873 6 0.46506
      vertex 1.90303 6 0.524631
    endloop
  endfacet
  facet normal 0.972376 0 -0.233419
    outer loop
      vertex 1.88873 6 0.46506
      vertex 1.90303 -4.5 0.524631
      vertex 1.88873 -4.5 0.46506
    endloop
  endfacet
  facet normal 0.739548 -0 0.673103
    outer loop
      vertex 1.42148 -4.5 2.28485
      vertex 1.46271 6 2.23955
      vertex 1.42148 6 2.28485
    endloop
  endfacet
  facet normal 0.739548 0 0.673103
    outer loop
      vertex 1.46271 6 2.23955
      vertex 1.42148 -4.5 2.28485
      vertex 1.46271 -4.5 2.23955
    endloop
  endfacet
  facet normal 0.990008 -0 0.14101
    outer loop
      vertex 1.92598 -4.5 1.25504
      vertex 1.93462 6 1.19438
      vertex 1.92598 6 1.25504
    endloop
  endfacet
  facet normal 0.990008 0 0.14101
    outer loop
      vertex 1.93462 6 1.19438
      vertex 1.92598 -4.5 1.25504
      vertex 1.93462 -4.5 1.19438
    endloop
  endfacet
  facet normal 0.923893 0 -0.38265
    outer loop
      vertex 1.81305 -4.5 0.232166
      vertex 1.78961 6 0.175571
      vertex 1.81305 6 0.232166
    endloop
  endfacet
  facet normal 0.923893 0 -0.38265
    outer loop
      vertex 1.78961 6 0.175571
      vertex 1.81305 -4.5 0.232166
      vertex 1.78961 -4.5 0.175571
    endloop
  endfacet
  facet normal 0.964526 -0 0.263988
    outer loop
      vertex 1.87256 -4.5 1.49402
      vertex 1.88873 6 1.43494
      vertex 1.87256 6 1.49402
    endloop
  endfacet
  facet normal 0.964526 0 0.263988
    outer loop
      vertex 1.88873 6 1.43494
      vertex 1.87256 -4.5 1.49402
      vertex 1.88873 -4.5 1.43494
    endloop
  endfacet
  facet normal 0.998886 0 -0.0471789
    outer loop
      vertex 1.94904 -4.5 0.888751
      vertex 1.94615 6 0.827563
      vertex 1.94904 6 0.888751
    endloop
  endfacet
  facet normal 0.998886 0 -0.0471789
    outer loop
      vertex 1.94615 6 0.827563
      vertex 1.94904 -4.5 0.888751
      vertex 1.94615 -4.5 0.827563
    endloop
  endfacet
  facet normal 0.993945 -0 0.109876
    outer loop
      vertex 1.93462 -4.5 1.19438
      vertex 1.94135 6 1.1335
      vertex 1.93462 6 1.19438
    endloop
  endfacet
  facet normal 0.993945 0 0.109876
    outer loop
      vertex 1.94135 6 1.1335
      vertex 1.93462 -4.5 1.19438
      vertex 1.94135 -4.5 1.1335
    endloop
  endfacet
  facet normal 0.549302 1.58259e-19 0.835624
    outer loop
      vertex 1.04486 6 2.59644
      vertex 1.09605 -4.5 2.56279
      vertex 1.09605 6 2.56279
    endloop
  endfacet
  facet normal 0.549302 1.58259e-19 0.835624
    outer loop
      vertex 1.09605 -4.5 2.56279
      vertex 1.04486 6 2.59644
      vertex 1.04486 -4.5 2.59644
    endloop
  endfacet
  facet normal 0.574765 -9.25696e-20 0.818318
    outer loop
      vertex 1.09605 6 2.56279
      vertex 1.14618 -4.5 2.52758
      vertex 1.14618 6 2.52758
    endloop
  endfacet
  facet normal 0.574765 -9.25696e-20 0.818318
    outer loop
      vertex 1.14618 -4.5 2.52758
      vertex 1.09605 6 2.56279
      vertex 1.09605 -4.5 2.56279
    endloop
  endfacet
  facet normal 0.964528 0 -0.263979
    outer loop
      vertex 1.88873 -4.5 0.46506
      vertex 1.87256 6 0.405978
      vertex 1.88873 6 0.46506
    endloop
  endfacet
  facet normal 0.964528 0 -0.263979
    outer loop
      vertex 1.87256 6 0.405978
      vertex 1.88873 -4.5 0.46506
      vertex 1.87256 -4.5 0.405978
    endloop
  endfacet
  facet normal 0.985116 0 -0.171888
    outer loop
      vertex 1.92598 -4.5 0.644962
      vertex 1.91545 6 0.584613
      vertex 1.92598 6 0.644962
    endloop
  endfacet
  facet normal 0.985116 0 -0.171888
    outer loop
      vertex 1.91545 6 0.584613
      vertex 1.92598 -4.5 0.644962
      vertex 1.91545 -4.5 0.584613
    endloop
  endfacet
  facet normal -0.818084 0 0.575099
    outer loop
      vertex 7.00751 6 1.6245
      vertex 7.02919 8.5 1.65534
      vertex 7.00751 8.5 1.6245
    endloop
  endfacet
  facet normal -0.818084 0 0.575099
    outer loop
      vertex 7.02919 8.5 1.65534
      vertex 7.00751 6 1.6245
      vertex 7.02919 6 1.65534
    endloop
  endfacet
  facet normal 0.601759 -1.45359e-20 -0.798678
    outer loop
      vertex 8.73306 6 3.05176e-06
      vertex 8.73547 8.5 0.00181885
      vertex 8.73547 6 0.00181885
    endloop
  endfacet
  facet normal 0.601759 -1.45359e-20 -0.798678
    outer loop
      vertex 8.73547 8.5 0.00181885
      vertex 8.73306 6 3.05176e-06
      vertex 8.73306 8.5 3.05176e-06
    endloop
  endfacet
  facet normal -0.852658 0 -0.522469
    outer loop
      vertex 6.98682 6 0.30701
      vertex 6.96712 8.5 0.33916
      vertex 6.98682 8.5 0.30701
    endloop
  endfacet
  facet normal -0.852658 -0 -0.522469
    outer loop
      vertex 6.96712 8.5 0.33916
      vertex 6.98682 6 0.30701
      vertex 6.96712 6 0.33916
    endloop
  endfacet
  facet normal -0.625064 9.29255e-20 -0.780573
    outer loop
      vertex 7.23509 6 0.0253937
      vertex 7.26453 8.5 0.00181885
      vertex 7.26453 6 0.00181885
    endloop
  endfacet
  facet normal -0.625064 9.29255e-20 -0.780573
    outer loop
      vertex 7.26453 8.5 0.00181885
      vertex 7.23509 6 0.0253937
      vertex 7.23509 8.5 0.0253937
    endloop
  endfacet
  facet normal 0.233664 1.22153e-19 0.972317
    outer loop
      vertex 8.26176 8.5 2.1211
      vertex 8.29842 6 2.11229
      vertex 8.29842 8.5 2.11229
    endloop
  endfacet
  facet normal 0.233664 1.22153e-19 0.972317
    outer loop
      vertex 8.29842 6 2.11229
      vertex 8.26176 8.5 2.1211
      vertex 8.26176 6 2.1211
    endloop
  endfacet
  facet normal -0.29362 9.03992e-20 0.955922
    outer loop
      vertex 7.62918 8.5 2.09127
      vertex 7.66522 6 2.10234
      vertex 7.66522 8.5 2.10234
    endloop
  endfacet
  facet normal -0.29362 9.03992e-20 0.955922
    outer loop
      vertex 7.66522 6 2.10234
      vertex 7.62918 8.5 2.09127
      vertex 7.62918 6 2.09127
    endloop
  endfacet
  facet normal -0.979242 0 0.202693
    outer loop
      vertex 6.82126 6 1.17485
      vertex 6.8289 8.5 1.21176
      vertex 6.82126 8.5 1.17485
    endloop
  endfacet
  facet normal -0.979242 0 0.202693
    outer loop
      vertex 6.8289 8.5 1.21176
      vertex 6.82126 6 1.17485
      vertex 6.8289 6 1.21176
    endloop
  endfacet
  facet normal -0.898058 0 0.439876
    outer loop
      vertex 6.91422 6 1.46093
      vertex 6.9308 8.5 1.49478
      vertex 6.91422 8.5 1.46093
    endloop
  endfacet
  facet normal -0.898058 0 0.439876
    outer loop
      vertex 6.9308 8.5 1.49478
      vertex 6.91422 6 1.46093
      vertex 6.9308 6 1.49478
    endloop
  endfacet
  facet normal -0.171621 4.5688e-20 0.985163
    outer loop
      vertex 7.77515 8.5 2.12874
      vertex 7.81229 6 2.13521
      vertex 7.81229 8.5 2.13521
    endloop
  endfacet
  facet normal -0.171621 4.5688e-20 0.985163
    outer loop
      vertex 7.81229 6 2.13521
      vertex 7.77515 8.5 2.12874
      vertex 7.77515 6 2.12874
    endloop
  endfacet
  facet normal 0.99398 -0 0.109558
    outer loop
      vertex 9.19054 6 1.10039
      vertex 9.19467 8.5 1.06292
      vertex 9.19054 8.5 1.10039
    endloop
  endfacet
  facet normal 0.99398 0 0.109558
    outer loop
      vertex 9.19467 8.5 1.06292
      vertex 9.19054 6 1.10039
      vertex 9.19467 6 1.06292
    endloop
  endfacet
  facet normal -0.495453 -9.89408e-22 0.868635
    outer loop
      vertex 7.38916 8.5 1.98288
      vertex 7.42191 6 2.00156
      vertex 7.42191 8.5 2.00156
    endloop
  endfacet
  facet normal -0.495453 -9.89408e-22 0.868635
    outer loop
      vertex 7.42191 6 2.00156
      vertex 7.38916 8.5 1.98288
      vertex 7.38916 6 1.98288
    endloop
  endfacet
  facet normal -0.739592 0 -0.673056
    outer loop
      vertex 7.12524 6 0.128558
      vertex 7.09987 8.5 0.156436
      vertex 7.12524 8.5 0.128558
    endloop
  endfacet
  facet normal -0.739592 -0 -0.673056
    outer loop
      vertex 7.09987 8.5 0.156436
      vertex 7.12524 6 0.128558
      vertex 7.09987 6 0.156436
    endloop
  endfacet
  facet normal 0 0 -1
    outer loop
      vertex 9.70274 -4 3.05176e-06
      vertex 8.73306 6 3.05176e-06
      vertex 9.70274 6 3.05176e-06
    endloop
  endfacet
  facet normal 0 0 -1
    outer loop
      vertex 8.73306 6 3.05176e-06
      vertex 7.26694 6 3.05176e-06
      vertex 8.73306 8.5 3.05176e-06
    endloop
  endfacet
  facet normal 0 0 -1
    outer loop
      vertex 9.70274 -4 3.05176e-06
      vertex 7.26694 6 3.05176e-06
      vertex 8.73306 6 3.05176e-06
    endloop
  endfacet
  facet normal 0 0 -1
    outer loop
      vertex 6.29726 -4 3.05176e-06
      vertex 7.26694 6 3.05176e-06
      vertex 9.70274 -4 3.05176e-06
    endloop
  endfacet
  facet normal -0 0 -1
    outer loop
      vertex 7.26694 6 3.05176e-06
      vertex 6.29726 -4 3.05176e-06
      vertex 6.29726 6 3.05176e-06
    endloop
  endfacet
  facet normal -0 0 -1
    outer loop
      vertex 8.73306 8.5 3.05176e-06
      vertex 7.26694 6 3.05176e-06
      vertex 7.26694 8.5 3.05176e-06
    endloop
  endfacet
  facet normal -0.989956 0 -0.141373
    outer loop
      vertex 6.81479 6 0.762286
      vertex 6.80946 8.5 0.799609
      vertex 6.81479 8.5 0.762286
    endloop
  endfacet
  facet normal -0.989956 -0 -0.141373
    outer loop
      vertex 6.80946 8.5 0.799609
      vertex 6.81479 6 0.762286
      vertex 6.80946 6 0.799609
    endloop
  endfacet
  facet normal 0.989956 0 -0.141373
    outer loop
      vertex 9.19054 6 0.799609
      vertex 9.18521 8.5 0.762286
      vertex 9.19054 8.5 0.799609
    endloop
  endfacet
  facet normal 0.989956 0 -0.141373
    outer loop
      vertex 9.18521 8.5 0.762286
      vertex 9.19054 6 0.799609
      vertex 9.18521 6 0.762286
    endloop
  endfacet
  facet normal 0.695611 3.1365e-19 0.718418
    outer loop
      vertex 8.82144 8.5 1.82476
      vertex 8.84853 6 1.79853
      vertex 8.84853 8.5 1.79853
    endloop
  endfacet
  facet normal 0.695611 3.1365e-19 0.718418
    outer loop
      vertex 8.84853 6 1.79853
      vertex 8.82144 8.5 1.82476
      vertex 8.82144 6 1.82476
    endloop
  endfacet
  facet normal -0.718341 0 -0.695691
    outer loop
      vertex 7.15147 6 0.101474
      vertex 7.12524 8.5 0.128558
      vertex 7.15147 8.5 0.101474
    endloop
  endfacet
  facet normal -0.718341 -0 -0.695691
    outer loop
      vertex 7.12524 8.5 0.128558
      vertex 7.15147 6 0.101474
      vertex 7.12524 6 0.128558
    endloop
  endfacet
  facet normal -0.989955 0 0.141384
    outer loop
      vertex 6.80946 6 1.10039
      vertex 6.81479 8.5 1.13771
      vertex 6.80946 8.5 1.10039
    endloop
  endfacet
  facet normal -0.989955 0 0.141384
    outer loop
      vertex 6.81479 8.5 1.13771
      vertex 6.80946 6 1.10039
      vertex 6.81479 6 1.13771
    endloop
  endfacet
  facet normal -0.739616 0 0.673029
    outer loop
      vertex 7.09987 6 1.74356
      vertex 7.12524 8.5 1.77144
      vertex 7.09987 8.5 1.74356
    endloop
  endfacet
  facet normal -0.739616 0 0.673029
    outer loop
      vertex 7.12524 8.5 1.77144
      vertex 7.09987 6 1.74356
      vertex 7.12524 6 1.77144
    endloop
  endfacet
  facet normal 0.993982 0 -0.109541
    outer loop
      vertex 9.19467 6 0.837085
      vertex 9.19054 8.5 0.799609
      vertex 9.19467 8.5 0.837085
    endloop
  endfacet
  facet normal 0.993982 0 -0.109541
    outer loop
      vertex 9.19054 8.5 0.799609
      vertex 9.19467 6 0.837085
      vertex 9.19054 6 0.799609
    endloop
  endfacet
  facet normal -0.935476 0 0.35339
    outer loop
      vertex 6.87096 6 1.35648
      vertex 6.88428 8.5 1.39174
      vertex 6.87096 8.5 1.35648
    endloop
  endfacet
  facet normal -0.935476 0 0.35339
    outer loop
      vertex 6.88428 8.5 1.39174
      vertex 6.87096 6 1.35648
      vertex 6.88428 6 1.39174
    endloop
  endfacet
  facet normal 0.852658 -0 0.522469
    outer loop
      vertex 9.01318 6 1.59299
      vertex 9.03288 8.5 1.56084
      vertex 9.01318 8.5 1.59299
    endloop
  endfacet
  facet normal 0.852658 0 0.522469
    outer loop
      vertex 9.03288 8.5 1.56084
      vertex 9.01318 6 1.59299
      vertex 9.03288 6 1.56084
    endloop
  endfacet
  facet normal -0.673106 5.42206e-19 -0.739546
    outer loop
      vertex 7.17856 6 0.0752441
      vertex 7.20644 8.5 0.0498688
      vertex 7.20644 6 0.0498688
    endloop
  endfacet
  facet normal -0.673106 5.42206e-19 -0.739546
    outer loop
      vertex 7.20644 8.5 0.0498688
      vertex 7.17856 6 0.0752441
      vertex 7.17856 8.5 0.0752441
    endloop
  endfacet
  facet normal -0.649535 -2.78981e-19 -0.760331
    outer loop
      vertex 7.20644 6 0.0498688
      vertex 7.23509 8.5 0.0253937
      vertex 7.23509 6 0.0253937
    endloop
  endfacet
  facet normal -0.649535 -2.78981e-19 -0.760331
    outer loop
      vertex 7.23509 8.5 0.0253937
      vertex 7.20644 6 0.0498688
      vertex 7.20644 8.5 0.0498688
    endloop
  endfacet
  facet normal -0.0785429 -4.58411e-20 0.996911
    outer loop
      vertex 7.88708 8.5 2.14467
      vertex 7.92465 6 2.14763
      vertex 7.92465 8.5 2.14763
    endloop
  endfacet
  facet normal -0.0785429 -4.58411e-20 0.996911
    outer loop
      vertex 7.92465 6 2.14763
      vertex 7.88708 8.5 2.14467
      vertex 7.88708 6 2.14467
    endloop
  endfacet
  facet normal -0.985163 0 -0.171621
    outer loop
      vertex 6.82126 6 0.725146
      vertex 6.81479 8.5 0.762286
      vertex 6.82126 8.5 0.725146
    endloop
  endfacet
  facet normal -0.985163 -0 -0.171621
    outer loop
      vertex 6.81479 8.5 0.762286
      vertex 6.82126 6 0.725146
      vertex 6.81479 6 0.762286
    endloop
  endfacet
  facet normal -0.263948 2.20782e-19 0.964537
    outer loop
      vertex 7.66522 8.5 2.10234
      vertex 7.70158 6 2.11229
      vertex 7.70158 8.5 2.11229
    endloop
  endfacet
  facet normal -0.263948 2.20782e-19 0.964537
    outer loop
      vertex 7.70158 6 2.11229
      vertex 7.66522 8.5 2.10234
      vertex 7.66522 6 2.10234
    endloop
  endfacet
  facet normal 0.868635 -0 0.495453
    outer loop
      vertex 9.03288 6 1.56084
      vertex 9.05156 8.5 1.52809
      vertex 9.03288 8.5 1.56084
    endloop
  endfacet
  facet normal 0.868635 0 0.495453
    outer loop
      vertex 9.05156 8.5 1.52809
      vertex 9.03288 6 1.56084
      vertex 9.05156 6 1.52809
    endloop
  endfacet
  facet normal -0.999873 0 -0.0159177
    outer loop
      vertex 6.8006 6 0.912311
      vertex 6.8 8.5 0.95
      vertex 6.8006 8.5 0.912311
    endloop
  endfacet
  facet normal -0.999873 -0 -0.0159177
    outer loop
      vertex 6.8 8.5 0.95
      vertex 6.8006 6 0.912311
      vertex 6.8 6 0.95
    endloop
  endfacet
  facet normal 0.64961 3.45356e-19 0.760267
    outer loop
      vertex 8.76491 8.5 1.87461
      vertex 8.79356 6 1.85013
      vertex 8.79356 8.5 1.85013
    endloop
  endfacet
  facet normal 0.64961 3.45356e-19 0.760267
    outer loop
      vertex 8.79356 6 1.85013
      vertex 8.76491 8.5 1.87461
      vertex 8.76491 6 1.87461
    endloop
  endfacet
  facet normal 0.69561 1.20539e-19 -0.71842
    outer loop
      vertex 8.82144 6 0.0752441
      vertex 8.84853 8.5 0.101474
      vertex 8.84853 6 0.101474
    endloop
  endfacet
  facet normal 0.69561 1.20539e-19 -0.71842
    outer loop
      vertex 8.84853 8.5 0.101474
      vertex 8.82144 6 0.0752441
      vertex 8.82144 8.5 0.0752441
    endloop
  endfacet
  facet normal -0.923907 0 0.382617
    outer loop
      vertex 6.88428 6 1.39174
      vertex 6.8987 8.5 1.42656
      vertex 6.88428 8.5 1.39174
    endloop
  endfacet
  facet normal -0.923907 0 0.382617
    outer loop
      vertex 6.8987 8.5 1.42656
      vertex 6.88428 6 1.39174
      vertex 6.8987 6 1.42656
    endloop
  endfacet
  facet normal 0.923907 -0 0.382617
    outer loop
      vertex 9.1013 6 1.42656
      vertex 9.11572 8.5 1.39174
      vertex 9.1013 8.5 1.42656
    endloop
  endfacet
  facet normal 0.923907 0 0.382617
    outer loop
      vertex 9.11572 8.5 1.39174
      vertex 9.1013 6 1.42656
      vertex 9.11572 6 1.39174
    endloop
  endfacet
  facet normal -0.945916 0 0.324412
    outer loop
      vertex 6.85873 6 1.32082
      vertex 6.87096 8.5 1.35648
      vertex 6.85873 8.5 1.32082
    endloop
  endfacet
  facet normal -0.945916 0 0.324412
    outer loop
      vertex 6.87096 8.5 1.35648
      vertex 6.85873 6 1.32082
      vertex 6.87096 6 1.35648
    endloop
  endfacet
  facet normal -0.99398 0 0.109558
    outer loop
      vertex 6.80533 6 1.06292
      vertex 6.80946 8.5 1.10039
      vertex 6.80533 8.5 1.06292
    endloop
  endfacet
  facet normal -0.99398 0 0.109558
    outer loop
      vertex 6.80946 8.5 1.10039
      vertex 6.80533 6 1.06292
      vertex 6.80946 6 1.10039
    endloop
  endfacet
  facet normal -0.911354 0 -0.411624
    outer loop
      vertex 6.91422 6 0.439075
      vertex 6.8987 8.5 0.473437
      vertex 6.91422 8.5 0.439075
    endloop
  endfacet
  facet normal -0.911354 -0 -0.411624
    outer loop
      vertex 6.8987 8.5 0.473437
      vertex 6.91422 6 0.439075
      vertex 6.8987 6 0.473437
    endloop
  endfacet
  facet normal -0.69561 2.28324e-20 -0.71842
    outer loop
      vertex 7.15147 6 0.101474
      vertex 7.17856 8.5 0.0752441
      vertex 7.17856 6 0.0752441
    endloop
  endfacet
  facet normal -0.69561 2.28324e-20 -0.71842
    outer loop
      vertex 7.17856 8.5 0.0752441
      vertex 7.15147 6 0.101474
      vertex 7.15147 8.5 0.101474
    endloop
  endfacet
  facet normal -0.780574 0 -0.625064
    outer loop
      vertex 7.07539 6 0.185092
      vertex 7.05182 8.5 0.214526
      vertex 7.07539 8.5 0.185092
    endloop
  endfacet
  facet normal -0.780574 -0 -0.625064
    outer loop
      vertex 7.05182 8.5 0.214526
      vertex 7.07539 6 0.185092
      vertex 7.05182 6 0.214526
    endloop
  endfacet
  facet normal -0.760334 0 -0.649532
    outer loop
      vertex 7.09987 6 0.156436
      vertex 7.07539 8.5 0.185092
      vertex 7.09987 8.5 0.156436
    endloop
  endfacet
  facet normal -0.760334 -0 -0.649532
    outer loop
      vertex 7.07539 8.5 0.185092
      vertex 7.09987 6 0.156436
      vertex 7.07539 6 0.185092
    endloop
  endfacet
  facet normal 0.964537 -0 0.263948
    outer loop
      vertex 9.15234 6 1.28478
      vertex 9.16229 8.5 1.24842
      vertex 9.15234 8.5 1.28478
    endloop
  endfacet
  facet normal 0.964537 0 0.263948
    outer loop
      vertex 9.16229 8.5 1.24842
      vertex 9.15234 6 1.28478
      vertex 9.16229 6 1.24842
    endloop
  endfacet
  facet normal -0.624986 -3.96357e-19 0.780636
    outer loop
      vertex 7.23509 8.5 1.87461
      vertex 7.26453 6 1.89818
      vertex 7.26453 8.5 1.89818
    endloop
  endfacet
  facet normal -0.624986 -3.96357e-19 0.780636
    outer loop
      vertex 7.26453 6 1.89818
      vertex 7.23509 8.5 1.87461
      vertex 7.23509 6 1.87461
    endloop
  endfacet
  facet normal 0.835907 0 -0.548871
    outer loop
      vertex 9.01318 6 0.30701
      vertex 8.99249 8.5 0.2755
      vertex 9.01318 8.5 0.30701
    endloop
  endfacet
  facet normal 0.835907 0 -0.548871
    outer loop
      vertex 8.99249 8.5 0.2755
      vertex 9.01318 6 0.30701
      vertex 8.99249 6 0.2755
    endloop
  endfacet
  facet normal 0.0785429 4.77743e-20 0.996911
    outer loop
      vertex 8.07535 8.5 2.14763
      vertex 8.11292 6 2.14467
      vertex 8.11292 8.5 2.14467
    endloop
  endfacet
  facet normal 0.0785429 4.77743e-20 0.996911
    outer loop
      vertex 8.11292 6 2.14467
      vertex 8.07535 8.5 2.14763
      vertex 8.07535 6 2.14763
    endloop
  endfacet
  facet normal 0.999873 0 -0.0159177
    outer loop
      vertex 9.2 6 0.95
      vertex 9.1994 8.5 0.912311
      vertex 9.2 8.5 0.95
    endloop
  endfacet
  facet normal 0.999873 0 -0.0159177
    outer loop
      vertex 9.1994 8.5 0.912311
      vertex 9.2 6 0.95
      vertex 9.1994 6 0.912311
    endloop
  endfacet
  facet normal -0.985163 0 0.171621
    outer loop
      vertex 6.81479 6 1.13771
      vertex 6.82126 8.5 1.17485
      vertex 6.81479 8.5 1.13771
    endloop
  endfacet
  facet normal -0.985163 0 0.171621
    outer loop
      vertex 6.82126 8.5 1.17485
      vertex 6.81479 6 1.13771
      vertex 6.82126 6 1.17485
    endloop
  endfacet
  facet normal 0.99691 0 -0.0785491
    outer loop
      vertex 9.19763 6 0.874652
      vertex 9.19467 8.5 0.837085
      vertex 9.19763 8.5 0.874652
    endloop
  endfacet
  facet normal 0.99691 0 -0.0785491
    outer loop
      vertex 9.19467 8.5 0.837085
      vertex 9.19763 6 0.874652
      vertex 9.19467 6 0.837085
    endloop
  endfacet
  facet normal -0.972304 0 -0.233718
    outer loop
      vertex 6.83771 6 0.651584
      vertex 6.8289 8.5 0.688235
      vertex 6.83771 8.5 0.651584
    endloop
  endfacet
  facet normal -0.972304 -0 -0.233718
    outer loop
      vertex 6.8289 8.5 0.688235
      vertex 6.83771 6 0.651584
      vertex 6.8289 6 0.688235
    endloop
  endfacet
  facet normal -0.673029 1.52991e-19 0.739616
    outer loop
      vertex 7.17856 8.5 1.82476
      vertex 7.20644 6 1.85013
      vertex 7.20644 8.5 1.85013
    endloop
  endfacet
  facet normal -0.673029 1.52991e-19 0.739616
    outer loop
      vertex 7.20644 6 1.85013
      vertex 7.17856 8.5 1.82476
      vertex 7.17856 6 1.82476
    endloop
  endfacet
  facet normal 0.439876 4.73499e-19 0.898058
    outer loop
      vertex 8.51093 8.5 2.03578
      vertex 8.54478 6 2.0192
      vertex 8.54478 8.5 2.0192
    endloop
  endfacet
  facet normal 0.439876 4.73499e-19 0.898058
    outer loop
      vertex 8.54478 6 2.0192
      vertex 8.51093 8.5 2.03578
      vertex 8.51093 6 2.03578
    endloop
  endfacet
  facet normal -0.780636 0 0.624986
    outer loop
      vertex 7.05182 6 1.68547
      vertex 7.07539 8.5 1.71491
      vertex 7.05182 8.5 1.68547
    endloop
  endfacet
  facet normal -0.780636 0 0.624986
    outer loop
      vertex 7.07539 8.5 1.71491
      vertex 7.05182 6 1.68547
      vertex 7.07539 6 1.71491
    endloop
  endfacet
  facet normal 0.945916 -0 0.324412
    outer loop
      vertex 9.12904 6 1.35648
      vertex 9.14127 8.5 1.32082
      vertex 9.12904 8.5 1.35648
    endloop
  endfacet
  facet normal 0.945916 0 0.324412
    outer loop
      vertex 9.14127 8.5 1.32082
      vertex 9.12904 6 1.35648
      vertex 9.14127 6 1.32082
    endloop
  endfacet
  facet normal -0.522469 -4.33244e-19 0.852658
    outer loop
      vertex 7.35701 8.5 1.96318
      vertex 7.38916 6 1.98288
      vertex 7.38916 8.5 1.98288
    endloop
  endfacet
  facet normal -0.522469 -4.33244e-19 0.852658
    outer loop
      vertex 7.38916 6 1.98288
      vertex 7.35701 8.5 1.96318
      vertex 7.35701 6 1.96318
    endloop
  endfacet
  facet normal 0.799643 0 -0.600475
    outer loop
      vertex 8.97081 6 0.244662
      vertex 8.94818 8.5 0.214526
      vertex 8.97081 8.5 0.244662
    endloop
  endfacet
  facet normal 0.799643 0 -0.600475
    outer loop
      vertex 8.94818 8.5 0.214526
      vertex 8.97081 6 0.244662
      vertex 8.94818 6 0.214526
    endloop
  endfacet
  facet normal 0.649535 -2.96505e-19 -0.760331
    outer loop
      vertex 8.76491 6 0.0253937
      vertex 8.79356 8.5 0.0498688
      vertex 8.79356 6 0.0498688
    endloop
  endfacet
  facet normal 0.649535 -2.96505e-19 -0.760331
    outer loop
      vertex 8.79356 8.5 0.0498688
      vertex 8.76491 6 0.0253937
      vertex 8.76491 8.5 0.0253937
    endloop
  endfacet
  facet normal 0.109558 -1.86125e-20 0.99398
    outer loop
      vertex 8.11292 8.5 2.14467
      vertex 8.15039 6 2.14054
      vertex 8.15039 8.5 2.14054
    endloop
  endfacet
  facet normal 0.109558 -1.86125e-20 0.99398
    outer loop
      vertex 8.15039 6 2.14054
      vertex 8.11292 8.5 2.14467
      vertex 8.11292 6 2.14467
    endloop
  endfacet
  facet normal -0.760267 0 0.64961
    outer loop
      vertex 7.07539 6 1.71491
      vertex 7.09987 8.5 1.74356
      vertex 7.07539 8.5 1.71491
    endloop
  endfacet
  facet normal -0.760267 0 0.64961
    outer loop
      vertex 7.09987 8.5 1.74356
      vertex 7.07539 6 1.71491
      vertex 7.09987 6 1.74356
    endloop
  endfacet
  facet normal 0.202693 5.77589e-20 0.979242
    outer loop
      vertex 8.22485 8.5 2.12874
      vertex 8.26176 6 2.1211
      vertex 8.26176 8.5 2.1211
    endloop
  endfacet
  facet normal 0.202693 5.77589e-20 0.979242
    outer loop
      vertex 8.26176 6 2.1211
      vertex 8.22485 8.5 2.12874
      vertex 8.22485 6 2.12874
    endloop
  endfacet
  facet normal -0.835907 0 0.548871
    outer loop
      vertex 6.98682 6 1.59299
      vertex 7.00751 8.5 1.6245
      vertex 6.98682 8.5 1.59299
    endloop
  endfacet
  facet normal -0.835907 0 0.548871
    outer loop
      vertex 7.00751 8.5 1.6245
      vertex 6.98682 6 1.59299
      vertex 7.00751 6 1.6245
    endloop
  endfacet
  facet normal -0.35339 1.7656e-19 0.935476
    outer loop
      vertex 7.55826 8.5 2.06572
      vertex 7.59352 6 2.07904
      vertex 7.59352 8.5 2.07904
    endloop
  endfacet
  facet normal -0.35339 1.7656e-19 0.935476
    outer loop
      vertex 7.59352 6 2.07904
      vertex 7.55826 8.5 2.06572
      vertex 7.55826 6 2.06572
    endloop
  endfacet
  facet normal 0.89811 0 -0.439771
    outer loop
      vertex 9.08578 6 0.439075
      vertex 9.0692 8.5 0.405215
      vertex 9.08578 8.5 0.439075
    endloop
  endfacet
  facet normal 0.89811 0 -0.439771
    outer loop
      vertex 9.0692 8.5 0.405215
      vertex 9.08578 6 0.439075
      vertex 9.0692 6 0.405215
    endloop
  endfacet
  facet normal -0.88373 0 0.467997
    outer loop
      vertex 6.9308 6 1.49478
      vertex 6.94844 8.5 1.52809
      vertex 6.9308 8.5 1.49478
    endloop
  endfacet
  facet normal -0.88373 0 0.467997
    outer loop
      vertex 6.94844 8.5 1.52809
      vertex 6.9308 6 1.49478
      vertex 6.94844 6 1.52809
    endloop
  endfacet
  facet normal 0.718418 -0 0.695611
    outer loop
      vertex 8.84853 6 1.79853
      vertex 8.87476 8.5 1.77144
      vertex 8.84853 8.5 1.79853
    endloop
  endfacet
  facet normal 0.718418 0 0.695611
    outer loop
      vertex 8.87476 8.5 1.77144
      vertex 8.84853 6 1.79853
      vertex 8.87476 6 1.77144
    endloop
  endfacet
  facet normal -0.964537 0 0.263948
    outer loop
      vertex 6.83771 6 1.24842
      vertex 6.84766 8.5 1.28478
      vertex 6.83771 8.5 1.24842
    endloop
  endfacet
  facet normal -0.964537 0 0.263948
    outer loop
      vertex 6.84766 8.5 1.28478
      vertex 6.83771 6 1.24842
      vertex 6.84766 6 1.28478
    endloop
  endfacet
  facet normal -0.998897 0 0.0469464
    outer loop
      vertex 6.8006 6 0.987689
      vertex 6.80237 8.5 1.02535
      vertex 6.8006 8.5 0.987689
    endloop
  endfacet
  facet normal -0.998897 0 0.0469464
    outer loop
      vertex 6.80237 8.5 1.02535
      vertex 6.8006 6 0.987689
      vertex 6.80237 6 1.02535
    endloop
  endfacet
  facet normal -0.955922 0 0.29362
    outer loop
      vertex 6.84766 6 1.28478
      vertex 6.85873 8.5 1.32082
      vertex 6.84766 8.5 1.28478
    endloop
  endfacet
  facet normal -0.955922 0 0.29362
    outer loop
      vertex 6.85873 8.5 1.32082
      vertex 6.84766 6 1.28478
      vertex 6.85873 6 1.32082
    endloop
  endfacet
  facet normal -0.718418 0 0.695611
    outer loop
      vertex 7.12524 6 1.77144
      vertex 7.15147 8.5 1.79853
      vertex 7.12524 8.5 1.77144
    endloop
  endfacet
  facet normal -0.718418 0 0.695611
    outer loop
      vertex 7.15147 8.5 1.79853
      vertex 7.12524 6 1.77144
      vertex 7.15147 6 1.79853
    endloop
  endfacet
  facet normal -0.695611 -4.5608e-19 0.718418
    outer loop
      vertex 7.15147 8.5 1.79853
      vertex 7.17856 6 1.82476
      vertex 7.17856 8.5 1.82476
    endloop
  endfacet
  facet normal -0.695611 -4.5608e-19 0.718418
    outer loop
      vertex 7.17856 6 1.82476
      vertex 7.15147 8.5 1.79853
      vertex 7.15147 6 1.79853
    endloop
  endfacet
  facet normal -0.439876 4.73841e-19 0.898058
    outer loop
      vertex 7.45522 8.5 2.0192
      vertex 7.48907 6 2.03578
      vertex 7.48907 8.5 2.03578
    endloop
  endfacet
  facet normal -0.439876 4.73841e-19 0.898058
    outer loop
      vertex 7.48907 6 2.03578
      vertex 7.45522 8.5 2.0192
      vertex 7.45522 6 2.0192
    endloop
  endfacet
  facet normal -0.91139 0 0.411544
    outer loop
      vertex 6.8987 6 1.42656
      vertex 6.91422 8.5 1.46093
      vertex 6.8987 8.5 1.42656
    endloop
  endfacet
  facet normal -0.91139 0 0.411544
    outer loop
      vertex 6.91422 8.5 1.46093
      vertex 6.8987 6 1.42656
      vertex 6.91422 6 1.46093
    endloop
  endfacet
  facet normal 0.0159173 -1.07778e-20 0.999873
    outer loop
      vertex 8 8.5 2.15
      vertex 8.03769 6 2.1494
      vertex 8.03769 8.5 2.1494
    endloop
  endfacet
  facet normal 0.0159173 -1.07778e-20 0.999873
    outer loop
      vertex 8.03769 6 2.1494
      vertex 8 8.5 2.15
      vertex 8 6 2.15
    endloop
  endfacet
  facet normal 0.522469 -2.77105e-19 0.852658
    outer loop
      vertex 8.61084 8.5 1.98288
      vertex 8.64299 6 1.96318
      vertex 8.64299 8.5 1.96318
    endloop
  endfacet
  facet normal 0.522469 -2.77105e-19 0.852658
    outer loop
      vertex 8.64299 6 1.96318
      vertex 8.61084 8.5 1.98288
      vertex 8.61084 6 1.98288
    endloop
  endfacet
  facet normal -0.999873 0 0.0159177
    outer loop
      vertex 6.8 6 0.95
      vertex 6.8006 8.5 0.987689
      vertex 6.8 8.5 0.95
    endloop
  endfacet
  facet normal -0.999873 0 0.0159177
    outer loop
      vertex 6.8006 8.5 0.987689
      vertex 6.8 6 0.95
      vertex 6.8006 6 0.987689
    endloop
  endfacet
  facet normal -0.799586 0 0.600552
    outer loop
      vertex 7.02919 6 1.65534
      vertex 7.05182 8.5 1.68547
      vertex 7.02919 8.5 1.65534
    endloop
  endfacet
  facet normal -0.799586 0 0.600552
    outer loop
      vertex 7.05182 8.5 1.68547
      vertex 7.02919 6 1.65534
      vertex 7.05182 6 1.68547
    endloop
  endfacet
  facet normal 0.818066 0 -0.575124
    outer loop
      vertex 8.99249 6 0.2755
      vertex 8.97081 8.5 0.244662
      vertex 8.99249 8.5 0.2755
    endloop
  endfacet
  facet normal 0.818066 0 -0.575124
    outer loop
      vertex 8.97081 8.5 0.244662
      vertex 8.99249 6 0.2755
      vertex 8.97081 6 0.244662
    endloop
  endfacet
  facet normal 0.548871 1.89808e-19 0.835907
    outer loop
      vertex 8.64299 8.5 1.96318
      vertex 8.6745 6 1.94249
      vertex 8.6745 8.5 1.94249
    endloop
  endfacet
  facet normal 0.548871 1.89808e-19 0.835907
    outer loop
      vertex 8.6745 6 1.94249
      vertex 8.64299 8.5 1.96318
      vertex 8.64299 6 1.96318
    endloop
  endfacet
  facet normal -0.852658 0 0.522469
    outer loop
      vertex 6.96712 6 1.56084
      vertex 6.98682 8.5 1.59299
      vertex 6.96712 8.5 1.56084
    endloop
  endfacet
  facet normal -0.852658 0 0.522469
    outer loop
      vertex 6.98682 8.5 1.59299
      vertex 6.96712 6 1.56084
      vertex 6.98682 6 1.59299
    endloop
  endfacet
  facet normal -0.883724 0 -0.468008
    outer loop
      vertex 6.94844 6 0.371906
      vertex 6.9308 8.5 0.405215
      vertex 6.94844 8.5 0.371906
    endloop
  endfacet
  facet normal -0.883724 -0 -0.468008
    outer loop
      vertex 6.9308 8.5 0.405215
      vertex 6.94844 6 0.371906
      vertex 6.9308 6 0.405215
    endloop
  endfacet
  facet normal 0.883724 0 -0.468008
    outer loop
      vertex 9.0692 6 0.405215
      vertex 9.05156 8.5 0.371906
      vertex 9.0692 8.5 0.405215
    endloop
  endfacet
  facet normal 0.883724 0 -0.468008
    outer loop
      vertex 9.05156 8.5 0.371906
      vertex 9.0692 6 0.405215
      vertex 9.05156 6 0.371906
    endloop
  endfacet
  facet normal 0.625064 5.10042e-20 -0.780573
    outer loop
      vertex 8.73547 6 0.00181885
      vertex 8.76491 8.5 0.0253937
      vertex 8.76491 6 0.0253937
    endloop
  endfacet
  facet normal 0.625064 5.10042e-20 -0.780573
    outer loop
      vertex 8.76491 8.5 0.0253937
      vertex 8.73547 6 0.00181885
      vertex 8.73547 8.5 0.00181885
    endloop
  endfacet
  facet normal 0.972304 0 -0.233718
    outer loop
      vertex 9.1711 6 0.688235
      vertex 9.16229 8.5 0.651584
      vertex 9.1711 8.5 0.688235
    endloop
  endfacet
  facet normal 0.972304 0 -0.233718
    outer loop
      vertex 9.16229 8.5 0.651584
      vertex 9.1711 6 0.688235
      vertex 9.16229 6 0.651584
    endloop
  endfacet
  facet normal -0.89811 0 -0.439771
    outer loop
      vertex 6.9308 6 0.405215
      vertex 6.91422 8.5 0.439075
      vertex 6.9308 8.5 0.405215
    endloop
  endfacet
  facet normal -0.89811 -0 -0.439771
    outer loop
      vertex 6.91422 8.5 0.439075
      vertex 6.9308 6 0.405215
      vertex 6.91422 6 0.439075
    endloop
  endfacet
  facet normal 0.91139 -0 0.411544
    outer loop
      vertex 9.08578 6 1.46093
      vertex 9.1013 8.5 1.42656
      vertex 9.08578 8.5 1.46093
    endloop
  endfacet
  facet normal 0.91139 0 0.411544
    outer loop
      vertex 9.1013 8.5 1.42656
      vertex 9.08578 6 1.46093
      vertex 9.1013 6 1.42656
    endloop
  endfacet
  facet normal 0 1 0
    outer loop
      vertex 8 6 2.15
      vertex 8 6 2.9
      vertex 8.06125 6 2.89904
    endloop
  endfacet
  facet normal 0 1 0
    outer loop
      vertex 8.03769 6 2.1494
      vertex 8.06125 6 2.89904
      vertex 8.12244 6 2.89615
    endloop
  endfacet
  facet normal 0 1 0
    outer loop
      vertex 8 6 2.9
      vertex 8 6 2.15
      vertex 7.93875 6 2.89904
    endloop
  endfacet
  facet normal 0 1 0
    outer loop
      vertex 8.07535 6 2.14763
      vertex 8.12244 6 2.89615
      vertex 8.1835 6 2.89135
    endloop
  endfacet
  facet normal 0 1 -0
    outer loop
      vertex 7.96231 6 2.1494
      vertex 7.93875 6 2.89904
      vertex 8 6 2.15
    endloop
  endfacet
  facet normal 0 1 0
    outer loop
      vertex 8.11292 6 2.14467
      vertex 8.1835 6 2.89135
      vertex 8.24438 6 2.88462
    endloop
  endfacet
  facet normal 0 1 0
    outer loop
      vertex 7.93875 6 2.89904
      vertex 7.96231 6 2.1494
      vertex 7.87756 6 2.89615
    endloop
  endfacet
  facet normal 0 1 0
    outer loop
      vertex 8.15039 6 2.14054
      vertex 8.24438 6 2.88462
      vertex 8.30504 6 2.87598
    endloop
  endfacet
  facet normal 0 1 -0
    outer loop
      vertex 7.92465 6 2.14763
      vertex 7.87756 6 2.89615
      vertex 7.96231 6 2.1494
    endloop
  endfacet
  facet normal 0 1 0
    outer loop
      vertex 8.18771 6 2.13521
      vertex 8.30504 6 2.87598
      vertex 8.36539 6 2.86545
    endloop
  endfacet
  facet normal 0 1 0
    outer loop
      vertex 7.87756 6 2.89615
      vertex 7.92465 6 2.14763
      vertex 7.8165 6 2.89135
    endloop
  endfacet
  facet normal 0 1 0
    outer loop
      vertex 8.22485 6 2.12874
      vertex 8.36539 6 2.86545
      vertex 8.42537 6 2.85303
    endloop
  endfacet
  facet normal 0 1 -0
    outer loop
      vertex 7.88708 6 2.14467
      vertex 7.8165 6 2.89135
      vertex 7.92465 6 2.14763
    endloop
  endfacet
  facet normal 0 1 0
    outer loop
      vertex 8.26176 6 2.1211
      vertex 8.42537 6 2.85303
      vertex 8.48494 6 2.83873
    endloop
  endfacet
  facet normal 0 1 0
    outer loop
      vertex 7.8165 6 2.89135
      vertex 7.88708 6 2.14467
      vertex 7.75562 6 2.88462
    endloop
  endfacet
  facet normal 0 1 0
    outer loop
      vertex 8.29842 6 2.11229
      vertex 8.48494 6 2.83873
      vertex 8.54402 6 2.82256
    endloop
  endfacet
  facet normal 0 1 -0
    outer loop
      vertex 7.84961 6 2.14054
      vertex 7.75562 6 2.88462
      vertex 7.88708 6 2.14467
    endloop
  endfacet
  facet normal 0 1 0
    outer loop
      vertex 8.33478 6 2.10234
      vertex 8.54402 6 2.82256
      vertex 8.60257 6 2.80455
    endloop
  endfacet
  facet normal 0 1 0
    outer loop
      vertex 7.75562 6 2.88462
      vertex 7.84961 6 2.14054
      vertex 7.69496 6 2.87598
    endloop
  endfacet
  facet normal 0 1 0
    outer loop
      vertex 8.37082 6 2.09127
      vertex 8.60257 6 2.80455
      vertex 8.66054 6 2.78472
    endloop
  endfacet
  facet normal 0 1 -0
    outer loop
      vertex 7.81229 6 2.13521
      vertex 7.69496 6 2.87598
      vertex 7.84961 6 2.14054
    endloop
  endfacet
  facet normal 0 1 0
    outer loop
      vertex 8.40648 6 2.07904
      vertex 8.66054 6 2.78472
      vertex 8.71783 6 2.76305
    endloop
  endfacet
  facet normal 0 1 0
    outer loop
      vertex 7.69496 6 2.87598
      vertex 7.81229 6 2.13521
      vertex 7.63461 6 2.86545
    endloop
  endfacet
  facet normal 0 1 0
    outer loop
      vertex 8.44174 6 2.06572
      vertex 8.71783 6 2.76305
      vertex 8.77443 6 2.73961
    endloop
  endfacet
  facet normal 0 1 -0
    outer loop
      vertex 7.77515 6 2.12874
      vertex 7.63461 6 2.86545
      vertex 7.81229 6 2.13521
    endloop
  endfacet
  facet normal 0 1 0
    outer loop
      vertex 8.47656 6 2.0513
      vertex 8.77443 6 2.73961
      vertex 8.83026 6 2.7144
    endloop
  endfacet
  facet normal 0 1 0
    outer loop
      vertex 7.63461 6 2.86545
      vertex 7.77515 6 2.12874
      vertex 7.57463 6 2.85303
    endloop
  endfacet
  facet normal 0 1 0
    outer loop
      vertex 8.51093 6 2.03578
      vertex 8.83026 6 2.7144
      vertex 8.88527 6 2.68746
    endloop
  endfacet
  facet normal 0 1 -0
    outer loop
      vertex 7.73824 6 2.1211
      vertex 7.57463 6 2.85303
      vertex 7.77515 6 2.12874
    endloop
  endfacet
  facet normal 0 1 0
    outer loop
      vertex 8.54478 6 2.0192
      vertex 8.88527 6 2.68746
      vertex 8.93941 6 2.65879
    endloop
  endfacet
  facet normal 0 1 0
    outer loop
      vertex 7.57463 6 2.85303
      vertex 7.73824 6 2.1211
      vertex 7.51506 6 2.83873
    endloop
  endfacet
  facet normal 0 1 0
    outer loop
      vertex 8.57809 6 2.00156
      vertex 8.93941 6 2.65879
      vertex 8.99263 6 2.62844
    endloop
  endfacet
  facet normal 0 1 -0
    outer loop
      vertex 7.70158 6 2.11229
      vertex 7.51506 6 2.83873
      vertex 7.73824 6 2.1211
    endloop
  endfacet
  facet normal 0 1 0
    outer loop
      vertex 8.61084 6 1.98288
      vertex 8.99263 6 2.62844
      vertex 9.04486 6 2.59644
    endloop
  endfacet
  facet normal 0 1 0
    outer loop
      vertex 7.51506 6 2.83873
      vertex 7.70158 6 2.11229
      vertex 7.45598 6 2.82256
    endloop
  endfacet
  facet normal 0 1 0
    outer loop
      vertex 8.64299 6 1.96318
      vertex 9.04486 6 2.59644
      vertex 9.09605 6 2.56279
    endloop
  endfacet
  facet normal 0 1 -0
    outer loop
      vertex 7.66522 6 2.10234
      vertex 7.45598 6 2.82256
      vertex 7.70158 6 2.11229
    endloop
  endfacet
  facet normal 0 1 0
    outer loop
      vertex 8.6745 6 1.94249
      vertex 9.09605 6 2.56279
      vertex 9.14618 6 2.52758
    endloop
  endfacet
  facet normal 0 1 0
    outer loop
      vertex 7.45598 6 2.82256
      vertex 7.66522 6 2.10234
      vertex 7.39743 6 2.80455
    endloop
  endfacet
  facet normal 0 1 0
    outer loop
      vertex 8.70534 6 1.92081
      vertex 9.14618 6 2.52758
      vertex 9.19516 6 2.4908
    endloop
  endfacet
  facet normal 0 1 -0
    outer loop
      vertex 7.62918 6 2.09127
      vertex 7.39743 6 2.80455
      vertex 7.66522 6 2.10234
    endloop
  endfacet
  facet normal 0 1 0
    outer loop
      vertex 8.73547 6 1.89818
      vertex 9.19516 6 2.4908
      vertex 9.24297 6 2.45249
    endloop
  endfacet
  facet normal 0 1 0
    outer loop
      vertex 7.39743 6 2.80455
      vertex 7.62918 6 2.09127
      vertex 7.33946 6 2.78472
    endloop
  endfacet
  facet normal 0 1 0
    outer loop
      vertex 8.76491 6 1.87461
      vertex 9.24297 6 2.45249
      vertex 9.28955 6 2.41271
    endloop
  endfacet
  facet normal 0 1 -0
    outer loop
      vertex 7.59352 6 2.07904
      vertex 7.33946 6 2.78472
      vertex 7.62918 6 2.09127
    endloop
  endfacet
  facet normal 0 1 0
    outer loop
      vertex 8.79356 6 1.85013
      vertex 9.28955 6 2.41271
      vertex 9.33485 6 2.37148
    endloop
  endfacet
  facet normal 0 1 0
    outer loop
      vertex 7.33946 6 2.78472
      vertex 7.59352 6 2.07904
      vertex 7.28217 6 2.76305
    endloop
  endfacet
  facet normal 0 1 0
    outer loop
      vertex 8.82144 6 1.82476
      vertex 9.33485 6 2.37148
      vertex 9.37885 6 2.32885
    endloop
  endfacet
  facet normal 0 1 -0
    outer loop
      vertex 7.55826 6 2.06572
      vertex 7.28217 6 2.76305
      vertex 7.59352 6 2.07904
    endloop
  endfacet
  facet normal 0 1 0
    outer loop
      vertex 8.84853 6 1.79853
      vertex 9.37885 6 2.32885
      vertex 9.42148 6 2.28485
    endloop
  endfacet
  facet normal 0 1 0
    outer loop
      vertex 7.28217 6 2.76305
      vertex 7.55826 6 2.06572
      vertex 7.22557 6 2.73961
    endloop
  endfacet
  facet normal 0 1 0
    outer loop
      vertex 8.87476 6 1.77144
      vertex 9.42148 6 2.28485
      vertex 9.46271 6 2.23955
    endloop
  endfacet
  facet normal 0 1 -0
    outer loop
      vertex 7.52344 6 2.0513
      vertex 7.22557 6 2.73961
      vertex 7.55826 6 2.06572
    endloop
  endfacet
  facet normal 0 1 0
    outer loop
      vertex 8.90013 6 1.74356
      vertex 9.46271 6 2.23955
      vertex 9.50249 6 2.19297
    endloop
  endfacet
  facet normal 0 1 0
    outer loop
      vertex 7.22557 6 2.73961
      vertex 7.52344 6 2.0513
      vertex 7.16974 6 2.7144
    endloop
  endfacet
  facet normal 0 1 -0
    outer loop
      vertex 7.48907 6 2.03578
      vertex 7.16974 6 2.7144
      vertex 7.52344 6 2.0513
    endloop
  endfacet
  facet normal 0 1 0
    outer loop
      vertex 8.06125 6 2.89904
      vertex 8.03769 6 2.1494
      vertex 8 6 2.15
    endloop
  endfacet
  facet normal 0 1 0
    outer loop
      vertex 8.12244 6 2.89615
      vertex 8.07535 6 2.14763
      vertex 8.03769 6 2.1494
    endloop
  endfacet
  facet normal 0 1 0
    outer loop
      vertex 8.92461 6 1.71491
      vertex 9.50249 6 2.19297
      vertex 9.5408 6 2.14516
    endloop
  endfacet
  facet normal 0 1 0
    outer loop
      vertex 8.1835 6 2.89135
      vertex 8.11292 6 2.14467
      vertex 8.07535 6 2.14763
    endloop
  endfacet
  facet normal 0 1 0
    outer loop
      vertex 8.24438 6 2.88462
      vertex 8.15039 6 2.14054
      vertex 8.11292 6 2.14467
    endloop
  endfacet
  facet normal 0 1 0
    outer loop
      vertex 8.30504 6 2.87598
      vertex 8.18771 6 2.13521
      vertex 8.15039 6 2.14054
    endloop
  endfacet
  facet normal 0 1 0
    outer loop
      vertex 8.36539 6 2.86545
      vertex 8.22485 6 2.12874
      vertex 8.18771 6 2.13521
    endloop
  endfacet
  facet normal 0 1 0
    outer loop
      vertex 8.42537 6 2.85303
      vertex 8.26176 6 2.1211
      vertex 8.22485 6 2.12874
    endloop
  endfacet
  facet normal 0 1 0
    outer loop
      vertex 8.48494 6 2.83873
      vertex 8.29842 6 2.11229
      vertex 8.26176 6 2.1211
    endloop
  endfacet
  facet normal 0 1 0
    outer loop
      vertex 8.54402 6 2.82256
      vertex 8.33478 6 2.10234
      vertex 8.29842 6 2.11229
    endloop
  endfacet
  facet normal 0 1 0
    outer loop
      vertex 8.94818 6 1.68547
      vertex 9.5408 6 2.14516
      vertex 9.57758 6 2.09618
    endloop
  endfacet
  facet normal 0 1 0
    outer loop
      vertex 8.60257 6 2.80455
      vertex 8.37082 6 2.09127
      vertex 8.33478 6 2.10234
    endloop
  endfacet
  facet normal 0 1 0
    outer loop
      vertex 8.66054 6 2.78472
      vertex 8.40648 6 2.07904
      vertex 8.37082 6 2.09127
    endloop
  endfacet
  facet normal 0 1 0
    outer loop
      vertex 8.71783 6 2.76305
      vertex 8.44174 6 2.06572
      vertex 8.40648 6 2.07904
    endloop
  endfacet
  facet normal 0 1 0
    outer loop
      vertex 8.77443 6 2.73961
      vertex 8.47656 6 2.0513
      vertex 8.44174 6 2.06572
    endloop
  endfacet
  facet normal 0 1 0
    outer loop
      vertex 8.97081 6 1.65534
      vertex 9.57758 6 2.09618
      vertex 9.61279 6 2.04605
    endloop
  endfacet
  facet normal 0 1 0
    outer loop
      vertex 8.83026 6 2.7144
      vertex 8.51093 6 2.03578
      vertex 8.47656 6 2.0513
    endloop
  endfacet
  facet normal 0 1 0
    outer loop
      vertex 8.88527 6 2.68746
      vertex 8.54478 6 2.0192
      vertex 8.51093 6 2.03578
    endloop
  endfacet
  facet normal 0 1 0
    outer loop
      vertex 8.93941 6 2.65879
      vertex 8.57809 6 2.00156
      vertex 8.54478 6 2.0192
    endloop
  endfacet
  facet normal 0 1 0
    outer loop
      vertex 8.99249 6 1.6245
      vertex 9.61279 6 2.04605
      vertex 9.64644 6 1.99486
    endloop
  endfacet
  facet normal 0 1 0
    outer loop
      vertex 8.99263 6 2.62844
      vertex 8.61084 6 1.98288
      vertex 8.57809 6 2.00156
    endloop
  endfacet
  facet normal 0 1 0
    outer loop
      vertex 9.04486 6 2.59644
      vertex 8.64299 6 1.96318
      vertex 8.61084 6 1.98288
    endloop
  endfacet
  facet normal 0 1 0
    outer loop
      vertex 9.01318 6 1.59299
      vertex 9.64644 6 1.99486
      vertex 9.67844 6 1.94263
    endloop
  endfacet
  facet normal 0 1 0
    outer loop
      vertex 9.09605 6 2.56279
      vertex 8.6745 6 1.94249
      vertex 8.64299 6 1.96318
    endloop
  endfacet
  facet normal 0 1 0
    outer loop
      vertex 9.14618 6 2.52758
      vertex 8.70534 6 1.92081
      vertex 8.6745 6 1.94249
    endloop
  endfacet
  facet normal 0 1 0
    outer loop
      vertex 9.19516 6 2.4908
      vertex 8.73547 6 1.89818
      vertex 8.70534 6 1.92081
    endloop
  endfacet
  facet normal 0 1 0
    outer loop
      vertex 9.03288 6 1.56084
      vertex 9.67844 6 1.94263
      vertex 9.70879 6 1.88941
    endloop
  endfacet
  facet normal 0 1 0
    outer loop
      vertex 9.24297 6 2.45249
      vertex 8.76491 6 1.87461
      vertex 8.73547 6 1.89818
    endloop
  endfacet
  facet normal 0 1 0
    outer loop
      vertex 9.28955 6 2.41271
      vertex 8.79356 6 1.85013
      vertex 8.76491 6 1.87461
    endloop
  endfacet
  facet normal 0 1 0
    outer loop
      vertex 9.05156 6 1.52809
      vertex 9.70879 6 1.88941
      vertex 9.73746 6 1.83527
    endloop
  endfacet
  facet normal 0 1 0
    outer loop
      vertex 9.33485 6 2.37148
      vertex 8.82144 6 1.82476
      vertex 8.79356 6 1.85013
    endloop
  endfacet
  facet normal 0 1 0
    outer loop
      vertex 9.37885 6 2.32885
      vertex 8.84853 6 1.79853
      vertex 8.82144 6 1.82476
    endloop
  endfacet
  facet normal 0 1 0
    outer loop
      vertex 9.0692 6 1.49478
      vertex 9.73746 6 1.83527
      vertex 9.7644 6 1.78026
    endloop
  endfacet
  facet normal 0 1 0
    outer loop
      vertex 9.42148 6 2.28485
      vertex 8.87476 6 1.77144
      vertex 8.84853 6 1.79853
    endloop
  endfacet
  facet normal 0 1 0
    outer loop
      vertex 9.46271 6 2.23955
      vertex 8.90013 6 1.74356
      vertex 8.87476 6 1.77144
    endloop
  endfacet
  facet normal 0 1 0
    outer loop
      vertex 9.08578 6 1.46093
      vertex 9.7644 6 1.78026
      vertex 9.78961 6 1.72443
    endloop
  endfacet
  facet normal 0 1 0
    outer loop
      vertex 9.50249 6 2.19297
      vertex 8.92461 6 1.71491
      vertex 8.90013 6 1.74356
    endloop
  endfacet
  facet normal 0 1 0
    outer loop
      vertex 9.5408 6 2.14516
      vertex 8.94818 6 1.68547
      vertex 8.92461 6 1.71491
    endloop
  endfacet
  facet normal 0 1 0
    outer loop
      vertex 9.1013 6 1.42656
      vertex 9.78961 6 1.72443
      vertex 9.81305 6 1.66783
    endloop
  endfacet
  facet normal 0 1 0
    outer loop
      vertex 9.57758 6 2.09618
      vertex 8.97081 6 1.65534
      vertex 8.94818 6 1.68547
    endloop
  endfacet
  facet normal 0 1 0
    outer loop
      vertex 9.61279 6 2.04605
      vertex 8.99249 6 1.6245
      vertex 8.97081 6 1.65534
    endloop
  endfacet
  facet normal 0 1 0
    outer loop
      vertex 9.11572 6 1.39174
      vertex 9.81305 6 1.66783
      vertex 9.83472 6 1.61054
    endloop
  endfacet
  facet normal 0 1 0
    outer loop
      vertex 9.64644 6 1.99486
      vertex 9.01318 6 1.59299
      vertex 8.99249 6 1.6245
    endloop
  endfacet
  facet normal 0 1 0
    outer loop
      vertex 9.67844 6 1.94263
      vertex 9.03288 6 1.56084
      vertex 9.01318 6 1.59299
    endloop
  endfacet
  facet normal 0 1 0
    outer loop
      vertex 9.12904 6 1.35648
      vertex 9.83472 6 1.61054
      vertex 9.85455 6 1.55257
    endloop
  endfacet
  facet normal 0 1 0
    outer loop
      vertex 9.70879 6 1.88941
      vertex 9.05156 6 1.52809
      vertex 9.03288 6 1.56084
    endloop
  endfacet
  facet normal 0 1 0
    outer loop
      vertex 9.73746 6 1.83527
      vertex 9.0692 6 1.49478
      vertex 9.05156 6 1.52809
    endloop
  endfacet
  facet normal 0 1 0
    outer loop
      vertex 9.14127 6 1.32082
      vertex 9.85455 6 1.55257
      vertex 9.87256 6 1.49402
    endloop
  endfacet
  facet normal 0 1 0
    outer loop
      vertex 9.7644 6 1.78026
      vertex 9.08578 6 1.46093
      vertex 9.0692 6 1.49478
    endloop
  endfacet
  facet normal 0 1 0
    outer loop
      vertex 9.15234 6 1.28478
      vertex 9.87256 6 1.49402
      vertex 9.88873 6 1.43494
    endloop
  endfacet
  facet normal 0 1 0
    outer loop
      vertex 9.78961 6 1.72443
      vertex 9.1013 6 1.42656
      vertex 9.08578 6 1.46093
    endloop
  endfacet
  facet normal 0 1 0
    outer loop
      vertex 9.81305 6 1.66783
      vertex 9.11572 6 1.39174
      vertex 9.1013 6 1.42656
    endloop
  endfacet
  facet normal 0 1 0
    outer loop
      vertex 9.16229 6 1.24842
      vertex 9.88873 6 1.43494
      vertex 9.90303 6 1.37537
    endloop
  endfacet
  facet normal 0 1 0
    outer loop
      vertex 9.83472 6 1.61054
      vertex 9.12904 6 1.35648
      vertex 9.11572 6 1.39174
    endloop
  endfacet
  facet normal 0 1 0
    outer loop
      vertex 9.85455 6 1.55257
      vertex 9.14127 6 1.32082
      vertex 9.12904 6 1.35648
    endloop
  endfacet
  facet normal 0 1 0
    outer loop
      vertex 9.1711 6 1.21176
      vertex 9.90303 6 1.37537
      vertex 9.91545 6 1.31539
    endloop
  endfacet
  facet normal 0 1 0
    outer loop
      vertex 9.87256 6 1.49402
      vertex 9.15234 6 1.28478
      vertex 9.14127 6 1.32082
    endloop
  endfacet
  facet normal 0 1 0
    outer loop
      vertex 9.17874 6 1.17485
      vertex 9.91545 6 1.31539
      vertex 9.92598 6 1.25504
    endloop
  endfacet
  facet normal 0 1 0
    outer loop
      vertex 9.88873 6 1.43494
      vertex 9.16229 6 1.24842
      vertex 9.15234 6 1.28478
    endloop
  endfacet
  facet normal 0 1 0
    outer loop
      vertex 9.90303 6 1.37537
      vertex 9.1711 6 1.21176
      vertex 9.16229 6 1.24842
    endloop
  endfacet
  facet normal 0 1 0
    outer loop
      vertex 9.18521 6 1.13771
      vertex 9.92598 6 1.25504
      vertex 9.93462 6 1.19438
    endloop
  endfacet
  facet normal 0 1 0
    outer loop
      vertex 9.91545 6 1.31539
      vertex 9.17874 6 1.17485
      vertex 9.1711 6 1.21176
    endloop
  endfacet
  facet normal 0 1 0
    outer loop
      vertex 9.92598 6 1.25504
      vertex 9.18521 6 1.13771
      vertex 9.17874 6 1.17485
    endloop
  endfacet
  facet normal 0 1 0
    outer loop
      vertex 9.19054 6 1.10039
      vertex 9.93462 6 1.19438
      vertex 9.94135 6 1.1335
    endloop
  endfacet
  facet normal 0 1 0
    outer loop
      vertex 9.93462 6 1.19438
      vertex 9.19054 6 1.10039
      vertex 9.18521 6 1.13771
    endloop
  endfacet
  facet normal 0 1 0
    outer loop
      vertex 9.19467 6 1.06292
      vertex 9.94135 6 1.1335
      vertex 9.94615 6 1.07244
    endloop
  endfacet
  facet normal 0 1 0
    outer loop
      vertex 9.94135 6 1.1335
      vertex 9.19467 6 1.06292
      vertex 9.19054 6 1.10039
    endloop
  endfacet
  facet normal 0 1 0
    outer loop
      vertex 9.94615 6 1.07244
      vertex 9.19763 6 1.02535
      vertex 9.19467 6 1.06292
    endloop
  endfacet
  facet normal 0 1 0
    outer loop
      vertex 9.94904 6 1.01125
      vertex 9.19763 6 1.02535
      vertex 9.94615 6 1.07244
    endloop
  endfacet
  facet normal 0 1 0
    outer loop
      vertex 9.94904 6 1.01125
      vertex 9.1994 6 0.987689
      vertex 9.19763 6 1.02535
    endloop
  endfacet
  facet normal 0 1 0
    outer loop
      vertex 9.95 6 0.95
      vertex 9.1994 6 0.987689
      vertex 9.94904 6 1.01125
    endloop
  endfacet
  facet normal 0 1 0
    outer loop
      vertex 9.95 6 0.95
      vertex 9.2 6 0.95
      vertex 9.1994 6 0.987689
    endloop
  endfacet
  facet normal 0 1 0
    outer loop
      vertex 9.95 6 0.95
      vertex 9.1994 6 0.912311
      vertex 9.2 6 0.95
    endloop
  endfacet
  facet normal 0 1 -0
    outer loop
      vertex 9.94904 6 0.888751
      vertex 9.1994 6 0.912311
      vertex 9.95 6 0.95
    endloop
  endfacet
  facet normal 0 1 0
    outer loop
      vertex 9.94904 6 0.888751
      vertex 9.19763 6 0.874652
      vertex 9.1994 6 0.912311
    endloop
  endfacet
  facet normal 0 1 -0
    outer loop
      vertex 9.94615 6 0.827563
      vertex 9.19763 6 0.874652
      vertex 9.94904 6 0.888751
    endloop
  endfacet
  facet normal 0 1 0
    outer loop
      vertex 9.19763 6 0.874652
      vertex 9.94615 6 0.827563
      vertex 9.19467 6 0.837085
    endloop
  endfacet
  facet normal 0 1 -0
    outer loop
      vertex 9.94135 6 0.766498
      vertex 9.19467 6 0.837085
      vertex 9.94615 6 0.827563
    endloop
  endfacet
  facet normal 0 1 0
    outer loop
      vertex 9.19467 6 0.837085
      vertex 9.94135 6 0.766498
      vertex 9.19054 6 0.799609
    endloop
  endfacet
  facet normal 0 1 -0
    outer loop
      vertex 9.93462 6 0.705615
      vertex 9.19054 6 0.799609
      vertex 9.94135 6 0.766498
    endloop
  endfacet
  facet normal 0 1 0
    outer loop
      vertex 9.19054 6 0.799609
      vertex 9.93462 6 0.705615
      vertex 9.18521 6 0.762286
    endloop
  endfacet
  facet normal 0 1 -0
    outer loop
      vertex 9.92598 6 0.644962
      vertex 9.18521 6 0.762286
      vertex 9.93462 6 0.705615
    endloop
  endfacet
  facet normal 0 1 0
    outer loop
      vertex 9.18521 6 0.762286
      vertex 9.92598 6 0.644962
      vertex 9.17874 6 0.725146
    endloop
  endfacet
  facet normal 0 1 -0
    outer loop
      vertex 9.91545 6 0.584613
      vertex 9.17874 6 0.725146
      vertex 9.92598 6 0.644962
    endloop
  endfacet
  facet normal 0 1 0
    outer loop
      vertex 9.17874 6 0.725146
      vertex 9.91545 6 0.584613
      vertex 9.1711 6 0.688235
    endloop
  endfacet
  facet normal 0 1 -0
    outer loop
      vertex 9.90303 6 0.524631
      vertex 9.1711 6 0.688235
      vertex 9.91545 6 0.584613
    endloop
  endfacet
  facet normal 0 1 0
    outer loop
      vertex 9.1711 6 0.688235
      vertex 9.90303 6 0.524631
      vertex 9.16229 6 0.651584
    endloop
  endfacet
  facet normal 0 1 -0
    outer loop
      vertex 9.88873 6 0.46506
      vertex 9.16229 6 0.651584
      vertex 9.90303 6 0.524631
    endloop
  endfacet
  facet normal 0 1 0
    outer loop
      vertex 9.16229 6 0.651584
      vertex 9.88873 6 0.46506
      vertex 9.15234 6 0.615222
    endloop
  endfacet
  facet normal 0 1 -0
    outer loop
      vertex 9.87256 6 0.405978
      vertex 9.15234 6 0.615222
      vertex 9.88873 6 0.46506
    endloop
  endfacet
  facet normal 0 1 0
    outer loop
      vertex 9.15234 6 0.615222
      vertex 9.87256 6 0.405978
      vertex 9.14127 6 0.579181
    endloop
  endfacet
  facet normal 0 1 -0
    outer loop
      vertex 9.85455 6 0.34743
      vertex 9.14127 6 0.579181
      vertex 9.87256 6 0.405978
    endloop
  endfacet
  facet normal 0 1 0
    outer loop
      vertex 9.14127 6 0.579181
      vertex 9.85455 6 0.34743
      vertex 9.12904 6 0.543521
    endloop
  endfacet
  facet normal 0 1 -0
    outer loop
      vertex 9.83472 6 0.289462
      vertex 9.12904 6 0.543521
      vertex 9.85455 6 0.34743
    endloop
  endfacet
  facet normal 0 1 0
    outer loop
      vertex 9.12904 6 0.543521
      vertex 9.83472 6 0.289462
      vertex 9.11572 6 0.508258
    endloop
  endfacet
  facet normal 0 1 -0
    outer loop
      vertex 9.81305 6 0.232166
      vertex 9.11572 6 0.508258
      vertex 9.83472 6 0.289462
    endloop
  endfacet
  facet normal 0 1 0
    outer loop
      vertex 9.11572 6 0.508258
      vertex 9.81305 6 0.232166
      vertex 9.1013 6 0.473437
    endloop
  endfacet
  facet normal 0 1 -0
    outer loop
      vertex 9.78961 6 0.175571
      vertex 9.1013 6 0.473437
      vertex 9.81305 6 0.232166
    endloop
  endfacet
  facet normal 0 1 0
    outer loop
      vertex 9.1013 6 0.473437
      vertex 9.78961 6 0.175571
      vertex 9.08578 6 0.439075
    endloop
  endfacet
  facet normal 0 1 -0
    outer loop
      vertex 9.7644 6 0.119739
      vertex 9.08578 6 0.439075
      vertex 9.78961 6 0.175571
    endloop
  endfacet
  facet normal 0 1 0
    outer loop
      vertex 9.08578 6 0.439075
      vertex 9.7644 6 0.119739
      vertex 9.0692 6 0.405215
    endloop
  endfacet
  facet normal 0 1 -0
    outer loop
      vertex 9.73746 6 0.0647308
      vertex 9.0692 6 0.405215
      vertex 9.7644 6 0.119739
    endloop
  endfacet
  facet normal 0 1 0
    outer loop
      vertex 9.0692 6 0.405215
      vertex 9.73746 6 0.0647308
      vertex 9.05156 6 0.371906
    endloop
  endfacet
  facet normal 0 1 -0
    outer loop
      vertex 9.70879 6 0.0105927
      vertex 9.05156 6 0.371906
      vertex 9.73746 6 0.0647308
    endloop
  endfacet
  facet normal 0 1 -0
    outer loop
      vertex 9.70274 6 3.05176e-06
      vertex 9.05156 6 0.371906
      vertex 9.70879 6 0.0105927
    endloop
  endfacet
  facet normal 0 1 0
    outer loop
      vertex 9.05156 6 0.371906
      vertex 9.70274 6 3.05176e-06
      vertex 9.03288 6 0.33916
    endloop
  endfacet
  facet normal 0 1 0
    outer loop
      vertex 9.03288 6 0.33916
      vertex 9.70274 6 3.05176e-06
      vertex 9.01318 6 0.30701
    endloop
  endfacet
  facet normal 0 1 0
    outer loop
      vertex 9.01318 6 0.30701
      vertex 9.70274 6 3.05176e-06
      vertex 8.99249 6 0.2755
    endloop
  endfacet
  facet normal 0 1 0
    outer loop
      vertex 8.99249 6 0.2755
      vertex 9.70274 6 3.05176e-06
      vertex 8.97081 6 0.244662
    endloop
  endfacet
  facet normal 0 1 0
    outer loop
      vertex 8.97081 6 0.244662
      vertex 9.70274 6 3.05176e-06
      vertex 8.94818 6 0.214526
    endloop
  endfacet
  facet normal 0 1 0
    outer loop
      vertex 8.94818 6 0.214526
      vertex 9.70274 6 3.05176e-06
      vertex 8.92461 6 0.185092
    endloop
  endfacet
  facet normal 0 1 0
    outer loop
      vertex 8.92461 6 0.185092
      vertex 9.70274 6 3.05176e-06
      vertex 8.90013 6 0.156436
    endloop
  endfacet
  facet normal 0 1 0
    outer loop
      vertex 8.90013 6 0.156436
      vertex 9.70274 6 3.05176e-06
      vertex 8.87476 6 0.128558
    endloop
  endfacet
  facet normal 0 1 0
    outer loop
      vertex 8.87476 6 0.128558
      vertex 9.70274 6 3.05176e-06
      vertex 8.84853 6 0.101474
    endloop
  endfacet
  facet normal 0 1 0
    outer loop
      vertex 8.84853 6 0.101474
      vertex 9.70274 6 3.05176e-06
      vertex 8.82144 6 0.0752441
    endloop
  endfacet
  facet normal 0 1 0
    outer loop
      vertex 8.82144 6 0.0752441
      vertex 9.70274 6 3.05176e-06
      vertex 8.79356 6 0.0498688
    endloop
  endfacet
  facet normal 0 1 0
    outer loop
      vertex 8.79356 6 0.0498688
      vertex 9.70274 6 3.05176e-06
      vertex 8.76491 6 0.0253937
    endloop
  endfacet
  facet normal 0 1 0
    outer loop
      vertex 8.76491 6 0.0253937
      vertex 9.70274 6 3.05176e-06
      vertex 8.73547 6 0.00181885
    endloop
  endfacet
  facet normal 0 1 0
    outer loop
      vertex 8.73547 6 0.00181885
      vertex 9.70274 6 3.05176e-06
      vertex 8.73306 6 3.05176e-06
    endloop
  endfacet
  facet normal 0 1 0
    outer loop
      vertex 7.16974 6 2.7144
      vertex 7.48907 6 2.03578
      vertex 7.11473 6 2.68746
    endloop
  endfacet
  facet normal 0 1 -0
    outer loop
      vertex 7.45522 6 2.0192
      vertex 7.11473 6 2.68746
      vertex 7.48907 6 2.03578
    endloop
  endfacet
  facet normal 0 1 0
    outer loop
      vertex 7.11473 6 2.68746
      vertex 7.45522 6 2.0192
      vertex 7.06059 6 2.65879
    endloop
  endfacet
  facet normal 0 1 -0
    outer loop
      vertex 7.42191 6 2.00156
      vertex 7.06059 6 2.65879
      vertex 7.45522 6 2.0192
    endloop
  endfacet
  facet normal 0 1 0
    outer loop
      vertex 7.06059 6 2.65879
      vertex 7.42191 6 2.00156
      vertex 7.00737 6 2.62844
    endloop
  endfacet
  facet normal 0 1 -0
    outer loop
      vertex 7.38916 6 1.98288
      vertex 7.00737 6 2.62844
      vertex 7.42191 6 2.00156
    endloop
  endfacet
  facet normal 0 1 0
    outer loop
      vertex 7.00737 6 2.62844
      vertex 7.38916 6 1.98288
      vertex 6.95514 6 2.59644
    endloop
  endfacet
  facet normal 0 1 -0
    outer loop
      vertex 7.35701 6 1.96318
      vertex 6.95514 6 2.59644
      vertex 7.38916 6 1.98288
    endloop
  endfacet
  facet normal 0 1 0
    outer loop
      vertex 6.95514 6 2.59644
      vertex 7.35701 6 1.96318
      vertex 6.90395 6 2.56279
    endloop
  endfacet
  facet normal 0 1 -0
    outer loop
      vertex 7.3255 6 1.94249
      vertex 6.90395 6 2.56279
      vertex 7.35701 6 1.96318
    endloop
  endfacet
  facet normal 0 1 0
    outer loop
      vertex 6.90395 6 2.56279
      vertex 7.3255 6 1.94249
      vertex 6.85382 6 2.52758
    endloop
  endfacet
  facet normal 0 1 -0
    outer loop
      vertex 7.29466 6 1.92081
      vertex 6.85382 6 2.52758
      vertex 7.3255 6 1.94249
    endloop
  endfacet
  facet normal 0 1 0
    outer loop
      vertex 6.85382 6 2.52758
      vertex 7.29466 6 1.92081
      vertex 6.80484 6 2.4908
    endloop
  endfacet
  facet normal 0 1 -0
    outer loop
      vertex 7.26453 6 1.89818
      vertex 6.80484 6 2.4908
      vertex 7.29466 6 1.92081
    endloop
  endfacet
  facet normal 0 1 0
    outer loop
      vertex 6.80484 6 2.4908
      vertex 7.26453 6 1.89818
      vertex 6.75703 6 2.45249
    endloop
  endfacet
  facet normal 0 1 -0
    outer loop
      vertex 7.23509 6 1.87461
      vertex 6.75703 6 2.45249
      vertex 7.26453 6 1.89818
    endloop
  endfacet
  facet normal 0 1 0
    outer loop
      vertex 6.75703 6 2.45249
      vertex 7.23509 6 1.87461
      vertex 6.71045 6 2.41271
    endloop
  endfacet
  facet normal 0 1 -0
    outer loop
      vertex 7.20644 6 1.85013
      vertex 6.71045 6 2.41271
      vertex 7.23509 6 1.87461
    endloop
  endfacet
  facet normal 0 1 0
    outer loop
      vertex 6.71045 6 2.41271
      vertex 7.20644 6 1.85013
      vertex 6.66515 6 2.37148
    endloop
  endfacet
  facet normal 0 1 -0
    outer loop
      vertex 7.17856 6 1.82476
      vertex 6.66515 6 2.37148
      vertex 7.20644 6 1.85013
    endloop
  endfacet
  facet normal 0 1 0
    outer loop
      vertex 6.66515 6 2.37148
      vertex 7.17856 6 1.82476
      vertex 6.62115 6 2.32885
    endloop
  endfacet
  facet normal 0 1 -0
    outer loop
      vertex 7.15147 6 1.79853
      vertex 6.62115 6 2.32885
      vertex 7.17856 6 1.82476
    endloop
  endfacet
  facet normal 0 1 0
    outer loop
      vertex 6.62115 6 2.32885
      vertex 7.15147 6 1.79853
      vertex 6.57852 6 2.28485
    endloop
  endfacet
  facet normal 0 1 -0
    outer loop
      vertex 7.12524 6 1.77144
      vertex 6.57852 6 2.28485
      vertex 7.15147 6 1.79853
    endloop
  endfacet
  facet normal 0 1 0
    outer loop
      vertex 6.57852 6 2.28485
      vertex 7.12524 6 1.77144
      vertex 6.53729 6 2.23955
    endloop
  endfacet
  facet normal 0 1 -0
    outer loop
      vertex 7.09987 6 1.74356
      vertex 6.53729 6 2.23955
      vertex 7.12524 6 1.77144
    endloop
  endfacet
  facet normal 0 1 0
    outer loop
      vertex 6.53729 6 2.23955
      vertex 7.09987 6 1.74356
      vertex 6.49751 6 2.19297
    endloop
  endfacet
  facet normal 0 1 -0
    outer loop
      vertex 7.07539 6 1.71491
      vertex 6.49751 6 2.19297
      vertex 7.09987 6 1.74356
    endloop
  endfacet
  facet normal 0 1 0
    outer loop
      vertex 6.49751 6 2.19297
      vertex 7.07539 6 1.71491
      vertex 6.4592 6 2.14516
    endloop
  endfacet
  facet normal 0 1 -0
    outer loop
      vertex 7.05182 6 1.68547
      vertex 6.4592 6 2.14516
      vertex 7.07539 6 1.71491
    endloop
  endfacet
  facet normal 0 1 0
    outer loop
      vertex 6.4592 6 2.14516
      vertex 7.05182 6 1.68547
      vertex 6.42242 6 2.09618
    endloop
  endfacet
  facet normal 0 1 -0
    outer loop
      vertex 7.02919 6 1.65534
      vertex 6.42242 6 2.09618
      vertex 7.05182 6 1.68547
    endloop
  endfacet
  facet normal 0 1 0
    outer loop
      vertex 6.42242 6 2.09618
      vertex 7.02919 6 1.65534
      vertex 6.38721 6 2.04605
    endloop
  endfacet
  facet normal 0 1 -0
    outer loop
      vertex 7.00751 6 1.6245
      vertex 6.38721 6 2.04605
      vertex 7.02919 6 1.65534
    endloop
  endfacet
  facet normal 0 1 0
    outer loop
      vertex 6.38721 6 2.04605
      vertex 7.00751 6 1.6245
      vertex 6.35356 6 1.99486
    endloop
  endfacet
  facet normal 0 1 -0
    outer loop
      vertex 6.98682 6 1.59299
      vertex 6.35356 6 1.99486
      vertex 7.00751 6 1.6245
    endloop
  endfacet
  facet normal 0 1 0
    outer loop
      vertex 6.35356 6 1.99486
      vertex 6.98682 6 1.59299
      vertex 6.32156 6 1.94263
    endloop
  endfacet
  facet normal 0 1 -0
    outer loop
      vertex 6.96712 6 1.56084
      vertex 6.32156 6 1.94263
      vertex 6.98682 6 1.59299
    endloop
  endfacet
  facet normal 0 1 0
    outer loop
      vertex 6.32156 6 1.94263
      vertex 6.96712 6 1.56084
      vertex 6.29121 6 1.88941
    endloop
  endfacet
  facet normal 0 1 -0
    outer loop
      vertex 6.94844 6 1.52809
      vertex 6.29121 6 1.88941
      vertex 6.96712 6 1.56084
    endloop
  endfacet
  facet normal 0 1 0
    outer loop
      vertex 6.29121 6 1.88941
      vertex 6.94844 6 1.52809
      vertex 6.26254 6 1.83527
    endloop
  endfacet
  facet normal 0 1 -0
    outer loop
      vertex 6.9308 6 1.49478
      vertex 6.26254 6 1.83527
      vertex 6.94844 6 1.52809
    endloop
  endfacet
  facet normal 0 1 0
    outer loop
      vertex 6.26254 6 1.83527
      vertex 6.9308 6 1.49478
      vertex 6.2356 6 1.78026
    endloop
  endfacet
  facet normal 0 1 -0
    outer loop
      vertex 6.91422 6 1.46093
      vertex 6.2356 6 1.78026
      vertex 6.9308 6 1.49478
    endloop
  endfacet
  facet normal 0 1 0
    outer loop
      vertex 6.2356 6 1.78026
      vertex 6.91422 6 1.46093
      vertex 6.21039 6 1.72443
    endloop
  endfacet
  facet normal 0 1 -0
    outer loop
      vertex 6.8987 6 1.42656
      vertex 6.21039 6 1.72443
      vertex 6.91422 6 1.46093
    endloop
  endfacet
  facet normal 0 1 0
    outer loop
      vertex 6.21039 6 1.72443
      vertex 6.8987 6 1.42656
      vertex 6.18695 6 1.66783
    endloop
  endfacet
  facet normal 0 1 -0
    outer loop
      vertex 6.88428 6 1.39174
      vertex 6.18695 6 1.66783
      vertex 6.8987 6 1.42656
    endloop
  endfacet
  facet normal 0 1 0
    outer loop
      vertex 6.18695 6 1.66783
      vertex 6.88428 6 1.39174
      vertex 6.16528 6 1.61054
    endloop
  endfacet
  facet normal 0 1 -0
    outer loop
      vertex 6.87096 6 1.35648
      vertex 6.16528 6 1.61054
      vertex 6.88428 6 1.39174
    endloop
  endfacet
  facet normal 0 1 0
    outer loop
      vertex 6.16528 6 1.61054
      vertex 6.87096 6 1.35648
      vertex 6.14545 6 1.55257
    endloop
  endfacet
  facet normal 0 1 -0
    outer loop
      vertex 6.85873 6 1.32082
      vertex 6.14545 6 1.55257
      vertex 6.87096 6 1.35648
    endloop
  endfacet
  facet normal 0 1 0
    outer loop
      vertex 6.14545 6 1.55257
      vertex 6.85873 6 1.32082
      vertex 6.12744 6 1.49402
    endloop
  endfacet
  facet normal 0 1 -0
    outer loop
      vertex 6.84766 6 1.28478
      vertex 6.12744 6 1.49402
      vertex 6.85873 6 1.32082
    endloop
  endfacet
  facet normal 0 1 0
    outer loop
      vertex 6.12744 6 1.49402
      vertex 6.84766 6 1.28478
      vertex 6.11127 6 1.43494
    endloop
  endfacet
  facet normal 0 1 -0
    outer loop
      vertex 6.83771 6 1.24842
      vertex 6.11127 6 1.43494
      vertex 6.84766 6 1.28478
    endloop
  endfacet
  facet normal 0 1 0
    outer loop
      vertex 6.11127 6 1.43494
      vertex 6.83771 6 1.24842
      vertex 6.09697 6 1.37537
    endloop
  endfacet
  facet normal 0 1 -0
    outer loop
      vertex 6.8289 6 1.21176
      vertex 6.09697 6 1.37537
      vertex 6.83771 6 1.24842
    endloop
  endfacet
  facet normal 0 1 0
    outer loop
      vertex 6.09697 6 1.37537
      vertex 6.8289 6 1.21176
      vertex 6.08455 6 1.31539
    endloop
  endfacet
  facet normal 0 1 -0
    outer loop
      vertex 6.82126 6 1.17485
      vertex 6.08455 6 1.31539
      vertex 6.8289 6 1.21176
    endloop
  endfacet
  facet normal 0 1 0
    outer loop
      vertex 6.08455 6 1.31539
      vertex 6.82126 6 1.17485
      vertex 6.07402 6 1.25504
    endloop
  endfacet
  facet normal 0 1 -0
    outer loop
      vertex 6.81479 6 1.13771
      vertex 6.07402 6 1.25504
      vertex 6.82126 6 1.17485
    endloop
  endfacet
  facet normal 0 1 0
    outer loop
      vertex 6.07402 6 1.25504
      vertex 6.81479 6 1.13771
      vertex 6.06538 6 1.19438
    endloop
  endfacet
  facet normal 0 1 -0
    outer loop
      vertex 6.80946 6 1.10039
      vertex 6.06538 6 1.19438
      vertex 6.81479 6 1.13771
    endloop
  endfacet
  facet normal 0 1 0
    outer loop
      vertex 6.06538 6 1.19438
      vertex 6.80946 6 1.10039
      vertex 6.05865 6 1.1335
    endloop
  endfacet
  facet normal 0 1 -0
    outer loop
      vertex 6.80533 6 1.06292
      vertex 6.05865 6 1.1335
      vertex 6.80946 6 1.10039
    endloop
  endfacet
  facet normal 0 1 0
    outer loop
      vertex 6.05865 6 1.1335
      vertex 6.80533 6 1.06292
      vertex 6.05385 6 1.07244
    endloop
  endfacet
  facet normal 0 1 -0
    outer loop
      vertex 6.80237 6 1.02535
      vertex 6.05385 6 1.07244
      vertex 6.80533 6 1.06292
    endloop
  endfacet
  facet normal 0 1 0
    outer loop
      vertex 6.80237 6 1.02535
      vertex 6.05096 6 1.01125
      vertex 6.05385 6 1.07244
    endloop
  endfacet
  facet normal 0 1 -0
    outer loop
      vertex 6.8006 6 0.987689
      vertex 6.05096 6 1.01125
      vertex 6.80237 6 1.02535
    endloop
  endfacet
  facet normal 0 1 -0
    outer loop
      vertex 6.8 6 0.95
      vertex 6.05096 6 1.01125
      vertex 6.8006 6 0.987689
    endloop
  endfacet
  facet normal 0 1 0
    outer loop
      vertex 6.8 6 0.95
      vertex 6.05 6 0.95
      vertex 6.05096 6 1.01125
    endloop
  endfacet
  facet normal 0 1 0
    outer loop
      vertex 6.8006 6 0.912311
      vertex 6.05 6 0.95
      vertex 6.8 6 0.95
    endloop
  endfacet
  facet normal 0 1 0
    outer loop
      vertex 6.8006 6 0.912311
      vertex 6.05096 6 0.888751
      vertex 6.05 6 0.95
    endloop
  endfacet
  facet normal 0 1 0
    outer loop
      vertex 6.80237 6 0.874652
      vertex 6.05096 6 0.888751
      vertex 6.8006 6 0.912311
    endloop
  endfacet
  facet normal 0 1 0
    outer loop
      vertex 6.05385 6 0.827563
      vertex 6.80237 6 0.874652
      vertex 6.80533 6 0.837085
    endloop
  endfacet
  facet normal 0 1 0
    outer loop
      vertex 6.80237 6 0.874652
      vertex 6.05385 6 0.827563
      vertex 6.05096 6 0.888751
    endloop
  endfacet
  facet normal 0 1 0
    outer loop
      vertex 6.05865 6 0.766498
      vertex 6.80533 6 0.837085
      vertex 6.80946 6 0.799609
    endloop
  endfacet
  facet normal 0 1 0
    outer loop
      vertex 6.80533 6 0.837085
      vertex 6.05865 6 0.766498
      vertex 6.05385 6 0.827563
    endloop
  endfacet
  facet normal 0 1 0
    outer loop
      vertex 6.06538 6 0.705615
      vertex 6.80946 6 0.799609
      vertex 6.81479 6 0.762286
    endloop
  endfacet
  facet normal 0 1 0
    outer loop
      vertex 6.07402 6 0.644962
      vertex 6.81479 6 0.762286
      vertex 6.82126 6 0.725146
    endloop
  endfacet
  facet normal 0 1 0
    outer loop
      vertex 6.80946 6 0.799609
      vertex 6.06538 6 0.705615
      vertex 6.05865 6 0.766498
    endloop
  endfacet
  facet normal 0 1 0
    outer loop
      vertex 6.08455 6 0.584613
      vertex 6.82126 6 0.725146
      vertex 6.8289 6 0.688235
    endloop
  endfacet
  facet normal 0 1 0
    outer loop
      vertex 6.09697 6 0.524631
      vertex 6.8289 6 0.688235
      vertex 6.83771 6 0.651584
    endloop
  endfacet
  facet normal 0 1 0
    outer loop
      vertex 6.81479 6 0.762286
      vertex 6.07402 6 0.644962
      vertex 6.06538 6 0.705615
    endloop
  endfacet
  facet normal 0 1 0
    outer loop
      vertex 6.11127 6 0.46506
      vertex 6.83771 6 0.651584
      vertex 6.84766 6 0.615222
    endloop
  endfacet
  facet normal 0 1 0
    outer loop
      vertex 6.82126 6 0.725146
      vertex 6.08455 6 0.584613
      vertex 6.07402 6 0.644962
    endloop
  endfacet
  facet normal 0 1 0
    outer loop
      vertex 6.12744 6 0.405978
      vertex 6.84766 6 0.615222
      vertex 6.85873 6 0.579181
    endloop
  endfacet
  facet normal 0 1 0
    outer loop
      vertex 6.14545 6 0.34743
      vertex 6.85873 6 0.579181
      vertex 6.87096 6 0.543521
    endloop
  endfacet
  facet normal 0 1 0
    outer loop
      vertex 6.8289 6 0.688235
      vertex 6.09697 6 0.524631
      vertex 6.08455 6 0.584613
    endloop
  endfacet
  facet normal 0 1 0
    outer loop
      vertex 6.16528 6 0.289462
      vertex 6.87096 6 0.543521
      vertex 6.88428 6 0.508258
    endloop
  endfacet
  facet normal 0 1 0
    outer loop
      vertex 6.18695 6 0.232166
      vertex 6.88428 6 0.508258
      vertex 6.8987 6 0.473437
    endloop
  endfacet
  facet normal 0 1 0
    outer loop
      vertex 6.83771 6 0.651584
      vertex 6.11127 6 0.46506
      vertex 6.09697 6 0.524631
    endloop
  endfacet
  facet normal 0 1 0
    outer loop
      vertex 6.21039 6 0.175571
      vertex 6.8987 6 0.473437
      vertex 6.91422 6 0.439075
    endloop
  endfacet
  facet normal 0 1 0
    outer loop
      vertex 6.84766 6 0.615222
      vertex 6.12744 6 0.405978
      vertex 6.11127 6 0.46506
    endloop
  endfacet
  facet normal 0 1 0
    outer loop
      vertex 6.2356 6 0.119739
      vertex 6.91422 6 0.439075
      vertex 6.9308 6 0.405215
    endloop
  endfacet
  facet normal 0 1 0
    outer loop
      vertex 6.26254 6 0.0647308
      vertex 6.9308 6 0.405215
      vertex 6.94844 6 0.371906
    endloop
  endfacet
  facet normal 0 1 0
    outer loop
      vertex 6.85873 6 0.579181
      vertex 6.14545 6 0.34743
      vertex 6.12744 6 0.405978
    endloop
  endfacet
  facet normal 0 1 0
    outer loop
      vertex 6.29726 6 3.05176e-06
      vertex 6.94844 6 0.371906
      vertex 6.96712 6 0.33916
    endloop
  endfacet
  facet normal 0 1 0
    outer loop
      vertex 6.29726 6 3.05176e-06
      vertex 6.96712 6 0.33916
      vertex 6.98682 6 0.30701
    endloop
  endfacet
  facet normal 0 1 0
    outer loop
      vertex 6.87096 6 0.543521
      vertex 6.16528 6 0.289462
      vertex 6.14545 6 0.34743
    endloop
  endfacet
  facet normal 0 1 0
    outer loop
      vertex 6.29726 6 3.05176e-06
      vertex 6.98682 6 0.30701
      vertex 7.00751 6 0.2755
    endloop
  endfacet
  facet normal 0 1 0
    outer loop
      vertex 6.29726 6 3.05176e-06
      vertex 7.00751 6 0.2755
      vertex 7.02919 6 0.244662
    endloop
  endfacet
  facet normal 0 1 0
    outer loop
      vertex 6.88428 6 0.508258
      vertex 6.18695 6 0.232166
      vertex 6.16528 6 0.289462
    endloop
  endfacet
  facet normal 0 1 0
    outer loop
      vertex 6.29726 6 3.05176e-06
      vertex 7.02919 6 0.244662
      vertex 7.05182 6 0.214526
    endloop
  endfacet
  facet normal 0 1 0
    outer loop
      vertex 6.29726 6 3.05176e-06
      vertex 7.05182 6 0.214526
      vertex 7.07539 6 0.185092
    endloop
  endfacet
  facet normal 0 1 0
    outer loop
      vertex 6.8987 6 0.473437
      vertex 6.21039 6 0.175571
      vertex 6.18695 6 0.232166
    endloop
  endfacet
  facet normal 0 1 0
    outer loop
      vertex 6.29726 6 3.05176e-06
      vertex 7.07539 6 0.185092
      vertex 7.09987 6 0.156436
    endloop
  endfacet
  facet normal 0 1 0
    outer loop
      vertex 6.29726 6 3.05176e-06
      vertex 7.09987 6 0.156436
      vertex 7.12524 6 0.128558
    endloop
  endfacet
  facet normal 0 1 0
    outer loop
      vertex 6.91422 6 0.439075
      vertex 6.2356 6 0.119739
      vertex 6.21039 6 0.175571
    endloop
  endfacet
  facet normal 0 1 0
    outer loop
      vertex 6.29726 6 3.05176e-06
      vertex 7.12524 6 0.128558
      vertex 7.15147 6 0.101474
    endloop
  endfacet
  facet normal 0 1 0
    outer loop
      vertex 6.29726 6 3.05176e-06
      vertex 7.15147 6 0.101474
      vertex 7.17856 6 0.0752441
    endloop
  endfacet
  facet normal 0 1 0
    outer loop
      vertex 6.9308 6 0.405215
      vertex 6.26254 6 0.0647308
      vertex 6.2356 6 0.119739
    endloop
  endfacet
  facet normal 0 1 0
    outer loop
      vertex 6.29726 6 3.05176e-06
      vertex 7.17856 6 0.0752441
      vertex 7.20644 6 0.0498688
    endloop
  endfacet
  facet normal 0 1 0
    outer loop
      vertex 6.29726 6 3.05176e-06
      vertex 7.20644 6 0.0498688
      vertex 7.23509 6 0.0253937
    endloop
  endfacet
  facet normal 0 1 0
    outer loop
      vertex 6.94844 6 0.371906
      vertex 6.29121 6 0.0105927
      vertex 6.26254 6 0.0647308
    endloop
  endfacet
  facet normal 0 1 0
    outer loop
      vertex 6.29726 6 3.05176e-06
      vertex 7.23509 6 0.0253937
      vertex 7.26453 6 0.00181885
    endloop
  endfacet
  facet normal 0 1 0
    outer loop
      vertex 6.29726 6 3.05176e-06
      vertex 7.26453 6 0.00181885
      vertex 7.26694 6 3.05176e-06
    endloop
  endfacet
  facet normal 0 1 0
    outer loop
      vertex 6.94844 6 0.371906
      vertex 6.29726 6 3.05176e-06
      vertex 6.29121 6 0.0105927
    endloop
  endfacet
  facet normal -0.972317 0 0.233664
    outer loop
      vertex 6.8289 6 1.21176
      vertex 6.83771 8.5 1.24842
      vertex 6.8289 8.5 1.21176
    endloop
  endfacet
  facet normal -0.972317 0 0.233664
    outer loop
      vertex 6.83771 8.5 1.24842
      vertex 6.8289 6 1.21176
      vertex 6.83771 6 1.24842
    endloop
  endfacet
  facet normal 0.0469476 4.89163e-20 0.998897
    outer loop
      vertex 8.03769 8.5 2.1494
      vertex 8.07535 6 2.14763
      vertex 8.07535 8.5 2.14763
    endloop
  endfacet
  facet normal 0.0469476 4.89163e-20 0.998897
    outer loop
      vertex 8.07535 6 2.14763
      vertex 8.03769 8.5 2.1494
      vertex 8.03769 6 2.1494
    endloop
  endfacet
  facet normal 0.760267 -0 0.64961
    outer loop
      vertex 8.90013 6 1.74356
      vertex 8.92461 8.5 1.71491
      vertex 8.90013 8.5 1.74356
    endloop
  endfacet
  facet normal 0.760267 0 0.64961
    outer loop
      vertex 8.92461 8.5 1.71491
      vertex 8.90013 6 1.74356
      vertex 8.92461 6 1.71491
    endloop
  endfacet
  facet normal 0.955922 -0 0.29362
    outer loop
      vertex 9.14127 6 1.32082
      vertex 9.15234 8.5 1.28478
      vertex 9.14127 8.5 1.32082
    endloop
  endfacet
  facet normal 0.955922 0 0.29362
    outer loop
      vertex 9.15234 8.5 1.28478
      vertex 9.14127 6 1.32082
      vertex 9.15234 6 1.28478
    endloop
  endfacet
  facet normal -0.600552 3.63452e-19 0.799586
    outer loop
      vertex 7.26453 8.5 1.89818
      vertex 7.29466 6 1.92081
      vertex 7.29466 8.5 1.92081
    endloop
  endfacet
  facet normal -0.600552 3.63452e-19 0.799586
    outer loop
      vertex 7.29466 6 1.92081
      vertex 7.26453 8.5 1.89818
      vertex 7.26453 6 1.89818
    endloop
  endfacet
  facet normal 0.935476 -0 0.35339
    outer loop
      vertex 9.11572 6 1.39174
      vertex 9.12904 8.5 1.35648
      vertex 9.11572 8.5 1.39174
    endloop
  endfacet
  facet normal 0.935476 0 0.35339
    outer loop
      vertex 9.12904 8.5 1.35648
      vertex 9.11572 6 1.39174
      vertex 9.12904 6 1.35648
    endloop
  endfacet
  facet normal 0.760334 0 -0.649532
    outer loop
      vertex 8.92461 6 0.185092
      vertex 8.90013 8.5 0.156436
      vertex 8.92461 8.5 0.185092
    endloop
  endfacet
  facet normal 0.760334 0 -0.649532
    outer loop
      vertex 8.90013 8.5 0.156436
      vertex 8.92461 6 0.185092
      vertex 8.90013 6 0.156436
    endloop
  endfacet
  facet normal 0.88373 -0 0.467997
    outer loop
      vertex 9.05156 6 1.52809
      vertex 9.0692 8.5 1.49478
      vertex 9.05156 8.5 1.52809
    endloop
  endfacet
  facet normal 0.88373 0 0.467997
    outer loop
      vertex 9.0692 8.5 1.49478
      vertex 9.05156 6 1.52809
      vertex 9.0692 6 1.49478
    endloop
  endfacet
  facet normal -0.575099 -4.21509e-19 0.818084
    outer loop
      vertex 7.29466 8.5 1.92081
      vertex 7.3255 6 1.94249
      vertex 7.3255 8.5 1.94249
    endloop
  endfacet
  facet normal -0.575099 -4.21509e-19 0.818084
    outer loop
      vertex 7.3255 6 1.94249
      vertex 7.29466 8.5 1.92081
      vertex 7.29466 6 1.92081
    endloop
  endfacet
  facet normal 0.955925 0 -0.293612
    outer loop
      vertex 9.15234 6 0.615222
      vertex 9.14127 8.5 0.579181
      vertex 9.15234 8.5 0.615222
    endloop
  endfacet
  facet normal 0.955925 0 -0.293612
    outer loop
      vertex 9.14127 8.5 0.579181
      vertex 9.15234 6 0.615222
      vertex 9.14127 6 0.579181
    endloop
  endfacet
  facet normal -0.799643 0 -0.600475
    outer loop
      vertex 7.05182 6 0.214526
      vertex 7.02919 8.5 0.244662
      vertex 7.05182 8.5 0.214526
    endloop
  endfacet
  facet normal -0.799643 -0 -0.600475
    outer loop
      vertex 7.02919 8.5 0.244662
      vertex 7.05182 6 0.214526
      vertex 7.02919 6 0.244662
    endloop
  endfacet
  facet normal -0.996911 0 0.0785429
    outer loop
      vertex 6.80237 6 1.02535
      vertex 6.80533 8.5 1.06292
      vertex 6.80237 8.5 1.02535
    endloop
  endfacet
  facet normal -0.996911 0 0.0785429
    outer loop
      vertex 6.80533 8.5 1.06292
      vertex 6.80237 6 1.02535
      vertex 6.80533 6 1.06292
    endloop
  endfacet
  facet normal -0.411544 -3.00752e-19 0.91139
    outer loop
      vertex 7.48907 8.5 2.03578
      vertex 7.52344 6 2.0513
      vertex 7.52344 8.5 2.0513
    endloop
  endfacet
  facet normal -0.411544 -3.00752e-19 0.91139
    outer loop
      vertex 7.52344 6 2.0513
      vertex 7.48907 8.5 2.03578
      vertex 7.48907 6 2.03578
    endloop
  endfacet
  facet normal -0.818066 0 -0.575124
    outer loop
      vertex 7.02919 6 0.244662
      vertex 7.00751 8.5 0.2755
      vertex 7.02919 8.5 0.244662
    endloop
  endfacet
  facet normal -0.818066 -0 -0.575124
    outer loop
      vertex 7.00751 8.5 0.2755
      vertex 7.02919 6 0.244662
      vertex 7.00751 6 0.2755
    endloop
  endfacet
  facet normal -0.923911 0 -0.382608
    outer loop
      vertex 6.8987 6 0.473437
      vertex 6.88428 8.5 0.508258
      vertex 6.8987 8.5 0.473437
    endloop
  endfacet
  facet normal -0.923911 -0 -0.382608
    outer loop
      vertex 6.88428 8.5 0.508258
      vertex 6.8987 6 0.473437
      vertex 6.88428 6 0.508258
    endloop
  endfacet
  facet normal -0.99691 0 -0.0785491
    outer loop
      vertex 6.80533 6 0.837085
      vertex 6.80237 8.5 0.874652
      vertex 6.80533 8.5 0.837085
    endloop
  endfacet
  facet normal -0.99691 -0 -0.0785491
    outer loop
      vertex 6.80237 8.5 0.874652
      vertex 6.80533 6 0.837085
      vertex 6.80237 6 0.874652
    endloop
  endfacet
  facet normal -0.548871 3.94084e-19 0.835907
    outer loop
      vertex 7.3255 8.5 1.94249
      vertex 7.35701 6 1.96318
      vertex 7.35701 8.5 1.96318
    endloop
  endfacet
  facet normal -0.548871 3.94084e-19 0.835907
    outer loop
      vertex 7.35701 6 1.96318
      vertex 7.3255 8.5 1.94249
      vertex 7.3255 6 1.94249
    endloop
  endfacet
  facet normal 0.624986 2.98105e-19 0.780636
    outer loop
      vertex 8.73547 8.5 1.89818
      vertex 8.76491 6 1.87461
      vertex 8.76491 8.5 1.87461
    endloop
  endfacet
  facet normal 0.624986 2.98105e-19 0.780636
    outer loop
      vertex 8.76491 6 1.87461
      vertex 8.73547 8.5 1.89818
      vertex 8.73547 6 1.89818
    endloop
  endfacet
  facet normal 0.979243 0 -0.202688
    outer loop
      vertex 9.17874 6 0.725146
      vertex 9.1711 8.5 0.688235
      vertex 9.17874 8.5 0.725146
    endloop
  endfacet
  facet normal 0.979243 0 -0.202688
    outer loop
      vertex 9.1711 8.5 0.688235
      vertex 9.17874 6 0.725146
      vertex 9.1711 6 0.688235
    endloop
  endfacet
  facet normal 0 1 0
    outer loop
      vertex 8.03769 8.5 2.1494
      vertex 7.96231 8.5 2.1494
      vertex 8 8.5 2.15
    endloop
  endfacet
  facet normal 0 1 0
    outer loop
      vertex 8.07535 8.5 2.14763
      vertex 7.96231 8.5 2.1494
      vertex 8.03769 8.5 2.1494
    endloop
  endfacet
  facet normal 0 1 0
    outer loop
      vertex 8.07535 8.5 2.14763
      vertex 7.92465 8.5 2.14763
      vertex 7.96231 8.5 2.1494
    endloop
  endfacet
  facet normal 0 1 0
    outer loop
      vertex 8.11292 8.5 2.14467
      vertex 7.92465 8.5 2.14763
      vertex 8.07535 8.5 2.14763
    endloop
  endfacet
  facet normal 0 1 0
    outer loop
      vertex 8.11292 8.5 2.14467
      vertex 7.88708 8.5 2.14467
      vertex 7.92465 8.5 2.14763
    endloop
  endfacet
  facet normal 0 1 0
    outer loop
      vertex 8.15039 8.5 2.14054
      vertex 7.88708 8.5 2.14467
      vertex 8.11292 8.5 2.14467
    endloop
  endfacet
  facet normal 0 1 0
    outer loop
      vertex 8.15039 8.5 2.14054
      vertex 7.84961 8.5 2.14054
      vertex 7.88708 8.5 2.14467
    endloop
  endfacet
  facet normal 0 1 0
    outer loop
      vertex 8.18771 8.5 2.13521
      vertex 7.84961 8.5 2.14054
      vertex 8.15039 8.5 2.14054
    endloop
  endfacet
  facet normal 0 1 0
    outer loop
      vertex 8.18771 8.5 2.13521
      vertex 7.81229 8.5 2.13521
      vertex 7.84961 8.5 2.14054
    endloop
  endfacet
  facet normal 0 1 0
    outer loop
      vertex 8.22485 8.5 2.12874
      vertex 7.81229 8.5 2.13521
      vertex 8.18771 8.5 2.13521
    endloop
  endfacet
  facet normal 0 1 0
    outer loop
      vertex 8.22485 8.5 2.12874
      vertex 7.77515 8.5 2.12874
      vertex 7.81229 8.5 2.13521
    endloop
  endfacet
  facet normal 0 1 0
    outer loop
      vertex 8.26176 8.5 2.1211
      vertex 7.77515 8.5 2.12874
      vertex 8.22485 8.5 2.12874
    endloop
  endfacet
  facet normal 0 1 0
    outer loop
      vertex 8.26176 8.5 2.1211
      vertex 7.73824 8.5 2.1211
      vertex 7.77515 8.5 2.12874
    endloop
  endfacet
  facet normal 0 1 0
    outer loop
      vertex 8.29842 8.5 2.11229
      vertex 7.73824 8.5 2.1211
      vertex 8.26176 8.5 2.1211
    endloop
  endfacet
  facet normal 0 1 0
    outer loop
      vertex 8.29842 8.5 2.11229
      vertex 7.70158 8.5 2.11229
      vertex 7.73824 8.5 2.1211
    endloop
  endfacet
  facet normal 0 1 0
    outer loop
      vertex 8.33478 8.5 2.10234
      vertex 7.70158 8.5 2.11229
      vertex 8.29842 8.5 2.11229
    endloop
  endfacet
  facet normal 0 1 0
    outer loop
      vertex 8.33478 8.5 2.10234
      vertex 7.66522 8.5 2.10234
      vertex 7.70158 8.5 2.11229
    endloop
  endfacet
  facet normal 0 1 0
    outer loop
      vertex 8.37082 8.5 2.09127
      vertex 7.66522 8.5 2.10234
      vertex 8.33478 8.5 2.10234
    endloop
  endfacet
  facet normal 0 1 0
    outer loop
      vertex 8.37082 8.5 2.09127
      vertex 7.62918 8.5 2.09127
      vertex 7.66522 8.5 2.10234
    endloop
  endfacet
  facet normal 0 1 0
    outer loop
      vertex 8.40648 8.5 2.07904
      vertex 7.62918 8.5 2.09127
      vertex 8.37082 8.5 2.09127
    endloop
  endfacet
  facet normal 0 1 0
    outer loop
      vertex 8.40648 8.5 2.07904
      vertex 7.59352 8.5 2.07904
      vertex 7.62918 8.5 2.09127
    endloop
  endfacet
  facet normal 0 1 0
    outer loop
      vertex 8.44174 8.5 2.06572
      vertex 7.59352 8.5 2.07904
      vertex 8.40648 8.5 2.07904
    endloop
  endfacet
  facet normal 0 1 0
    outer loop
      vertex 8.44174 8.5 2.06572
      vertex 7.55826 8.5 2.06572
      vertex 7.59352 8.5 2.07904
    endloop
  endfacet
  facet normal 0 1 0
    outer loop
      vertex 8.47656 8.5 2.0513
      vertex 7.55826 8.5 2.06572
      vertex 8.44174 8.5 2.06572
    endloop
  endfacet
  facet normal 0 1 0
    outer loop
      vertex 8.47656 8.5 2.0513
      vertex 7.52344 8.5 2.0513
      vertex 7.55826 8.5 2.06572
    endloop
  endfacet
  facet normal 0 1 0
    outer loop
      vertex 8.51093 8.5 2.03578
      vertex 7.52344 8.5 2.0513
      vertex 8.47656 8.5 2.0513
    endloop
  endfacet
  facet normal 0 1 0
    outer loop
      vertex 8.51093 8.5 2.03578
      vertex 7.48907 8.5 2.03578
      vertex 7.52344 8.5 2.0513
    endloop
  endfacet
  facet normal 0 1 0
    outer loop
      vertex 8.54478 8.5 2.0192
      vertex 7.48907 8.5 2.03578
      vertex 8.51093 8.5 2.03578
    endloop
  endfacet
  facet normal 0 1 0
    outer loop
      vertex 8.54478 8.5 2.0192
      vertex 7.45522 8.5 2.0192
      vertex 7.48907 8.5 2.03578
    endloop
  endfacet
  facet normal 0 1 0
    outer loop
      vertex 8.57809 8.5 2.00156
      vertex 7.45522 8.5 2.0192
      vertex 8.54478 8.5 2.0192
    endloop
  endfacet
  facet normal 0 1 0
    outer loop
      vertex 8.57809 8.5 2.00156
      vertex 7.42191 8.5 2.00156
      vertex 7.45522 8.5 2.0192
    endloop
  endfacet
  facet normal 0 1 0
    outer loop
      vertex 8.61084 8.5 1.98288
      vertex 7.42191 8.5 2.00156
      vertex 8.57809 8.5 2.00156
    endloop
  endfacet
  facet normal 0 1 0
    outer loop
      vertex 8.61084 8.5 1.98288
      vertex 7.38916 8.5 1.98288
      vertex 7.42191 8.5 2.00156
    endloop
  endfacet
  facet normal 0 1 0
    outer loop
      vertex 8.64299 8.5 1.96318
      vertex 7.38916 8.5 1.98288
      vertex 8.61084 8.5 1.98288
    endloop
  endfacet
  facet normal 0 1 0
    outer loop
      vertex 8.64299 8.5 1.96318
      vertex 7.35701 8.5 1.96318
      vertex 7.38916 8.5 1.98288
    endloop
  endfacet
  facet normal 0 1 0
    outer loop
      vertex 8.6745 8.5 1.94249
      vertex 7.35701 8.5 1.96318
      vertex 8.64299 8.5 1.96318
    endloop
  endfacet
  facet normal 0 1 0
    outer loop
      vertex 8.6745 8.5 1.94249
      vertex 7.3255 8.5 1.94249
      vertex 7.35701 8.5 1.96318
    endloop
  endfacet
  facet normal 0 1 0
    outer loop
      vertex 8.70534 8.5 1.92081
      vertex 7.3255 8.5 1.94249
      vertex 8.6745 8.5 1.94249
    endloop
  endfacet
  facet normal 0 1 0
    outer loop
      vertex 8.70534 8.5 1.92081
      vertex 7.29466 8.5 1.92081
      vertex 7.3255 8.5 1.94249
    endloop
  endfacet
  facet normal 0 1 0
    outer loop
      vertex 8.73547 8.5 1.89818
      vertex 7.29466 8.5 1.92081
      vertex 8.70534 8.5 1.92081
    endloop
  endfacet
  facet normal 0 1 0
    outer loop
      vertex 8.73547 8.5 1.89818
      vertex 7.26453 8.5 1.89818
      vertex 7.29466 8.5 1.92081
    endloop
  endfacet
  facet normal 0 1 0
    outer loop
      vertex 8.76491 8.5 1.87461
      vertex 7.26453 8.5 1.89818
      vertex 8.73547 8.5 1.89818
    endloop
  endfacet
  facet normal 0 1 0
    outer loop
      vertex 8.76491 8.5 1.87461
      vertex 7.23509 8.5 1.87461
      vertex 7.26453 8.5 1.89818
    endloop
  endfacet
  facet normal 0 1 0
    outer loop
      vertex 8.79356 8.5 1.85013
      vertex 7.23509 8.5 1.87461
      vertex 8.76491 8.5 1.87461
    endloop
  endfacet
  facet normal 0 1 0
    outer loop
      vertex 8.79356 8.5 1.85013
      vertex 7.20644 8.5 1.85013
      vertex 7.23509 8.5 1.87461
    endloop
  endfacet
  facet normal 0 1 0
    outer loop
      vertex 8.82144 8.5 1.82476
      vertex 7.20644 8.5 1.85013
      vertex 8.79356 8.5 1.85013
    endloop
  endfacet
  facet normal 0 1 0
    outer loop
      vertex 8.82144 8.5 1.82476
      vertex 7.17856 8.5 1.82476
      vertex 7.20644 8.5 1.85013
    endloop
  endfacet
  facet normal 0 1 0
    outer loop
      vertex 8.84853 8.5 1.79853
      vertex 7.17856 8.5 1.82476
      vertex 8.82144 8.5 1.82476
    endloop
  endfacet
  facet normal 0 1 0
    outer loop
      vertex 8.84853 8.5 1.79853
      vertex 7.15147 8.5 1.79853
      vertex 7.17856 8.5 1.82476
    endloop
  endfacet
  facet normal 0 1 0
    outer loop
      vertex 8.87476 8.5 1.77144
      vertex 7.15147 8.5 1.79853
      vertex 8.84853 8.5 1.79853
    endloop
  endfacet
  facet normal 0 1 0
    outer loop
      vertex 8.87476 8.5 1.77144
      vertex 7.12524 8.5 1.77144
      vertex 7.15147 8.5 1.79853
    endloop
  endfacet
  facet normal 0 1 0
    outer loop
      vertex 8.90013 8.5 1.74356
      vertex 7.12524 8.5 1.77144
      vertex 8.87476 8.5 1.77144
    endloop
  endfacet
  facet normal 0 1 0
    outer loop
      vertex 8.90013 8.5 1.74356
      vertex 7.09987 8.5 1.74356
      vertex 7.12524 8.5 1.77144
    endloop
  endfacet
  facet normal 0 1 0
    outer loop
      vertex 8.92461 8.5 1.71491
      vertex 7.09987 8.5 1.74356
      vertex 8.90013 8.5 1.74356
    endloop
  endfacet
  facet normal 0 1 0
    outer loop
      vertex 8.92461 8.5 1.71491
      vertex 7.07539 8.5 1.71491
      vertex 7.09987 8.5 1.74356
    endloop
  endfacet
  facet normal 0 1 0
    outer loop
      vertex 8.94818 8.5 1.68547
      vertex 7.07539 8.5 1.71491
      vertex 8.92461 8.5 1.71491
    endloop
  endfacet
  facet normal 0 1 0
    outer loop
      vertex 8.94818 8.5 1.68547
      vertex 7.05182 8.5 1.68547
      vertex 7.07539 8.5 1.71491
    endloop
  endfacet
  facet normal 0 1 0
    outer loop
      vertex 8.97081 8.5 1.65534
      vertex 7.05182 8.5 1.68547
      vertex 8.94818 8.5 1.68547
    endloop
  endfacet
  facet normal 0 1 0
    outer loop
      vertex 8.97081 8.5 1.65534
      vertex 7.02919 8.5 1.65534
      vertex 7.05182 8.5 1.68547
    endloop
  endfacet
  facet normal 0 1 0
    outer loop
      vertex 8.99249 8.5 1.6245
      vertex 7.02919 8.5 1.65534
      vertex 8.97081 8.5 1.65534
    endloop
  endfacet
  facet normal 0 1 0
    outer loop
      vertex 8.99249 8.5 1.6245
      vertex 7.00751 8.5 1.6245
      vertex 7.02919 8.5 1.65534
    endloop
  endfacet
  facet normal 0 1 0
    outer loop
      vertex 9.01318 8.5 1.59299
      vertex 7.00751 8.5 1.6245
      vertex 8.99249 8.5 1.6245
    endloop
  endfacet
  facet normal 0 1 0
    outer loop
      vertex 9.01318 8.5 1.59299
      vertex 6.98682 8.5 1.59299
      vertex 7.00751 8.5 1.6245
    endloop
  endfacet
  facet normal 0 1 0
    outer loop
      vertex 9.03288 8.5 1.56084
      vertex 6.98682 8.5 1.59299
      vertex 9.01318 8.5 1.59299
    endloop
  endfacet
  facet normal 0 1 0
    outer loop
      vertex 9.03288 8.5 1.56084
      vertex 6.96712 8.5 1.56084
      vertex 6.98682 8.5 1.59299
    endloop
  endfacet
  facet normal 0 1 0
    outer loop
      vertex 9.05156 8.5 1.52809
      vertex 6.96712 8.5 1.56084
      vertex 9.03288 8.5 1.56084
    endloop
  endfacet
  facet normal 0 1 0
    outer loop
      vertex 9.05156 8.5 1.52809
      vertex 6.94844 8.5 1.52809
      vertex 6.96712 8.5 1.56084
    endloop
  endfacet
  facet normal 0 1 0
    outer loop
      vertex 9.0692 8.5 1.49478
      vertex 6.94844 8.5 1.52809
      vertex 9.05156 8.5 1.52809
    endloop
  endfacet
  facet normal 0 1 0
    outer loop
      vertex 9.0692 8.5 1.49478
      vertex 6.9308 8.5 1.49478
      vertex 6.94844 8.5 1.52809
    endloop
  endfacet
  facet normal 0 1 0
    outer loop
      vertex 9.08578 8.5 1.46093
      vertex 6.9308 8.5 1.49478
      vertex 9.0692 8.5 1.49478
    endloop
  endfacet
  facet normal 0 1 0
    outer loop
      vertex 9.08578 8.5 1.46093
      vertex 6.91422 8.5 1.46093
      vertex 6.9308 8.5 1.49478
    endloop
  endfacet
  facet normal 0 1 0
    outer loop
      vertex 9.1013 8.5 1.42656
      vertex 6.91422 8.5 1.46093
      vertex 9.08578 8.5 1.46093
    endloop
  endfacet
  facet normal 0 1 0
    outer loop
      vertex 9.1013 8.5 1.42656
      vertex 6.8987 8.5 1.42656
      vertex 6.91422 8.5 1.46093
    endloop
  endfacet
  facet normal 0 1 0
    outer loop
      vertex 9.11572 8.5 1.39174
      vertex 6.8987 8.5 1.42656
      vertex 9.1013 8.5 1.42656
    endloop
  endfacet
  facet normal 0 1 0
    outer loop
      vertex 9.11572 8.5 1.39174
      vertex 6.88428 8.5 1.39174
      vertex 6.8987 8.5 1.42656
    endloop
  endfacet
  facet normal 0 1 0
    outer loop
      vertex 9.12904 8.5 1.35648
      vertex 6.88428 8.5 1.39174
      vertex 9.11572 8.5 1.39174
    endloop
  endfacet
  facet normal 0 1 0
    outer loop
      vertex 9.12904 8.5 1.35648
      vertex 6.87096 8.5 1.35648
      vertex 6.88428 8.5 1.39174
    endloop
  endfacet
  facet normal 0 1 0
    outer loop
      vertex 9.14127 8.5 1.32082
      vertex 6.87096 8.5 1.35648
      vertex 9.12904 8.5 1.35648
    endloop
  endfacet
  facet normal 0 1 0
    outer loop
      vertex 9.14127 8.5 1.32082
      vertex 6.85873 8.5 1.32082
      vertex 6.87096 8.5 1.35648
    endloop
  endfacet
  facet normal 0 1 0
    outer loop
      vertex 9.15234 8.5 1.28478
      vertex 6.85873 8.5 1.32082
      vertex 9.14127 8.5 1.32082
    endloop
  endfacet
  facet normal 0 1 0
    outer loop
      vertex 9.15234 8.5 1.28478
      vertex 6.84766 8.5 1.28478
      vertex 6.85873 8.5 1.32082
    endloop
  endfacet
  facet normal 0 1 0
    outer loop
      vertex 9.16229 8.5 1.24842
      vertex 6.84766 8.5 1.28478
      vertex 9.15234 8.5 1.28478
    endloop
  endfacet
  facet normal 0 1 0
    outer loop
      vertex 9.16229 8.5 1.24842
      vertex 6.83771 8.5 1.24842
      vertex 6.84766 8.5 1.28478
    endloop
  endfacet
  facet normal 0 1 0
    outer loop
      vertex 9.1711 8.5 1.21176
      vertex 6.83771 8.5 1.24842
      vertex 9.16229 8.5 1.24842
    endloop
  endfacet
  facet normal 0 1 0
    outer loop
      vertex 9.1711 8.5 1.21176
      vertex 6.8289 8.5 1.21176
      vertex 6.83771 8.5 1.24842
    endloop
  endfacet
  facet normal 0 1 0
    outer loop
      vertex 9.17874 8.5 1.17485
      vertex 6.8289 8.5 1.21176
      vertex 9.1711 8.5 1.21176
    endloop
  endfacet
  facet normal 0 1 0
    outer loop
      vertex 9.17874 8.5 1.17485
      vertex 6.82126 8.5 1.17485
      vertex 6.8289 8.5 1.21176
    endloop
  endfacet
  facet normal 0 1 0
    outer loop
      vertex 9.18521 8.5 1.13771
      vertex 6.82126 8.5 1.17485
      vertex 9.17874 8.5 1.17485
    endloop
  endfacet
  facet normal 0 1 0
    outer loop
      vertex 9.18521 8.5 1.13771
      vertex 6.81479 8.5 1.13771
      vertex 6.82126 8.5 1.17485
    endloop
  endfacet
  facet normal 0 1 0
    outer loop
      vertex 9.19054 8.5 1.10039
      vertex 6.81479 8.5 1.13771
      vertex 9.18521 8.5 1.13771
    endloop
  endfacet
  facet normal 0 1 0
    outer loop
      vertex 9.19054 8.5 1.10039
      vertex 6.80946 8.5 1.10039
      vertex 6.81479 8.5 1.13771
    endloop
  endfacet
  facet normal 0 1 0
    outer loop
      vertex 9.19467 8.5 1.06292
      vertex 6.80946 8.5 1.10039
      vertex 9.19054 8.5 1.10039
    endloop
  endfacet
  facet normal 0 1 0
    outer loop
      vertex 9.19467 8.5 1.06292
      vertex 6.80533 8.5 1.06292
      vertex 6.80946 8.5 1.10039
    endloop
  endfacet
  facet normal 0 1 0
    outer loop
      vertex 9.19763 8.5 1.02535
      vertex 6.80533 8.5 1.06292
      vertex 9.19467 8.5 1.06292
    endloop
  endfacet
  facet normal 0 1 0
    outer loop
      vertex 9.19763 8.5 1.02535
      vertex 6.80237 8.5 1.02535
      vertex 6.80533 8.5 1.06292
    endloop
  endfacet
  facet normal 0 1 0
    outer loop
      vertex 9.1994 8.5 0.987689
      vertex 6.80237 8.5 1.02535
      vertex 9.19763 8.5 1.02535
    endloop
  endfacet
  facet normal 0 1 0
    outer loop
      vertex 9.1994 8.5 0.987689
      vertex 6.8006 8.5 0.987689
      vertex 6.80237 8.5 1.02535
    endloop
  endfacet
  facet normal 0 1 0
    outer loop
      vertex 9.2 8.5 0.95
      vertex 6.8006 8.5 0.987689
      vertex 9.1994 8.5 0.987689
    endloop
  endfacet
  facet normal 0 1 0
    outer loop
      vertex 9.2 8.5 0.95
      vertex 6.8 8.5 0.95
      vertex 6.8006 8.5 0.987689
    endloop
  endfacet
  facet normal 0 1 -0
    outer loop
      vertex 9.1994 8.5 0.912311
      vertex 6.8 8.5 0.95
      vertex 9.2 8.5 0.95
    endloop
  endfacet
  facet normal 0 1 0
    outer loop
      vertex 9.1994 8.5 0.912311
      vertex 6.8006 8.5 0.912311
      vertex 6.8 8.5 0.95
    endloop
  endfacet
  facet normal 0 1 -0
    outer loop
      vertex 9.19763 8.5 0.874652
      vertex 6.8006 8.5 0.912311
      vertex 9.1994 8.5 0.912311
    endloop
  endfacet
  facet normal 0 1 0
    outer loop
      vertex 9.19763 8.5 0.874652
      vertex 6.80237 8.5 0.874652
      vertex 6.8006 8.5 0.912311
    endloop
  endfacet
  facet normal 0 1 -0
    outer loop
      vertex 9.19467 8.5 0.837085
      vertex 6.80237 8.5 0.874652
      vertex 9.19763 8.5 0.874652
    endloop
  endfacet
  facet normal 0 1 0
    outer loop
      vertex 9.19467 8.5 0.837085
      vertex 6.80533 8.5 0.837085
      vertex 6.80237 8.5 0.874652
    endloop
  endfacet
  facet normal 0 1 -0
    outer loop
      vertex 9.19054 8.5 0.799609
      vertex 6.80533 8.5 0.837085
      vertex 9.19467 8.5 0.837085
    endloop
  endfacet
  facet normal 0 1 0
    outer loop
      vertex 9.19054 8.5 0.799609
      vertex 6.80946 8.5 0.799609
      vertex 6.80533 8.5 0.837085
    endloop
  endfacet
  facet normal 0 1 -0
    outer loop
      vertex 9.18521 8.5 0.762286
      vertex 6.80946 8.5 0.799609
      vertex 9.19054 8.5 0.799609
    endloop
  endfacet
  facet normal 0 1 0
    outer loop
      vertex 9.18521 8.5 0.762286
      vertex 6.81479 8.5 0.762286
      vertex 6.80946 8.5 0.799609
    endloop
  endfacet
  facet normal 0 1 -0
    outer loop
      vertex 9.17874 8.5 0.725146
      vertex 6.81479 8.5 0.762286
      vertex 9.18521 8.5 0.762286
    endloop
  endfacet
  facet normal 0 1 0
    outer loop
      vertex 9.17874 8.5 0.725146
      vertex 6.82126 8.5 0.725146
      vertex 6.81479 8.5 0.762286
    endloop
  endfacet
  facet normal 0 1 -0
    outer loop
      vertex 9.1711 8.5 0.688235
      vertex 6.82126 8.5 0.725146
      vertex 9.17874 8.5 0.725146
    endloop
  endfacet
  facet normal 0 1 0
    outer loop
      vertex 9.1711 8.5 0.688235
      vertex 6.8289 8.5 0.688235
      vertex 6.82126 8.5 0.725146
    endloop
  endfacet
  facet normal 0 1 -0
    outer loop
      vertex 9.16229 8.5 0.651584
      vertex 6.8289 8.5 0.688235
      vertex 9.1711 8.5 0.688235
    endloop
  endfacet
  facet normal 0 1 0
    outer loop
      vertex 9.16229 8.5 0.651584
      vertex 6.83771 8.5 0.651584
      vertex 6.8289 8.5 0.688235
    endloop
  endfacet
  facet normal 0 1 -0
    outer loop
      vertex 9.15234 8.5 0.615222
      vertex 6.83771 8.5 0.651584
      vertex 9.16229 8.5 0.651584
    endloop
  endfacet
  facet normal 0 1 0
    outer loop
      vertex 9.15234 8.5 0.615222
      vertex 6.84766 8.5 0.615222
      vertex 6.83771 8.5 0.651584
    endloop
  endfacet
  facet normal 0 1 -0
    outer loop
      vertex 9.14127 8.5 0.579181
      vertex 6.84766 8.5 0.615222
      vertex 9.15234 8.5 0.615222
    endloop
  endfacet
  facet normal 0 1 0
    outer loop
      vertex 9.14127 8.5 0.579181
      vertex 6.85873 8.5 0.579181
      vertex 6.84766 8.5 0.615222
    endloop
  endfacet
  facet normal 0 1 -0
    outer loop
      vertex 9.12904 8.5 0.543521
      vertex 6.85873 8.5 0.579181
      vertex 9.14127 8.5 0.579181
    endloop
  endfacet
  facet normal 0 1 0
    outer loop
      vertex 9.12904 8.5 0.543521
      vertex 6.87096 8.5 0.543521
      vertex 6.85873 8.5 0.579181
    endloop
  endfacet
  facet normal 0 1 -0
    outer loop
      vertex 9.11572 8.5 0.508258
      vertex 6.87096 8.5 0.543521
      vertex 9.12904 8.5 0.543521
    endloop
  endfacet
  facet normal 0 1 0
    outer loop
      vertex 9.11572 8.5 0.508258
      vertex 6.88428 8.5 0.508258
      vertex 6.87096 8.5 0.543521
    endloop
  endfacet
  facet normal 0 1 -0
    outer loop
      vertex 9.1013 8.5 0.473437
      vertex 6.88428 8.5 0.508258
      vertex 9.11572 8.5 0.508258
    endloop
  endfacet
  facet normal 0 1 0
    outer loop
      vertex 9.1013 8.5 0.473437
      vertex 6.8987 8.5 0.473437
      vertex 6.88428 8.5 0.508258
    endloop
  endfacet
  facet normal 0 1 -0
    outer loop
      vertex 9.08578 8.5 0.439075
      vertex 6.8987 8.5 0.473437
      vertex 9.1013 8.5 0.473437
    endloop
  endfacet
  facet normal 0 1 0
    outer loop
      vertex 9.08578 8.5 0.439075
      vertex 6.91422 8.5 0.439075
      vertex 6.8987 8.5 0.473437
    endloop
  endfacet
  facet normal 0 1 -0
    outer loop
      vertex 9.0692 8.5 0.405215
      vertex 6.91422 8.5 0.439075
      vertex 9.08578 8.5 0.439075
    endloop
  endfacet
  facet normal 0 1 0
    outer loop
      vertex 9.0692 8.5 0.405215
      vertex 6.9308 8.5 0.405215
      vertex 6.91422 8.5 0.439075
    endloop
  endfacet
  facet normal 0 1 -0
    outer loop
      vertex 9.05156 8.5 0.371906
      vertex 6.9308 8.5 0.405215
      vertex 9.0692 8.5 0.405215
    endloop
  endfacet
  facet normal 0 1 0
    outer loop
      vertex 9.05156 8.5 0.371906
      vertex 6.94844 8.5 0.371906
      vertex 6.9308 8.5 0.405215
    endloop
  endfacet
  facet normal 0 1 -0
    outer loop
      vertex 9.03288 8.5 0.33916
      vertex 6.94844 8.5 0.371906
      vertex 9.05156 8.5 0.371906
    endloop
  endfacet
  facet normal 0 1 0
    outer loop
      vertex 9.03288 8.5 0.33916
      vertex 6.96712 8.5 0.33916
      vertex 6.94844 8.5 0.371906
    endloop
  endfacet
  facet normal 0 1 -0
    outer loop
      vertex 9.01318 8.5 0.30701
      vertex 6.96712 8.5 0.33916
      vertex 9.03288 8.5 0.33916
    endloop
  endfacet
  facet normal 0 1 0
    outer loop
      vertex 9.01318 8.5 0.30701
      vertex 6.98682 8.5 0.30701
      vertex 6.96712 8.5 0.33916
    endloop
  endfacet
  facet normal 0 1 -0
    outer loop
      vertex 8.99249 8.5 0.2755
      vertex 6.98682 8.5 0.30701
      vertex 9.01318 8.5 0.30701
    endloop
  endfacet
  facet normal 0 1 0
    outer loop
      vertex 8.99249 8.5 0.2755
      vertex 7.00751 8.5 0.2755
      vertex 6.98682 8.5 0.30701
    endloop
  endfacet
  facet normal 0 1 -0
    outer loop
      vertex 8.97081 8.5 0.244662
      vertex 7.00751 8.5 0.2755
      vertex 8.99249 8.5 0.2755
    endloop
  endfacet
  facet normal 0 1 0
    outer loop
      vertex 8.97081 8.5 0.244662
      vertex 7.02919 8.5 0.244662
      vertex 7.00751 8.5 0.2755
    endloop
  endfacet
  facet normal 0 1 -0
    outer loop
      vertex 8.94818 8.5 0.214526
      vertex 7.02919 8.5 0.244662
      vertex 8.97081 8.5 0.244662
    endloop
  endfacet
  facet normal 0 1 0
    outer loop
      vertex 8.94818 8.5 0.214526
      vertex 7.05182 8.5 0.214526
      vertex 7.02919 8.5 0.244662
    endloop
  endfacet
  facet normal 0 1 -0
    outer loop
      vertex 8.92461 8.5 0.185092
      vertex 7.05182 8.5 0.214526
      vertex 8.94818 8.5 0.214526
    endloop
  endfacet
  facet normal 0 1 0
    outer loop
      vertex 8.92461 8.5 0.185092
      vertex 7.07539 8.5 0.185092
      vertex 7.05182 8.5 0.214526
    endloop
  endfacet
  facet normal 0 1 -0
    outer loop
      vertex 8.90013 8.5 0.156436
      vertex 7.07539 8.5 0.185092
      vertex 8.92461 8.5 0.185092
    endloop
  endfacet
  facet normal 0 1 0
    outer loop
      vertex 8.90013 8.5 0.156436
      vertex 7.09987 8.5 0.156436
      vertex 7.07539 8.5 0.185092
    endloop
  endfacet
  facet normal 0 1 -0
    outer loop
      vertex 8.87476 8.5 0.128558
      vertex 7.09987 8.5 0.156436
      vertex 8.90013 8.5 0.156436
    endloop
  endfacet
  facet normal 0 1 0
    outer loop
      vertex 8.87476 8.5 0.128558
      vertex 7.12524 8.5 0.128558
      vertex 7.09987 8.5 0.156436
    endloop
  endfacet
  facet normal 0 1 -0
    outer loop
      vertex 8.84853 8.5 0.101474
      vertex 7.12524 8.5 0.128558
      vertex 8.87476 8.5 0.128558
    endloop
  endfacet
  facet normal 0 1 0
    outer loop
      vertex 8.84853 8.5 0.101474
      vertex 7.15147 8.5 0.101474
      vertex 7.12524 8.5 0.128558
    endloop
  endfacet
  facet normal 0 1 -0
    outer loop
      vertex 8.82144 8.5 0.0752441
      vertex 7.15147 8.5 0.101474
      vertex 8.84853 8.5 0.101474
    endloop
  endfacet
  facet normal 0 1 0
    outer loop
      vertex 8.82144 8.5 0.0752441
      vertex 7.17856 8.5 0.0752441
      vertex 7.15147 8.5 0.101474
    endloop
  endfacet
  facet normal 0 1 -0
    outer loop
      vertex 8.79356 8.5 0.0498688
      vertex 7.17856 8.5 0.0752441
      vertex 8.82144 8.5 0.0752441
    endloop
  endfacet
  facet normal 0 1 0
    outer loop
      vertex 8.79356 8.5 0.0498688
      vertex 7.20644 8.5 0.0498688
      vertex 7.17856 8.5 0.0752441
    endloop
  endfacet
  facet normal 0 1 -0
    outer loop
      vertex 8.76491 8.5 0.0253937
      vertex 7.20644 8.5 0.0498688
      vertex 8.79356 8.5 0.0498688
    endloop
  endfacet
  facet normal 0 1 0
    outer loop
      vertex 8.76491 8.5 0.0253937
      vertex 7.23509 8.5 0.0253937
      vertex 7.20644 8.5 0.0498688
    endloop
  endfacet
  facet normal 0 1 0
    outer loop
      vertex 8.73306 8.5 3.05176e-06
      vertex 8.76491 8.5 0.0253937
      vertex 8.73547 8.5 0.00181885
    endloop
  endfacet
  facet normal 0 1 0
    outer loop
      vertex 8.76491 8.5 0.0253937
      vertex 8.73306 8.5 3.05176e-06
      vertex 7.23509 8.5 0.0253937
    endloop
  endfacet
  facet normal 0 1 -0
    outer loop
      vertex 7.26694 8.5 3.05176e-06
      vertex 7.23509 8.5 0.0253937
      vertex 8.73306 8.5 3.05176e-06
    endloop
  endfacet
  facet normal 0 1 0
    outer loop
      vertex 7.23509 8.5 0.0253937
      vertex 7.26694 8.5 3.05176e-06
      vertex 7.26453 8.5 0.00181885
    endloop
  endfacet
  facet normal 0.852658 0 -0.522469
    outer loop
      vertex 9.03288 6 0.33916
      vertex 9.01318 8.5 0.30701
      vertex 9.03288 8.5 0.33916
    endloop
  endfacet
  facet normal 0.852658 0 -0.522469
    outer loop
      vertex 9.01318 8.5 0.30701
      vertex 9.03288 6 0.33916
      vertex 9.01318 6 0.30701
    endloop
  endfacet
  facet normal -0.835907 0 -0.548871
    outer loop
      vertex 7.00751 6 0.2755
      vertex 6.98682 8.5 0.30701
      vertex 7.00751 8.5 0.2755
    endloop
  endfacet
  facet normal -0.835907 -0 -0.548871
    outer loop
      vertex 6.98682 8.5 0.30701
      vertex 7.00751 6 0.2755
      vertex 6.98682 6 0.30701
    endloop
  endfacet
  facet normal -0.64961 2.76277e-19 0.760267
    outer loop
      vertex 7.20644 8.5 1.85013
      vertex 7.23509 6 1.87461
      vertex 7.23509 8.5 1.87461
    endloop
  endfacet
  facet normal -0.64961 2.76277e-19 0.760267
    outer loop
      vertex 7.23509 6 1.87461
      vertex 7.20644 8.5 1.85013
      vertex 7.20644 6 1.85013
    endloop
  endfacet
  facet normal 0.739592 0 -0.673056
    outer loop
      vertex 8.90013 6 0.156436
      vertex 8.87476 8.5 0.128558
      vertex 8.90013 8.5 0.156436
    endloop
  endfacet
  facet normal 0.739592 0 -0.673056
    outer loop
      vertex 8.87476 8.5 0.128558
      vertex 8.90013 6 0.156436
      vertex 8.87476 6 0.128558
    endloop
  endfacet
  facet normal 0.868609 0 -0.495499
    outer loop
      vertex 9.05156 6 0.371906
      vertex 9.03288 8.5 0.33916
      vertex 9.05156 8.5 0.371906
    endloop
  endfacet
  facet normal 0.868609 0 -0.495499
    outer loop
      vertex 9.03288 8.5 0.33916
      vertex 9.05156 6 0.371906
      vertex 9.03288 6 0.33916
    endloop
  endfacet
  facet normal 0.673106 3.19334e-19 -0.739546
    outer loop
      vertex 8.79356 6 0.0498688
      vertex 8.82144 8.5 0.0752441
      vertex 8.82144 6 0.0752441
    endloop
  endfacet
  facet normal 0.673106 3.19334e-19 -0.739546
    outer loop
      vertex 8.82144 8.5 0.0752441
      vertex 8.79356 6 0.0498688
      vertex 8.79356 8.5 0.0498688
    endloop
  endfacet
  facet normal 0.495453 -2.95615e-20 0.868635
    outer loop
      vertex 8.57809 8.5 2.00156
      vertex 8.61084 6 1.98288
      vertex 8.61084 8.5 1.98288
    endloop
  endfacet
  facet normal 0.495453 -2.95615e-20 0.868635
    outer loop
      vertex 8.61084 6 1.98288
      vertex 8.57809 8.5 2.00156
      vertex 8.57809 6 2.00156
    endloop
  endfacet
  facet normal -0.979243 0 -0.202688
    outer loop
      vertex 6.8289 6 0.688235
      vertex 6.82126 8.5 0.725146
      vertex 6.8289 8.5 0.688235
    endloop
  endfacet
  facet normal -0.979243 -0 -0.202688
    outer loop
      vertex 6.82126 8.5 0.725146
      vertex 6.8289 6 0.688235
      vertex 6.82126 6 0.725146
    endloop
  endfacet
  facet normal -0.993982 0 -0.109541
    outer loop
      vertex 6.80946 6 0.799609
      vertex 6.80533 8.5 0.837085
      vertex 6.80946 8.5 0.799609
    endloop
  endfacet
  facet normal -0.993982 -0 -0.109541
    outer loop
      vertex 6.80533 8.5 0.837085
      vertex 6.80946 6 0.799609
      vertex 6.80533 6 0.837085
    endloop
  endfacet
  facet normal 0.600552 7.95969e-20 0.799586
    outer loop
      vertex 8.70534 8.5 1.92081
      vertex 8.73547 6 1.89818
      vertex 8.73547 8.5 1.89818
    endloop
  endfacet
  facet normal 0.600552 7.95969e-20 0.799586
    outer loop
      vertex 8.73547 6 1.89818
      vertex 8.70534 8.5 1.92081
      vertex 8.70534 6 1.92081
    endloop
  endfacet
  facet normal -0.868609 0 -0.495499
    outer loop
      vertex 6.96712 6 0.33916
      vertex 6.94844 8.5 0.371906
      vertex 6.96712 8.5 0.33916
    endloop
  endfacet
  facet normal -0.868609 -0 -0.495499
    outer loop
      vertex 6.94844 8.5 0.371906
      vertex 6.96712 6 0.33916
      vertex 6.94844 6 0.371906
    endloop
  endfacet
  facet normal -0.868635 0 0.495453
    outer loop
      vertex 6.94844 6 1.52809
      vertex 6.96712 8.5 1.56084
      vertex 6.94844 8.5 1.52809
    endloop
  endfacet
  facet normal -0.868635 0 0.495453
    outer loop
      vertex 6.96712 8.5 1.56084
      vertex 6.94844 6 1.52809
      vertex 6.96712 6 1.56084
    endloop
  endfacet
  facet normal -0.998897 0 -0.0469489
    outer loop
      vertex 6.80237 6 0.874652
      vertex 6.8006 8.5 0.912311
      vertex 6.80237 8.5 0.874652
    endloop
  endfacet
  facet normal -0.998897 -0 -0.0469489
    outer loop
      vertex 6.8006 8.5 0.912311
      vertex 6.80237 6 0.874652
      vertex 6.8006 6 0.912311
    endloop
  endfacet
  facet normal -0.601759 1.42602e-20 -0.798678
    outer loop
      vertex 7.26453 6 0.00181885
      vertex 7.26694 8.5 3.05176e-06
      vertex 7.26694 6 3.05176e-06
    endloop
  endfacet
  facet normal -0.601759 1.42602e-20 -0.798678
    outer loop
      vertex 7.26694 8.5 3.05176e-06
      vertex 7.26453 6 0.00181885
      vertex 7.26453 8.5 0.00181885
    endloop
  endfacet
  facet normal 0.141384 -1.05843e-19 0.989955
    outer loop
      vertex 8.15039 8.5 2.14054
      vertex 8.18771 6 2.13521
      vertex 8.18771 8.5 2.13521
    endloop
  endfacet
  facet normal 0.141384 -1.05843e-19 0.989955
    outer loop
      vertex 8.18771 6 2.13521
      vertex 8.15039 8.5 2.14054
      vertex 8.15039 6 2.14054
    endloop
  endfacet
  facet normal 0.739616 -0 0.673029
    outer loop
      vertex 8.87476 6 1.77144
      vertex 8.90013 8.5 1.74356
      vertex 8.87476 8.5 1.77144
    endloop
  endfacet
  facet normal 0.739616 0 0.673029
    outer loop
      vertex 8.90013 8.5 1.74356
      vertex 8.87476 6 1.77144
      vertex 8.90013 6 1.74356
    endloop
  endfacet
  facet normal -0.955925 0 -0.293612
    outer loop
      vertex 6.85873 6 0.579181
      vertex 6.84766 8.5 0.615222
      vertex 6.85873 8.5 0.579181
    endloop
  endfacet
  facet normal -0.955925 -0 -0.293612
    outer loop
      vertex 6.84766 8.5 0.615222
      vertex 6.85873 6 0.579181
      vertex 6.84766 6 0.615222
    endloop
  endfacet
  facet normal 0.985163 -0 0.171621
    outer loop
      vertex 9.17874 6 1.17485
      vertex 9.18521 8.5 1.13771
      vertex 9.17874 8.5 1.17485
    endloop
  endfacet
  facet normal 0.985163 0 0.171621
    outer loop
      vertex 9.18521 8.5 1.13771
      vertex 9.17874 6 1.17485
      vertex 9.18521 6 1.13771
    endloop
  endfacet
  facet normal 0.998897 0 -0.0469489
    outer loop
      vertex 9.1994 6 0.912311
      vertex 9.19763 8.5 0.874652
      vertex 9.1994 8.5 0.912311
    endloop
  endfacet
  facet normal 0.998897 0 -0.0469489
    outer loop
      vertex 9.19763 8.5 0.874652
      vertex 9.1994 6 0.912311
      vertex 9.19763 6 0.874652
    endloop
  endfacet
  facet normal 0.923911 0 -0.382608
    outer loop
      vertex 9.11572 6 0.508258
      vertex 9.1013 8.5 0.473437
      vertex 9.11572 8.5 0.508258
    endloop
  endfacet
  facet normal 0.923911 0 -0.382608
    outer loop
      vertex 9.1013 8.5 0.473437
      vertex 9.11572 6 0.508258
      vertex 9.1013 6 0.473437
    endloop
  endfacet
  facet normal -0.141384 6.1732e-21 0.989955
    outer loop
      vertex 7.81229 8.5 2.13521
      vertex 7.84961 6 2.14054
      vertex 7.84961 8.5 2.14054
    endloop
  endfacet
  facet normal -0.141384 6.1732e-21 0.989955
    outer loop
      vertex 7.84961 6 2.14054
      vertex 7.81229 8.5 2.13521
      vertex 7.81229 6 2.13521
    endloop
  endfacet
  facet normal 0.818084 -0 0.575099
    outer loop
      vertex 8.97081 6 1.65534
      vertex 8.99249 8.5 1.6245
      vertex 8.97081 8.5 1.65534
    endloop
  endfacet
  facet normal 0.818084 0 0.575099
    outer loop
      vertex 8.99249 8.5 1.6245
      vertex 8.97081 6 1.65534
      vertex 8.99249 6 1.6245
    endloop
  endfacet
  facet normal 0.911354 0 -0.411624
    outer loop
      vertex 9.1013 6 0.473437
      vertex 9.08578 8.5 0.439075
      vertex 9.1013 8.5 0.473437
    endloop
  endfacet
  facet normal 0.911354 0 -0.411624
    outer loop
      vertex 9.08578 8.5 0.439075
      vertex 9.1013 6 0.473437
      vertex 9.08578 6 0.439075
    endloop
  endfacet
  facet normal -0.382617 -1.15406e-19 0.923907
    outer loop
      vertex 7.52344 8.5 2.0513
      vertex 7.55826 6 2.06572
      vertex 7.55826 8.5 2.06572
    endloop
  endfacet
  facet normal -0.382617 -1.15406e-19 0.923907
    outer loop
      vertex 7.55826 6 2.06572
      vertex 7.52344 8.5 2.0513
      vertex 7.52344 6 2.0513
    endloop
  endfacet
  facet normal 0.964541 0 -0.263934
    outer loop
      vertex 9.16229 6 0.651584
      vertex 9.15234 8.5 0.615222
      vertex 9.16229 8.5 0.651584
    endloop
  endfacet
  facet normal 0.964541 0 -0.263934
    outer loop
      vertex 9.15234 8.5 0.615222
      vertex 9.16229 6 0.651584
      vertex 9.15234 6 0.615222
    endloop
  endfacet
  facet normal -0.467997 -4.5869e-19 0.88373
    outer loop
      vertex 7.42191 8.5 2.00156
      vertex 7.45522 6 2.0192
      vertex 7.45522 8.5 2.0192
    endloop
  endfacet
  facet normal -0.467997 -4.5869e-19 0.88373
    outer loop
      vertex 7.45522 6 2.0192
      vertex 7.42191 8.5 2.00156
      vertex 7.42191 6 2.00156
    endloop
  endfacet
  facet normal 0.799586 -0 0.600552
    outer loop
      vertex 8.94818 6 1.68547
      vertex 8.97081 8.5 1.65534
      vertex 8.94818 8.5 1.68547
    endloop
  endfacet
  facet normal 0.799586 0 0.600552
    outer loop
      vertex 8.97081 8.5 1.65534
      vertex 8.94818 6 1.68547
      vertex 8.97081 6 1.65534
    endloop
  endfacet
  facet normal 0.780636 -0 0.624986
    outer loop
      vertex 8.92461 6 1.71491
      vertex 8.94818 8.5 1.68547
      vertex 8.92461 8.5 1.71491
    endloop
  endfacet
  facet normal 0.780636 0 0.624986
    outer loop
      vertex 8.94818 8.5 1.68547
      vertex 8.92461 6 1.71491
      vertex 8.94818 6 1.68547
    endloop
  endfacet
  facet normal 0.972317 -0 0.233664
    outer loop
      vertex 9.16229 6 1.24842
      vertex 9.1711 8.5 1.21176
      vertex 9.16229 8.5 1.24842
    endloop
  endfacet
  facet normal 0.972317 0 0.233664
    outer loop
      vertex 9.1711 8.5 1.21176
      vertex 9.16229 6 1.24842
      vertex 9.1711 6 1.21176
    endloop
  endfacet
  facet normal -0.109558 1.14053e-19 0.99398
    outer loop
      vertex 7.84961 8.5 2.14054
      vertex 7.88708 6 2.14467
      vertex 7.88708 8.5 2.14467
    endloop
  endfacet
  facet normal -0.109558 1.14053e-19 0.99398
    outer loop
      vertex 7.88708 6 2.14467
      vertex 7.84961 8.5 2.14054
      vertex 7.84961 6 2.14054
    endloop
  endfacet
  facet normal -0.202693 -1.57721e-19 0.979242
    outer loop
      vertex 7.73824 8.5 2.1211
      vertex 7.77515 6 2.12874
      vertex 7.77515 8.5 2.12874
    endloop
  endfacet
  facet normal -0.202693 -1.57721e-19 0.979242
    outer loop
      vertex 7.77515 6 2.12874
      vertex 7.73824 8.5 2.1211
      vertex 7.73824 6 2.1211
    endloop
  endfacet
  facet normal 0.985163 0 -0.171621
    outer loop
      vertex 9.18521 6 0.762286
      vertex 9.17874 8.5 0.725146
      vertex 9.18521 8.5 0.762286
    endloop
  endfacet
  facet normal 0.985163 0 -0.171621
    outer loop
      vertex 9.17874 8.5 0.725146
      vertex 9.18521 6 0.762286
      vertex 9.17874 6 0.725146
    endloop
  endfacet
  facet normal 0.324412 1.29005e-19 0.945916
    outer loop
      vertex 8.37082 8.5 2.09127
      vertex 8.40648 6 2.07904
      vertex 8.40648 8.5 2.07904
    endloop
  endfacet
  facet normal 0.324412 1.29005e-19 0.945916
    outer loop
      vertex 8.40648 6 2.07904
      vertex 8.37082 8.5 2.09127
      vertex 8.37082 6 2.09127
    endloop
  endfacet
  facet normal 0.467997 4.5869e-19 0.88373
    outer loop
      vertex 8.54478 8.5 2.0192
      vertex 8.57809 6 2.00156
      vertex 8.57809 8.5 2.00156
    endloop
  endfacet
  facet normal 0.467997 4.5869e-19 0.88373
    outer loop
      vertex 8.57809 6 2.00156
      vertex 8.54478 8.5 2.0192
      vertex 8.54478 6 2.0192
    endloop
  endfacet
  facet normal 0.673029 2.35783e-19 0.739616
    outer loop
      vertex 8.79356 8.5 1.85013
      vertex 8.82144 6 1.82476
      vertex 8.82144 8.5 1.82476
    endloop
  endfacet
  facet normal 0.673029 2.35783e-19 0.739616
    outer loop
      vertex 8.82144 6 1.82476
      vertex 8.79356 8.5 1.85013
      vertex 8.79356 6 1.85013
    endloop
  endfacet
  facet normal -0.0469476 -4.89163e-20 0.998897
    outer loop
      vertex 7.92465 8.5 2.14763
      vertex 7.96231 6 2.1494
      vertex 7.96231 8.5 2.1494
    endloop
  endfacet
  facet normal -0.0469476 -4.89163e-20 0.998897
    outer loop
      vertex 7.96231 6 2.1494
      vertex 7.92465 8.5 2.14763
      vertex 7.92465 6 2.14763
    endloop
  endfacet
  facet normal 0.835907 -0 0.548871
    outer loop
      vertex 8.99249 6 1.6245
      vertex 9.01318 8.5 1.59299
      vertex 8.99249 8.5 1.6245
    endloop
  endfacet
  facet normal 0.835907 0 0.548871
    outer loop
      vertex 9.01318 8.5 1.59299
      vertex 8.99249 6 1.6245
      vertex 9.01318 6 1.59299
    endloop
  endfacet
  facet normal 0.171621 -4.82648e-20 0.985163
    outer loop
      vertex 8.18771 8.5 2.13521
      vertex 8.22485 6 2.12874
      vertex 8.22485 8.5 2.12874
    endloop
  endfacet
  facet normal 0.171621 -4.82648e-20 0.985163
    outer loop
      vertex 8.22485 6 2.12874
      vertex 8.18771 8.5 2.13521
      vertex 8.18771 6 2.13521
    endloop
  endfacet
  facet normal 0.35339 -4.14352e-20 0.935476
    outer loop
      vertex 8.40648 8.5 2.07904
      vertex 8.44174 6 2.06572
      vertex 8.44174 8.5 2.06572
    endloop
  endfacet
  facet normal 0.35339 -4.14352e-20 0.935476
    outer loop
      vertex 8.44174 6 2.06572
      vertex 8.40648 8.5 2.07904
      vertex 8.40648 6 2.07904
    endloop
  endfacet
  facet normal 0.718341 0 -0.695691
    outer loop
      vertex 8.87476 6 0.128558
      vertex 8.84853 8.5 0.101474
      vertex 8.87476 8.5 0.128558
    endloop
  endfacet
  facet normal 0.718341 0 -0.695691
    outer loop
      vertex 8.84853 8.5 0.101474
      vertex 8.87476 6 0.128558
      vertex 8.84853 6 0.101474
    endloop
  endfacet
  facet normal 0.979242 -0 0.202693
    outer loop
      vertex 9.1711 6 1.21176
      vertex 9.17874 8.5 1.17485
      vertex 9.1711 8.5 1.21176
    endloop
  endfacet
  facet normal 0.979242 0 0.202693
    outer loop
      vertex 9.17874 8.5 1.17485
      vertex 9.1711 6 1.21176
      vertex 9.17874 6 1.17485
    endloop
  endfacet
  facet normal 0.411544 1.39937e-19 0.91139
    outer loop
      vertex 8.47656 8.5 2.0513
      vertex 8.51093 6 2.03578
      vertex 8.51093 8.5 2.03578
    endloop
  endfacet
  facet normal 0.411544 1.39937e-19 0.91139
    outer loop
      vertex 8.51093 6 2.03578
      vertex 8.47656 8.5 2.0513
      vertex 8.47656 6 2.0513
    endloop
  endfacet
  facet normal 0.575099 4.21509e-19 0.818084
    outer loop
      vertex 8.6745 8.5 1.94249
      vertex 8.70534 6 1.92081
      vertex 8.70534 8.5 1.92081
    endloop
  endfacet
  facet normal 0.575099 4.21509e-19 0.818084
    outer loop
      vertex 8.70534 6 1.92081
      vertex 8.6745 8.5 1.94249
      vertex 8.6745 6 1.94249
    endloop
  endfacet
  facet normal -0.0159173 1.07778e-20 0.999873
    outer loop
      vertex 7.96231 8.5 2.1494
      vertex 8 6 2.15
      vertex 8 8.5 2.15
    endloop
  endfacet
  facet normal -0.0159173 1.07778e-20 0.999873
    outer loop
      vertex 8 6 2.15
      vertex 7.96231 8.5 2.1494
      vertex 7.96231 6 2.1494
    endloop
  endfacet
  facet normal 0.996911 -0 0.0785429
    outer loop
      vertex 9.19467 6 1.06292
      vertex 9.19763 8.5 1.02535
      vertex 9.19467 8.5 1.06292
    endloop
  endfacet
  facet normal 0.996911 0 0.0785429
    outer loop
      vertex 9.19763 8.5 1.02535
      vertex 9.19467 6 1.06292
      vertex 9.19763 6 1.02535
    endloop
  endfacet
  facet normal -0.233664 7.5135e-20 0.972317
    outer loop
      vertex 7.70158 8.5 2.11229
      vertex 7.73824 6 2.1211
      vertex 7.73824 8.5 2.1211
    endloop
  endfacet
  facet normal -0.233664 7.5135e-20 0.972317
    outer loop
      vertex 7.73824 6 2.1211
      vertex 7.70158 8.5 2.11229
      vertex 7.70158 6 2.11229
    endloop
  endfacet
  facet normal 0.999873 -0 0.0159177
    outer loop
      vertex 9.1994 6 0.987689
      vertex 9.2 8.5 0.95
      vertex 9.1994 8.5 0.987689
    endloop
  endfacet
  facet normal 0.999873 0 0.0159177
    outer loop
      vertex 9.2 8.5 0.95
      vertex 9.1994 6 0.987689
      vertex 9.2 6 0.95
    endloop
  endfacet
  facet normal -0.964541 0 -0.263934
    outer loop
      vertex 6.84766 6 0.615222
      vertex 6.83771 8.5 0.651584
      vertex 6.84766 8.5 0.615222
    endloop
  endfacet
  facet normal -0.964541 -0 -0.263934
    outer loop
      vertex 6.83771 8.5 0.651584
      vertex 6.84766 6 0.615222
      vertex 6.83771 6 0.651584
    endloop
  endfacet
  facet normal 0.382617 1.15406e-19 0.923907
    outer loop
      vertex 8.44174 8.5 2.06572
      vertex 8.47656 6 2.0513
      vertex 8.47656 8.5 2.0513
    endloop
  endfacet
  facet normal 0.382617 1.15406e-19 0.923907
    outer loop
      vertex 8.47656 6 2.0513
      vertex 8.44174 8.5 2.06572
      vertex 8.44174 6 2.06572
    endloop
  endfacet
  facet normal 0.989955 -0 0.141384
    outer loop
      vertex 9.18521 6 1.13771
      vertex 9.19054 8.5 1.10039
      vertex 9.18521 8.5 1.13771
    endloop
  endfacet
  facet normal 0.989955 0 0.141384
    outer loop
      vertex 9.19054 8.5 1.10039
      vertex 9.18521 6 1.13771
      vertex 9.19054 6 1.10039
    endloop
  endfacet
  facet normal -0.324412 -1.29005e-19 0.945916
    outer loop
      vertex 7.59352 8.5 2.07904
      vertex 7.62918 6 2.09127
      vertex 7.62918 8.5 2.09127
    endloop
  endfacet
  facet normal -0.324412 -1.29005e-19 0.945916
    outer loop
      vertex 7.62918 6 2.09127
      vertex 7.59352 8.5 2.07904
      vertex 7.59352 6 2.07904
    endloop
  endfacet
  facet normal -0.945916 0 -0.324412
    outer loop
      vertex 6.87096 6 0.543521
      vertex 6.85873 8.5 0.579181
      vertex 6.87096 8.5 0.543521
    endloop
  endfacet
  facet normal -0.945916 -0 -0.324412
    outer loop
      vertex 6.85873 8.5 0.579181
      vertex 6.87096 6 0.543521
      vertex 6.85873 6 0.579181
    endloop
  endfacet
  facet normal 0.780574 0 -0.625064
    outer loop
      vertex 8.94818 6 0.214526
      vertex 8.92461 8.5 0.185092
      vertex 8.94818 8.5 0.214526
    endloop
  endfacet
  facet normal 0.780574 0 -0.625064
    outer loop
      vertex 8.92461 8.5 0.185092
      vertex 8.94818 6 0.214526
      vertex 8.92461 6 0.185092
    endloop
  endfacet
  facet normal 0.998897 -0 0.0469464
    outer loop
      vertex 9.19763 6 1.02535
      vertex 9.1994 8.5 0.987689
      vertex 9.19763 8.5 1.02535
    endloop
  endfacet
  facet normal 0.998897 0 0.0469464
    outer loop
      vertex 9.1994 8.5 0.987689
      vertex 9.19763 6 1.02535
      vertex 9.1994 6 0.987689
    endloop
  endfacet
  facet normal 0.945916 0 -0.324412
    outer loop
      vertex 9.14127 6 0.579181
      vertex 9.12904 8.5 0.543521
      vertex 9.14127 8.5 0.579181
    endloop
  endfacet
  facet normal 0.945916 0 -0.324412
    outer loop
      vertex 9.12904 8.5 0.543521
      vertex 9.14127 6 0.579181
      vertex 9.12904 6 0.543521
    endloop
  endfacet
  facet normal 0.898058 -0 0.439876
    outer loop
      vertex 9.0692 6 1.49478
      vertex 9.08578 8.5 1.46093
      vertex 9.0692 8.5 1.49478
    endloop
  endfacet
  facet normal 0.898058 0 0.439876
    outer loop
      vertex 9.08578 8.5 1.46093
      vertex 9.0692 6 1.49478
      vertex 9.08578 6 1.46093
    endloop
  endfacet
  facet normal -0.935486 0 -0.353364
    outer loop
      vertex 6.88428 6 0.508258
      vertex 6.87096 8.5 0.543521
      vertex 6.88428 8.5 0.508258
    endloop
  endfacet
  facet normal -0.935486 -0 -0.353364
    outer loop
      vertex 6.87096 8.5 0.543521
      vertex 6.88428 6 0.508258
      vertex 6.87096 6 0.543521
    endloop
  endfacet
  facet normal 0.263948 -2.20782e-19 0.964537
    outer loop
      vertex 8.29842 8.5 2.11229
      vertex 8.33478 6 2.10234
      vertex 8.33478 8.5 2.10234
    endloop
  endfacet
  facet normal 0.263948 -2.20782e-19 0.964537
    outer loop
      vertex 8.33478 6 2.10234
      vertex 8.29842 8.5 2.11229
      vertex 8.29842 6 2.11229
    endloop
  endfacet
  facet normal 0.29362 -9.03992e-20 0.955922
    outer loop
      vertex 8.33478 8.5 2.10234
      vertex 8.37082 6 2.09127
      vertex 8.37082 8.5 2.09127
    endloop
  endfacet
  facet normal 0.29362 -9.03992e-20 0.955922
    outer loop
      vertex 8.37082 6 2.09127
      vertex 8.33478 8.5 2.10234
      vertex 8.33478 6 2.10234
    endloop
  endfacet
  facet normal 0.935486 0 -0.353364
    outer loop
      vertex 9.12904 6 0.543521
      vertex 9.11572 8.5 0.508258
      vertex 9.12904 8.5 0.543521
    endloop
  endfacet
  facet normal 0.935486 0 -0.353364
    outer loop
      vertex 9.11572 8.5 0.508258
      vertex 9.12904 6 0.543521
      vertex 9.11572 6 0.508258
    endloop
  endfacet
  facet normal 0.868286 0 -0.496063
    outer loop
      vertex 9.70879 -4 0.0105927
      vertex 9.70274 6 3.05176e-06
      vertex 9.70879 6 0.0105927
    endloop
  endfacet
  facet normal 0.868286 0 -0.496063
    outer loop
      vertex 9.70274 6 3.05176e-06
      vertex 9.70879 -4 0.0105927
      vertex 9.70274 -4 3.05176e-06
    endloop
  endfacet
  facet normal -0.799647 0 0.60047
    outer loop
      vertex 6.42242 -4 2.09618
      vertex 6.4592 6 2.14516
      vertex 6.42242 6 2.09618
    endloop
  endfacet
  facet normal -0.799647 0 0.60047
    outer loop
      vertex 6.4592 6 2.14516
      vertex 6.42242 -4 2.09618
      vertex 6.4592 -4 2.14516
    endloop
  endfacet
  facet normal 0.799647 -0 0.60047
    outer loop
      vertex 9.5408 -4 2.14516
      vertex 9.57758 6 2.09618
      vertex 9.5408 6 2.14516
    endloop
  endfacet
  facet normal 0.799647 0 0.60047
    outer loop
      vertex 9.57758 6 2.09618
      vertex 9.5408 -4 2.14516
      vertex 9.57758 -4 2.09618
    endloop
  endfacet
  facet normal 0.993946 0 -0.109871
    outer loop
      vertex 9.94135 -4 0.766498
      vertex 9.93462 6 0.705615
      vertex 9.94135 6 0.766498
    endloop
  endfacet
  facet normal 0.993946 0 -0.109871
    outer loop
      vertex 9.93462 6 0.705615
      vertex 9.94135 -4 0.766498
      vertex 9.93462 -4 0.705615
    endloop
  endfacet
  facet normal -0.946173 0 0.323661
    outer loop
      vertex 6.14545 -4 1.55257
      vertex 6.16528 6 1.61054
      vertex 6.14545 6 1.55257
    endloop
  endfacet
  facet normal -0.946173 0 0.323661
    outer loop
      vertex 6.16528 6 1.61054
      vertex 6.14545 -4 1.55257
      vertex 6.16528 -4 1.61054
    endloop
  endfacet
  facet normal 0.323661 8.92883e-20 0.946173
    outer loop
      vertex 8.60257 6 2.80455
      vertex 8.66054 -4 2.78472
      vertex 8.66054 6 2.78472
    endloop
  endfacet
  facet normal 0.323661 8.92883e-20 0.946173
    outer loop
      vertex 8.66054 -4 2.78472
      vertex 8.60257 6 2.80455
      vertex 8.60257 -4 2.80455
    endloop
  endfacet
  facet normal -0.990008 0 0.14101
    outer loop
      vertex 6.06538 -4 1.19438
      vertex 6.07402 6 1.25504
      vertex 6.06538 6 1.19438
    endloop
  endfacet
  facet normal -0.990008 0 0.14101
    outer loop
      vertex 6.07402 6 1.25504
      vertex 6.06538 -4 1.19438
      vertex 6.07402 -4 1.25504
    endloop
  endfacet
  facet normal -0.923905 0 0.382621
    outer loop
      vertex 6.18695 -4 1.66783
      vertex 6.21039 6 1.72443
      vertex 6.18695 6 1.66783
    endloop
  endfacet
  facet normal -0.923905 0 0.382621
    outer loop
      vertex 6.21039 6 1.72443
      vertex 6.18695 -4 1.66783
      vertex 6.21039 -4 1.72443
    endloop
  endfacet
  facet normal -0.649419 1.41639e-19 0.760431
    outer loop
      vertex 6.71045 6 2.41271
      vertex 6.75703 -4 2.45249
      vertex 6.75703 6 2.45249
    endloop
  endfacet
  facet normal -0.649419 1.41639e-19 0.760431
    outer loop
      vertex 6.75703 -4 2.45249
      vertex 6.71045 6 2.41271
      vertex 6.71045 -4 2.41271
    endloop
  endfacet
  facet normal 0.999877 0 -0.0156718
    outer loop
      vertex 9.95 -4 0.95
      vertex 9.94904 6 0.888751
      vertex 9.95 6 0.95
    endloop
  endfacet
  facet normal 0.999877 0 -0.0156718
    outer loop
      vertex 9.94904 6 0.888751
      vertex 9.95 -4 0.95
      vertex 9.94904 -4 0.888751
    endloop
  endfacet
  facet normal 0.935326 -0 0.353788
    outer loop
      vertex 9.81305 -4 1.66783
      vertex 9.83472 6 1.61054
      vertex 9.81305 6 1.66783
    endloop
  endfacet
  facet normal 0.935326 0 0.353788
    outer loop
      vertex 9.83472 6 1.61054
      vertex 9.81305 -4 1.66783
      vertex 9.83472 -4 1.61054
    endloop
  endfacet
  facet normal -0.382621 -8.28645e-20 0.923905
    outer loop
      vertex 7.22557 6 2.73961
      vertex 7.28217 -4 2.76305
      vertex 7.28217 6 2.76305
    endloop
  endfacet
  facet normal -0.382621 -8.28645e-20 0.923905
    outer loop
      vertex 7.28217 -4 2.76305
      vertex 7.22557 6 2.73961
      vertex 7.22557 -4 2.73961
    endloop
  endfacet
  facet normal 0.52242 2.62352e-20 0.852688
    outer loop
      vertex 8.99263 6 2.62844
      vertex 9.04486 -4 2.59644
      vertex 9.04486 6 2.59644
    endloop
  endfacet
  facet normal 0.52242 2.62352e-20 0.852688
    outer loop
      vertex 9.04486 -4 2.59644
      vertex 8.99263 6 2.62844
      vertex 8.99263 -4 2.62844
    endloop
  endfacet
  facet normal 0.979227 -0 0.202768
    outer loop
      vertex 9.90303 -4 1.37537
      vertex 9.91545 6 1.31539
      vertex 9.90303 6 1.37537
    endloop
  endfacet
  facet normal 0.979227 0 0.202768
    outer loop
      vertex 9.91545 6 1.31539
      vertex 9.90303 -4 1.37537
      vertex 9.91545 -4 1.31539
    endloop
  endfacet
  facet normal -0.999877 0 -0.0156718
    outer loop
      vertex 6.05096 -4 0.888751
      vertex 6.05 6 0.95
      vertex 6.05096 6 0.888751
    endloop
  endfacet
  facet normal -0.999877 -0 -0.0156718
    outer loop
      vertex 6.05 6 0.95
      vertex 6.05096 -4 0.888751
      vertex 6.05 -4 0.95
    endloop
  endfacet
  facet normal 0.898081 0 -0.439831
    outer loop
      vertex 9.7644 -4 0.119739
      vertex 9.73746 6 0.0647308
      vertex 9.7644 6 0.119739
    endloop
  endfacet
  facet normal 0.898081 0 -0.439831
    outer loop
      vertex 9.73746 6 0.0647308
      vertex 9.7644 -4 0.119739
      vertex 9.73746 -4 0.0647308
    endloop
  endfacet
  facet normal -0.955804 0 0.294006
    outer loop
      vertex 6.12744 -4 1.49402
      vertex 6.14545 6 1.55257
      vertex 6.12744 6 1.49402
    endloop
  endfacet
  facet normal -0.955804 0 0.294006
    outer loop
      vertex 6.14545 6 1.55257
      vertex 6.12744 -4 1.49402
      vertex 6.14545 -4 1.55257
    endloop
  endfacet
  facet normal -0.868675 0 0.495383
    outer loop
      vertex 6.29121 -4 1.88941
      vertex 6.32156 6 1.94263
      vertex 6.29121 6 1.88941
    endloop
  endfacet
  facet normal -0.868675 0 0.495383
    outer loop
      vertex 6.32156 6 1.94263
      vertex 6.29121 -4 1.88941
      vertex 6.32156 -4 1.94263
    endloop
  endfacet
  facet normal -0.911392 0 0.411539
    outer loop
      vertex 6.21039 -4 1.72443
      vertex 6.2356 6 1.78026
      vertex 6.21039 6 1.72443
    endloop
  endfacet
  facet normal -0.911392 0 0.411539
    outer loop
      vertex 6.2356 6 1.78026
      vertex 6.21039 -4 1.72443
      vertex 6.2356 -4 1.78026
    endloop
  endfacet
  facet normal -0.898086 0 0.439819
    outer loop
      vertex 6.2356 -4 1.78026
      vertex 6.26254 6 1.83527
      vertex 6.2356 6 1.78026
    endloop
  endfacet
  facet normal -0.898086 0 0.439819
    outer loop
      vertex 6.26254 6 1.83527
      vertex 6.2356 -4 1.78026
      vertex 6.26254 -4 1.83527
    endloop
  endfacet
  facet normal 0.972376 0 -0.233419
    outer loop
      vertex 9.90303 -4 0.524631
      vertex 9.88873 6 0.46506
      vertex 9.90303 6 0.524631
    endloop
  endfacet
  facet normal 0.972376 0 -0.233419
    outer loop
      vertex 9.88873 6 0.46506
      vertex 9.90303 -4 0.524631
      vertex 9.88873 -4 0.46506
    endloop
  endfacet
  facet normal -0.883736 0 0.467985
    outer loop
      vertex 6.26254 -4 1.83527
      vertex 6.29121 6 1.88941
      vertex 6.26254 6 1.83527
    endloop
  endfacet
  facet normal -0.883736 0 0.467985
    outer loop
      vertex 6.29121 6 1.88941
      vertex 6.26254 -4 1.83527
      vertex 6.29121 -4 1.88941
    endloop
  endfacet
  facet normal -0.835624 0 0.549302
    outer loop
      vertex 6.35356 -4 1.99486
      vertex 6.38721 6 2.04605
      vertex 6.35356 6 1.99486
    endloop
  endfacet
  facet normal -0.835624 0 0.549302
    outer loop
      vertex 6.38721 6 2.04605
      vertex 6.35356 -4 1.99486
      vertex 6.38721 -4 2.04605
    endloop
  endfacet
  facet normal -0.780375 0 0.625312
    outer loop
      vertex 6.4592 -4 2.14516
      vertex 6.49751 6 2.19297
      vertex 6.4592 6 2.14516
    endloop
  endfacet
  facet normal -0.780375 0 0.625312
    outer loop
      vertex 6.49751 6 2.19297
      vertex 6.4592 -4 2.14516
      vertex 6.49751 -4 2.19297
    endloop
  endfacet
  facet normal 0 -1 0
    outer loop
      vertex 7.93875 -4 2.89904
      vertex 8.06125 -4 2.89904
      vertex 8 -4 2.9
    endloop
  endfacet
  facet normal 0 -1 0
    outer loop
      vertex 7.87756 -4 2.89615
      vertex 8.06125 -4 2.89904
      vertex 7.93875 -4 2.89904
    endloop
  endfacet
  facet normal 0 -1 0
    outer loop
      vertex 7.87756 -4 2.89615
      vertex 8.12244 -4 2.89615
      vertex 8.06125 -4 2.89904
    endloop
  endfacet
  facet normal 0 -1 0
    outer loop
      vertex 7.8165 -4 2.89135
      vertex 8.12244 -4 2.89615
      vertex 7.87756 -4 2.89615
    endloop
  endfacet
  facet normal 0 -1 0
    outer loop
      vertex 7.8165 -4 2.89135
      vertex 8.1835 -4 2.89135
      vertex 8.12244 -4 2.89615
    endloop
  endfacet
  facet normal 0 -1 0
    outer loop
      vertex 7.75562 -4 2.88462
      vertex 8.1835 -4 2.89135
      vertex 7.8165 -4 2.89135
    endloop
  endfacet
  facet normal 0 -1 0
    outer loop
      vertex 7.75562 -4 2.88462
      vertex 8.24438 -4 2.88462
      vertex 8.1835 -4 2.89135
    endloop
  endfacet
  facet normal 0 -1 0
    outer loop
      vertex 7.69496 -4 2.87598
      vertex 8.24438 -4 2.88462
      vertex 7.75562 -4 2.88462
    endloop
  endfacet
  facet normal 0 -1 0
    outer loop
      vertex 7.69496 -4 2.87598
      vertex 8.30504 -4 2.87598
      vertex 8.24438 -4 2.88462
    endloop
  endfacet
  facet normal 0 -1 0
    outer loop
      vertex 7.63461 -4 2.86545
      vertex 8.30504 -4 2.87598
      vertex 7.69496 -4 2.87598
    endloop
  endfacet
  facet normal 0 -1 0
    outer loop
      vertex 7.63461 -4 2.86545
      vertex 8.36539 -4 2.86545
      vertex 8.30504 -4 2.87598
    endloop
  endfacet
  facet normal 0 -1 0
    outer loop
      vertex 7.57463 -4 2.85303
      vertex 8.36539 -4 2.86545
      vertex 7.63461 -4 2.86545
    endloop
  endfacet
  facet normal 0 -1 0
    outer loop
      vertex 7.57463 -4 2.85303
      vertex 8.42537 -4 2.85303
      vertex 8.36539 -4 2.86545
    endloop
  endfacet
  facet normal 0 -1 0
    outer loop
      vertex 7.51506 -4 2.83873
      vertex 8.42537 -4 2.85303
      vertex 7.57463 -4 2.85303
    endloop
  endfacet
  facet normal 0 -1 0
    outer loop
      vertex 7.51506 -4 2.83873
      vertex 8.48494 -4 2.83873
      vertex 8.42537 -4 2.85303
    endloop
  endfacet
  facet normal 0 -1 0
    outer loop
      vertex 7.45598 -4 2.82256
      vertex 8.48494 -4 2.83873
      vertex 7.51506 -4 2.83873
    endloop
  endfacet
  facet normal 0 -1 0
    outer loop
      vertex 7.45598 -4 2.82256
      vertex 8.54402 -4 2.82256
      vertex 8.48494 -4 2.83873
    endloop
  endfacet
  facet normal 0 -1 0
    outer loop
      vertex 7.39743 -4 2.80455
      vertex 8.54402 -4 2.82256
      vertex 7.45598 -4 2.82256
    endloop
  endfacet
  facet normal 0 -1 0
    outer loop
      vertex 7.39743 -4 2.80455
      vertex 8.60257 -4 2.80455
      vertex 8.54402 -4 2.82256
    endloop
  endfacet
  facet normal 0 -1 0
    outer loop
      vertex 7.33946 -4 2.78472
      vertex 8.60257 -4 2.80455
      vertex 7.39743 -4 2.80455
    endloop
  endfacet
  facet normal 0 -1 0
    outer loop
      vertex 7.33946 -4 2.78472
      vertex 8.66054 -4 2.78472
      vertex 8.60257 -4 2.80455
    endloop
  endfacet
  facet normal 0 -1 0
    outer loop
      vertex 7.28217 -4 2.76305
      vertex 8.66054 -4 2.78472
      vertex 7.33946 -4 2.78472
    endloop
  endfacet
  facet normal 0 -1 0
    outer loop
      vertex 7.28217 -4 2.76305
      vertex 8.71783 -4 2.76305
      vertex 8.66054 -4 2.78472
    endloop
  endfacet
  facet normal 0 -1 0
    outer loop
      vertex 7.22557 -4 2.73961
      vertex 8.71783 -4 2.76305
      vertex 7.28217 -4 2.76305
    endloop
  endfacet
  facet normal 0 -1 0
    outer loop
      vertex 7.22557 -4 2.73961
      vertex 8.77443 -4 2.73961
      vertex 8.71783 -4 2.76305
    endloop
  endfacet
  facet normal 0 -1 0
    outer loop
      vertex 7.16974 -4 2.7144
      vertex 8.77443 -4 2.73961
      vertex 7.22557 -4 2.73961
    endloop
  endfacet
  facet normal 0 -1 0
    outer loop
      vertex 7.16974 -4 2.7144
      vertex 8.83026 -4 2.7144
      vertex 8.77443 -4 2.73961
    endloop
  endfacet
  facet normal 0 -1 0
    outer loop
      vertex 7.11473 -4 2.68746
      vertex 8.83026 -4 2.7144
      vertex 7.16974 -4 2.7144
    endloop
  endfacet
  facet normal 0 -1 0
    outer loop
      vertex 7.11473 -4 2.68746
      vertex 8.88527 -4 2.68746
      vertex 8.83026 -4 2.7144
    endloop
  endfacet
  facet normal 0 -1 0
    outer loop
      vertex 7.06059 -4 2.65879
      vertex 8.88527 -4 2.68746
      vertex 7.11473 -4 2.68746
    endloop
  endfacet
  facet normal 0 -1 0
    outer loop
      vertex 7.06059 -4 2.65879
      vertex 8.93941 -4 2.65879
      vertex 8.88527 -4 2.68746
    endloop
  endfacet
  facet normal 0 -1 0
    outer loop
      vertex 7.00737 -4 2.62844
      vertex 8.93941 -4 2.65879
      vertex 7.06059 -4 2.65879
    endloop
  endfacet
  facet normal 0 -1 0
    outer loop
      vertex 7.00737 -4 2.62844
      vertex 8.99263 -4 2.62844
      vertex 8.93941 -4 2.65879
    endloop
  endfacet
  facet normal 0 -1 0
    outer loop
      vertex 6.95514 -4 2.59644
      vertex 8.99263 -4 2.62844
      vertex 7.00737 -4 2.62844
    endloop
  endfacet
  facet normal 0 -1 0
    outer loop
      vertex 6.95514 -4 2.59644
      vertex 9.04486 -4 2.59644
      vertex 8.99263 -4 2.62844
    endloop
  endfacet
  facet normal 0 -1 0
    outer loop
      vertex 6.90395 -4 2.56279
      vertex 9.04486 -4 2.59644
      vertex 6.95514 -4 2.59644
    endloop
  endfacet
  facet normal 0 -1 0
    outer loop
      vertex 6.90395 -4 2.56279
      vertex 9.09605 -4 2.56279
      vertex 9.04486 -4 2.59644
    endloop
  endfacet
  facet normal 0 -1 0
    outer loop
      vertex 6.85382 -4 2.52758
      vertex 9.09605 -4 2.56279
      vertex 6.90395 -4 2.56279
    endloop
  endfacet
  facet normal 0 -1 0
    outer loop
      vertex 6.85382 -4 2.52758
      vertex 9.14618 -4 2.52758
      vertex 9.09605 -4 2.56279
    endloop
  endfacet
  facet normal 0 -1 0
    outer loop
      vertex 6.80484 -4 2.4908
      vertex 9.14618 -4 2.52758
      vertex 6.85382 -4 2.52758
    endloop
  endfacet
  facet normal 0 -1 0
    outer loop
      vertex 6.80484 -4 2.4908
      vertex 9.19516 -4 2.4908
      vertex 9.14618 -4 2.52758
    endloop
  endfacet
  facet normal 0 -1 0
    outer loop
      vertex 6.75703 -4 2.45249
      vertex 9.19516 -4 2.4908
      vertex 6.80484 -4 2.4908
    endloop
  endfacet
  facet normal 0 -1 0
    outer loop
      vertex 6.75703 -4 2.45249
      vertex 9.24297 -4 2.45249
      vertex 9.19516 -4 2.4908
    endloop
  endfacet
  facet normal 0 -1 0
    outer loop
      vertex 6.71045 -4 2.41271
      vertex 9.24297 -4 2.45249
      vertex 6.75703 -4 2.45249
    endloop
  endfacet
  facet normal 0 -1 0
    outer loop
      vertex 6.71045 -4 2.41271
      vertex 9.28955 -4 2.41271
      vertex 9.24297 -4 2.45249
    endloop
  endfacet
  facet normal 0 -1 0
    outer loop
      vertex 6.66515 -4 2.37148
      vertex 9.28955 -4 2.41271
      vertex 6.71045 -4 2.41271
    endloop
  endfacet
  facet normal 0 -1 0
    outer loop
      vertex 6.66515 -4 2.37148
      vertex 9.33485 -4 2.37148
      vertex 9.28955 -4 2.41271
    endloop
  endfacet
  facet normal 0 -1 0
    outer loop
      vertex 6.62115 -4 2.32885
      vertex 9.33485 -4 2.37148
      vertex 6.66515 -4 2.37148
    endloop
  endfacet
  facet normal 0 -1 0
    outer loop
      vertex 6.62115 -4 2.32885
      vertex 9.37885 -4 2.32885
      vertex 9.33485 -4 2.37148
    endloop
  endfacet
  facet normal 0 -1 0
    outer loop
      vertex 6.57852 -4 2.28485
      vertex 9.37885 -4 2.32885
      vertex 6.62115 -4 2.32885
    endloop
  endfacet
  facet normal 0 -1 0
    outer loop
      vertex 6.57852 -4 2.28485
      vertex 9.42148 -4 2.28485
      vertex 9.37885 -4 2.32885
    endloop
  endfacet
  facet normal 0 -1 0
    outer loop
      vertex 6.53729 -4 2.23955
      vertex 9.42148 -4 2.28485
      vertex 6.57852 -4 2.28485
    endloop
  endfacet
  facet normal 0 -1 0
    outer loop
      vertex 6.53729 -4 2.23955
      vertex 9.46271 -4 2.23955
      vertex 9.42148 -4 2.28485
    endloop
  endfacet
  facet normal 0 -1 0
    outer loop
      vertex 6.49751 -4 2.19297
      vertex 9.46271 -4 2.23955
      vertex 6.53729 -4 2.23955
    endloop
  endfacet
  facet normal 0 -1 0
    outer loop
      vertex 6.49751 -4 2.19297
      vertex 9.50249 -4 2.19297
      vertex 9.46271 -4 2.23955
    endloop
  endfacet
  facet normal 0 -1 0
    outer loop
      vertex 6.4592 -4 2.14516
      vertex 9.50249 -4 2.19297
      vertex 6.49751 -4 2.19297
    endloop
  endfacet
  facet normal 0 -1 0
    outer loop
      vertex 6.4592 -4 2.14516
      vertex 9.5408 -4 2.14516
      vertex 9.50249 -4 2.19297
    endloop
  endfacet
  facet normal 0 -1 0
    outer loop
      vertex 6.42242 -4 2.09618
      vertex 9.5408 -4 2.14516
      vertex 6.4592 -4 2.14516
    endloop
  endfacet
  facet normal 0 -1 0
    outer loop
      vertex 6.42242 -4 2.09618
      vertex 9.57758 -4 2.09618
      vertex 9.5408 -4 2.14516
    endloop
  endfacet
  facet normal 0 -1 0
    outer loop
      vertex 6.38721 -4 2.04605
      vertex 9.57758 -4 2.09618
      vertex 6.42242 -4 2.09618
    endloop
  endfacet
  facet normal 0 -1 0
    outer loop
      vertex 6.38721 -4 2.04605
      vertex 9.61279 -4 2.04605
      vertex 9.57758 -4 2.09618
    endloop
  endfacet
  facet normal 0 -1 0
    outer loop
      vertex 6.35356 -4 1.99486
      vertex 9.61279 -4 2.04605
      vertex 6.38721 -4 2.04605
    endloop
  endfacet
  facet normal 0 -1 0
    outer loop
      vertex 6.35356 -4 1.99486
      vertex 9.64644 -4 1.99486
      vertex 9.61279 -4 2.04605
    endloop
  endfacet
  facet normal 0 -1 0
    outer loop
      vertex 6.32156 -4 1.94263
      vertex 9.64644 -4 1.99486
      vertex 6.35356 -4 1.99486
    endloop
  endfacet
  facet normal 0 -1 0
    outer loop
      vertex 6.32156 -4 1.94263
      vertex 9.67844 -4 1.94263
      vertex 9.64644 -4 1.99486
    endloop
  endfacet
  facet normal 0 -1 0
    outer loop
      vertex 6.29121 -4 1.88941
      vertex 9.67844 -4 1.94263
      vertex 6.32156 -4 1.94263
    endloop
  endfacet
  facet normal 0 -1 0
    outer loop
      vertex 6.29121 -4 1.88941
      vertex 9.70879 -4 1.88941
      vertex 9.67844 -4 1.94263
    endloop
  endfacet
  facet normal 0 -1 0
    outer loop
      vertex 6.26254 -4 1.83527
      vertex 9.70879 -4 1.88941
      vertex 6.29121 -4 1.88941
    endloop
  endfacet
  facet normal 0 -1 0
    outer loop
      vertex 6.26254 -4 1.83527
      vertex 9.73746 -4 1.83527
      vertex 9.70879 -4 1.88941
    endloop
  endfacet
  facet normal 0 -1 0
    outer loop
      vertex 6.2356 -4 1.78026
      vertex 9.73746 -4 1.83527
      vertex 6.26254 -4 1.83527
    endloop
  endfacet
  facet normal 0 -1 0
    outer loop
      vertex 6.2356 -4 1.78026
      vertex 9.7644 -4 1.78026
      vertex 9.73746 -4 1.83527
    endloop
  endfacet
  facet normal 0 -1 0
    outer loop
      vertex 6.21039 -4 1.72443
      vertex 9.7644 -4 1.78026
      vertex 6.2356 -4 1.78026
    endloop
  endfacet
  facet normal 0 -1 0
    outer loop
      vertex 6.21039 -4 1.72443
      vertex 9.78961 -4 1.72443
      vertex 9.7644 -4 1.78026
    endloop
  endfacet
  facet normal 0 -1 0
    outer loop
      vertex 6.18695 -4 1.66783
      vertex 9.78961 -4 1.72443
      vertex 6.21039 -4 1.72443
    endloop
  endfacet
  facet normal 0 -1 0
    outer loop
      vertex 6.18695 -4 1.66783
      vertex 9.81305 -4 1.66783
      vertex 9.78961 -4 1.72443
    endloop
  endfacet
  facet normal 0 -1 0
    outer loop
      vertex 6.16528 -4 1.61054
      vertex 9.81305 -4 1.66783
      vertex 6.18695 -4 1.66783
    endloop
  endfacet
  facet normal 0 -1 0
    outer loop
      vertex 6.16528 -4 1.61054
      vertex 9.83472 -4 1.61054
      vertex 9.81305 -4 1.66783
    endloop
  endfacet
  facet normal 0 -1 0
    outer loop
      vertex 6.14545 -4 1.55257
      vertex 9.83472 -4 1.61054
      vertex 6.16528 -4 1.61054
    endloop
  endfacet
  facet normal 0 -1 0
    outer loop
      vertex 6.14545 -4 1.55257
      vertex 9.85455 -4 1.55257
      vertex 9.83472 -4 1.61054
    endloop
  endfacet
  facet normal 0 -1 0
    outer loop
      vertex 6.12744 -4 1.49402
      vertex 9.85455 -4 1.55257
      vertex 6.14545 -4 1.55257
    endloop
  endfacet
  facet normal 0 -1 0
    outer loop
      vertex 6.12744 -4 1.49402
      vertex 9.87256 -4 1.49402
      vertex 9.85455 -4 1.55257
    endloop
  endfacet
  facet normal 0 -1 0
    outer loop
      vertex 6.11127 -4 1.43494
      vertex 9.87256 -4 1.49402
      vertex 6.12744 -4 1.49402
    endloop
  endfacet
  facet normal 0 -1 0
    outer loop
      vertex 6.11127 -4 1.43494
      vertex 9.88873 -4 1.43494
      vertex 9.87256 -4 1.49402
    endloop
  endfacet
  facet normal 0 -1 0
    outer loop
      vertex 6.09697 -4 1.37537
      vertex 9.88873 -4 1.43494
      vertex 6.11127 -4 1.43494
    endloop
  endfacet
  facet normal 0 -1 0
    outer loop
      vertex 6.09697 -4 1.37537
      vertex 9.90303 -4 1.37537
      vertex 9.88873 -4 1.43494
    endloop
  endfacet
  facet normal 0 -1 0
    outer loop
      vertex 6.08455 -4 1.31539
      vertex 9.90303 -4 1.37537
      vertex 6.09697 -4 1.37537
    endloop
  endfacet
  facet normal 0 -1 0
    outer loop
      vertex 6.08455 -4 1.31539
      vertex 9.91545 -4 1.31539
      vertex 9.90303 -4 1.37537
    endloop
  endfacet
  facet normal 0 -1 0
    outer loop
      vertex 6.07402 -4 1.25504
      vertex 9.91545 -4 1.31539
      vertex 6.08455 -4 1.31539
    endloop
  endfacet
  facet normal 0 -1 0
    outer loop
      vertex 6.07402 -4 1.25504
      vertex 9.92598 -4 1.25504
      vertex 9.91545 -4 1.31539
    endloop
  endfacet
  facet normal 0 -1 0
    outer loop
      vertex 6.06538 -4 1.19438
      vertex 9.92598 -4 1.25504
      vertex 6.07402 -4 1.25504
    endloop
  endfacet
  facet normal 0 -1 0
    outer loop
      vertex 6.06538 -4 1.19438
      vertex 9.93462 -4 1.19438
      vertex 9.92598 -4 1.25504
    endloop
  endfacet
  facet normal 0 -1 0
    outer loop
      vertex 6.05865 -4 1.1335
      vertex 9.93462 -4 1.19438
      vertex 6.06538 -4 1.19438
    endloop
  endfacet
  facet normal 0 -1 0
    outer loop
      vertex 6.05865 -4 1.1335
      vertex 9.94135 -4 1.1335
      vertex 9.93462 -4 1.19438
    endloop
  endfacet
  facet normal 0 -1 0
    outer loop
      vertex 6.05385 -4 1.07244
      vertex 9.94135 -4 1.1335
      vertex 6.05865 -4 1.1335
    endloop
  endfacet
  facet normal 0 -1 0
    outer loop
      vertex 6.05385 -4 1.07244
      vertex 9.94615 -4 1.07244
      vertex 9.94135 -4 1.1335
    endloop
  endfacet
  facet normal 0 -1 0
    outer loop
      vertex 6.05096 -4 1.01125
      vertex 9.94615 -4 1.07244
      vertex 6.05385 -4 1.07244
    endloop
  endfacet
  facet normal 0 -1 0
    outer loop
      vertex 6.05096 -4 1.01125
      vertex 9.94904 -4 1.01125
      vertex 9.94615 -4 1.07244
    endloop
  endfacet
  facet normal 0 -1 0
    outer loop
      vertex 6.05 -4 0.95
      vertex 9.94904 -4 1.01125
      vertex 6.05096 -4 1.01125
    endloop
  endfacet
  facet normal 0 -1 0
    outer loop
      vertex 6.05 -4 0.95
      vertex 9.95 -4 0.95
      vertex 9.94904 -4 1.01125
    endloop
  endfacet
  facet normal 0 -1 0
    outer loop
      vertex 6.05096 -4 0.888751
      vertex 9.95 -4 0.95
      vertex 6.05 -4 0.95
    endloop
  endfacet
  facet normal 0 -1 0
    outer loop
      vertex 6.05096 -4 0.888751
      vertex 9.94904 -4 0.888751
      vertex 9.95 -4 0.95
    endloop
  endfacet
  facet normal 0 -1 0
    outer loop
      vertex 6.05385 -4 0.827563
      vertex 9.94904 -4 0.888751
      vertex 6.05096 -4 0.888751
    endloop
  endfacet
  facet normal 0 -1 0
    outer loop
      vertex 6.05385 -4 0.827563
      vertex 9.94615 -4 0.827563
      vertex 9.94904 -4 0.888751
    endloop
  endfacet
  facet normal 0 -1 0
    outer loop
      vertex 6.05865 -4 0.766498
      vertex 9.94615 -4 0.827563
      vertex 6.05385 -4 0.827563
    endloop
  endfacet
  facet normal 0 -1 0
    outer loop
      vertex 6.05865 -4 0.766498
      vertex 9.94135 -4 0.766498
      vertex 9.94615 -4 0.827563
    endloop
  endfacet
  facet normal 0 -1 0
    outer loop
      vertex 6.06538 -4 0.705615
      vertex 9.94135 -4 0.766498
      vertex 6.05865 -4 0.766498
    endloop
  endfacet
  facet normal 0 -1 0
    outer loop
      vertex 6.06538 -4 0.705615
      vertex 9.93462 -4 0.705615
      vertex 9.94135 -4 0.766498
    endloop
  endfacet
  facet normal 0 -1 0
    outer loop
      vertex 6.07402 -4 0.644962
      vertex 9.93462 -4 0.705615
      vertex 6.06538 -4 0.705615
    endloop
  endfacet
  facet normal 0 -1 0
    outer loop
      vertex 6.07402 -4 0.644962
      vertex 9.92598 -4 0.644962
      vertex 9.93462 -4 0.705615
    endloop
  endfacet
  facet normal 0 -1 0
    outer loop
      vertex 6.08455 -4 0.584613
      vertex 9.92598 -4 0.644962
      vertex 6.07402 -4 0.644962
    endloop
  endfacet
  facet normal 0 -1 0
    outer loop
      vertex 6.08455 -4 0.584613
      vertex 9.91545 -4 0.584613
      vertex 9.92598 -4 0.644962
    endloop
  endfacet
  facet normal 0 -1 0
    outer loop
      vertex 6.09697 -4 0.524631
      vertex 9.91545 -4 0.584613
      vertex 6.08455 -4 0.584613
    endloop
  endfacet
  facet normal 0 -1 0
    outer loop
      vertex 6.09697 -4 0.524631
      vertex 9.90303 -4 0.524631
      vertex 9.91545 -4 0.584613
    endloop
  endfacet
  facet normal 0 -1 0
    outer loop
      vertex 6.11127 -4 0.46506
      vertex 9.90303 -4 0.524631
      vertex 6.09697 -4 0.524631
    endloop
  endfacet
  facet normal 0 -1 0
    outer loop
      vertex 6.11127 -4 0.46506
      vertex 9.88873 -4 0.46506
      vertex 9.90303 -4 0.524631
    endloop
  endfacet
  facet normal 0 -1 0
    outer loop
      vertex 6.12744 -4 0.405978
      vertex 9.88873 -4 0.46506
      vertex 6.11127 -4 0.46506
    endloop
  endfacet
  facet normal 0 -1 0
    outer loop
      vertex 6.12744 -4 0.405978
      vertex 9.87256 -4 0.405978
      vertex 9.88873 -4 0.46506
    endloop
  endfacet
  facet normal 0 -1 0
    outer loop
      vertex 6.14545 -4 0.34743
      vertex 9.87256 -4 0.405978
      vertex 6.12744 -4 0.405978
    endloop
  endfacet
  facet normal 0 -1 0
    outer loop
      vertex 6.14545 -4 0.34743
      vertex 9.85455 -4 0.34743
      vertex 9.87256 -4 0.405978
    endloop
  endfacet
  facet normal 0 -1 0
    outer loop
      vertex 6.16528 -4 0.289462
      vertex 9.85455 -4 0.34743
      vertex 6.14545 -4 0.34743
    endloop
  endfacet
  facet normal 0 -1 0
    outer loop
      vertex 6.16528 -4 0.289462
      vertex 9.83472 -4 0.289462
      vertex 9.85455 -4 0.34743
    endloop
  endfacet
  facet normal 0 -1 0
    outer loop
      vertex 6.18695 -4 0.232166
      vertex 9.83472 -4 0.289462
      vertex 6.16528 -4 0.289462
    endloop
  endfacet
  facet normal 0 -1 0
    outer loop
      vertex 6.18695 -4 0.232166
      vertex 9.81305 -4 0.232166
      vertex 9.83472 -4 0.289462
    endloop
  endfacet
  facet normal 0 -1 0
    outer loop
      vertex 6.21039 -4 0.175571
      vertex 9.81305 -4 0.232166
      vertex 6.18695 -4 0.232166
    endloop
  endfacet
  facet normal 0 -1 0
    outer loop
      vertex 6.21039 -4 0.175571
      vertex 9.78961 -4 0.175571
      vertex 9.81305 -4 0.232166
    endloop
  endfacet
  facet normal 0 -1 0
    outer loop
      vertex 6.2356 -4 0.119739
      vertex 9.78961 -4 0.175571
      vertex 6.21039 -4 0.175571
    endloop
  endfacet
  facet normal 0 -1 0
    outer loop
      vertex 6.2356 -4 0.119739
      vertex 9.7644 -4 0.119739
      vertex 9.78961 -4 0.175571
    endloop
  endfacet
  facet normal 0 -1 0
    outer loop
      vertex 6.26254 -4 0.0647308
      vertex 9.7644 -4 0.119739
      vertex 6.2356 -4 0.119739
    endloop
  endfacet
  facet normal 0 -1 0
    outer loop
      vertex 6.26254 -4 0.0647308
      vertex 9.73746 -4 0.0647308
      vertex 9.7644 -4 0.119739
    endloop
  endfacet
  facet normal 0 -1 0
    outer loop
      vertex 6.29726 -4 3.05176e-06
      vertex 6.26254 -4 0.0647308
      vertex 6.29121 -4 0.0105927
    endloop
  endfacet
  facet normal 0 -1 0
    outer loop
      vertex 6.26254 -4 0.0647308
      vertex 6.29726 -4 3.05176e-06
      vertex 9.73746 -4 0.0647308
    endloop
  endfacet
  facet normal 0 -1 0
    outer loop
      vertex 9.70274 -4 3.05176e-06
      vertex 9.73746 -4 0.0647308
      vertex 6.29726 -4 3.05176e-06
    endloop
  endfacet
  facet normal 0 -1 0
    outer loop
      vertex 9.73746 -4 0.0647308
      vertex 9.70274 -4 3.05176e-06
      vertex 9.70879 -4 0.0105927
    endloop
  endfacet
  facet normal 0.574765 -3.87507e-20 0.818318
    outer loop
      vertex 9.09605 6 2.56279
      vertex 9.14618 -4 2.52758
      vertex 9.14618 6 2.52758
    endloop
  endfacet
  facet normal 0.574765 -3.87507e-20 0.818318
    outer loop
      vertex 9.14618 -4 2.52758
      vertex 9.09605 6 2.56279
      vertex 9.09605 -4 2.56279
    endloop
  endfacet
  facet normal -0.898081 0 -0.439831
    outer loop
      vertex 6.26254 -4 0.0647308
      vertex 6.2356 6 0.119739
      vertex 6.26254 6 0.0647308
    endloop
  endfacet
  facet normal -0.898081 -0 -0.439831
    outer loop
      vertex 6.2356 6 0.119739
      vertex 6.26254 -4 0.0647308
      vertex 6.2356 -4 0.119739
    endloop
  endfacet
  facet normal 0.964528 0 -0.263979
    outer loop
      vertex 9.88873 -4 0.46506
      vertex 9.87256 6 0.405978
      vertex 9.88873 6 0.46506
    endloop
  endfacet
  facet normal 0.964528 0 -0.263979
    outer loop
      vertex 9.87256 6 0.405978
      vertex 9.88873 -4 0.46506
      vertex 9.87256 -4 0.405978
    endloop
  endfacet
  facet normal -0.998887 0 0.0471774
    outer loop
      vertex 6.05096 -4 1.01125
      vertex 6.05385 6 1.07244
      vertex 6.05096 6 1.01125
    endloop
  endfacet
  facet normal -0.998887 0 0.0471774
    outer loop
      vertex 6.05385 6 1.07244
      vertex 6.05096 -4 1.01125
      vertex 6.05385 -4 1.07244
    endloop
  endfacet
  facet normal -0.439819 -1.67142e-19 0.898086
    outer loop
      vertex 7.11473 6 2.68746
      vertex 7.16974 -4 2.7144
      vertex 7.16974 6 2.7144
    endloop
  endfacet
  facet normal -0.439819 -1.67142e-19 0.898086
    outer loop
      vertex 7.16974 -4 2.7144
      vertex 7.11473 6 2.68746
      vertex 7.11473 -4 2.68746
    endloop
  endfacet
  facet normal -0.935338 0 -0.353755
    outer loop
      vertex 6.18695 -4 0.232166
      vertex 6.16528 6 0.289462
      vertex 6.18695 6 0.232166
    endloop
  endfacet
  facet normal -0.935338 -0 -0.353755
    outer loop
      vertex 6.16528 6 0.289462
      vertex 6.18695 -4 0.232166
      vertex 6.16528 -4 0.289462
    endloop
  endfacet
  facet normal -0.979228 0 -0.202761
    outer loop
      vertex 6.09697 -4 0.524631
      vertex 6.08455 6 0.584613
      vertex 6.09697 6 0.524631
    endloop
  endfacet
  facet normal -0.979228 -0 -0.202761
    outer loop
      vertex 6.08455 6 0.584613
      vertex 6.09697 -4 0.524631
      vertex 6.08455 -4 0.584613
    endloop
  endfacet
  facet normal 0.979228 0 -0.202761
    outer loop
      vertex 9.91545 -4 0.584613
      vertex 9.90303 6 0.524631
      vertex 9.91545 6 0.584613
    endloop
  endfacet
  facet normal 0.979228 0 -0.202761
    outer loop
      vertex 9.90303 6 0.524631
      vertex 9.91545 -4 0.584613
      vertex 9.90303 -4 0.524631
    endloop
  endfacet
  facet normal -0.935326 0 0.353788
    outer loop
      vertex 6.16528 -4 1.61054
      vertex 6.18695 6 1.66783
      vertex 6.16528 6 1.61054
    endloop
  endfacet
  facet normal -0.935326 0 0.353788
    outer loop
      vertex 6.18695 6 1.66783
      vertex 6.16528 -4 1.61054
      vertex 6.18695 -4 1.66783
    endloop
  endfacet
  facet normal -0.852688 0 0.52242
    outer loop
      vertex 6.32156 -4 1.94263
      vertex 6.35356 6 1.99486
      vertex 6.32156 6 1.94263
    endloop
  endfacet
  facet normal -0.852688 0 0.52242
    outer loop
      vertex 6.35356 6 1.99486
      vertex 6.32156 -4 1.94263
      vertex 6.35356 -4 1.99486
    endloop
  endfacet
  facet normal 0.202768 -7.76469e-20 0.979227
    outer loop
      vertex 8.36539 6 2.86545
      vertex 8.42537 -4 2.85303
      vertex 8.42537 6 2.85303
    endloop
  endfacet
  facet normal 0.202768 -7.76469e-20 0.979227
    outer loop
      vertex 8.42537 -4 2.85303
      vertex 8.36539 6 2.86545
      vertex 8.36539 -4 2.86545
    endloop
  endfacet
  facet normal -0.60047 -1.53006e-19 0.799647
    outer loop
      vertex 6.80484 6 2.4908
      vertex 6.85382 -4 2.52758
      vertex 6.85382 6 2.52758
    endloop
  endfacet
  facet normal -0.60047 -1.53006e-19 0.799647
    outer loop
      vertex 6.85382 -4 2.52758
      vertex 6.80484 6 2.4908
      vertex 6.80484 -4 2.4908
    endloop
  endfacet
  facet normal -0.999877 0 0.0156715
    outer loop
      vertex 6.05 -4 0.95
      vertex 6.05096 6 1.01125
      vertex 6.05 6 0.95
    endloop
  endfacet
  facet normal -0.999877 0 0.0156715
    outer loop
      vertex 6.05096 6 1.01125
      vertex 6.05 -4 0.95
      vertex 6.05096 -4 1.01125
    endloop
  endfacet
  facet normal -0.993945 0 0.109876
    outer loop
      vertex 6.05865 -4 1.1335
      vertex 6.06538 6 1.19438
      vertex 6.05865 6 1.1335
    endloop
  endfacet
  facet normal -0.993945 0 0.109876
    outer loop
      vertex 6.06538 6 1.19438
      vertex 6.05865 -4 1.1335
      vertex 6.06538 -4 1.19438
    endloop
  endfacet
  facet normal 0.923905 -0 0.382621
    outer loop
      vertex 9.78961 -4 1.72443
      vertex 9.81305 6 1.66783
      vertex 9.78961 6 1.72443
    endloop
  endfacet
  facet normal 0.923905 0 0.382621
    outer loop
      vertex 9.81305 6 1.66783
      vertex 9.78961 -4 1.72443
      vertex 9.81305 -4 1.66783
    endloop
  endfacet
  facet normal 0.411539 -1.4585e-19 0.911392
    outer loop
      vertex 8.77443 6 2.73961
      vertex 8.83026 -4 2.7144
      vertex 8.83026 6 2.7144
    endloop
  endfacet
  facet normal 0.411539 -1.4585e-19 0.911392
    outer loop
      vertex 8.83026 -4 2.7144
      vertex 8.77443 6 2.73961
      vertex 8.77443 -4 2.73961
    endloop
  endfacet
  facet normal -0.996924 0 0.0783694
    outer loop
      vertex 6.05385 -4 1.07244
      vertex 6.05865 6 1.1335
      vertex 6.05385 6 1.07244
    endloop
  endfacet
  facet normal -0.996924 0 0.0783694
    outer loop
      vertex 6.05865 6 1.1335
      vertex 6.05385 -4 1.07244
      vertex 6.05865 -4 1.1335
    endloop
  endfacet
  facet normal -0.0471774 2.18425e-20 0.998887
    outer loop
      vertex 7.87756 6 2.89615
      vertex 7.93875 -4 2.89904
      vertex 7.93875 6 2.89904
    endloop
  endfacet
  facet normal -0.0471774 2.18425e-20 0.998887
    outer loop
      vertex 7.93875 -4 2.89904
      vertex 7.87756 6 2.89615
      vertex 7.87756 -4 2.89615
    endloop
  endfacet
  facet normal 0.382621 7.56154e-20 0.923905
    outer loop
      vertex 8.71783 6 2.76305
      vertex 8.77443 -4 2.73961
      vertex 8.77443 6 2.73961
    endloop
  endfacet
  facet normal 0.382621 7.56154e-20 0.923905
    outer loop
      vertex 8.77443 -4 2.73961
      vertex 8.71783 6 2.76305
      vertex 8.71783 -4 2.76305
    endloop
  endfacet
  facet normal -0.574765 1.1668e-19 0.818318
    outer loop
      vertex 6.85382 6 2.52758
      vertex 6.90395 -4 2.56279
      vertex 6.90395 6 2.56279
    endloop
  endfacet
  facet normal -0.574765 1.1668e-19 0.818318
    outer loop
      vertex 6.90395 -4 2.56279
      vertex 6.85382 6 2.52758
      vertex 6.85382 -4 2.52758
    endloop
  endfacet
  facet normal -0.972376 0 -0.233419
    outer loop
      vertex 6.11127 -4 0.46506
      vertex 6.09697 6 0.524631
      vertex 6.11127 6 0.46506
    endloop
  endfacet
  facet normal -0.972376 -0 -0.233419
    outer loop
      vertex 6.09697 6 0.524631
      vertex 6.11127 -4 0.46506
      vertex 6.09697 -4 0.524631
    endloop
  endfacet
  facet normal 0.649419 -1.41639e-19 0.760431
    outer loop
      vertex 9.24297 6 2.45249
      vertex 9.28955 -4 2.41271
      vertex 9.28955 6 2.41271
    endloop
  endfacet
  facet normal 0.649419 -1.41639e-19 0.760431
    outer loop
      vertex 9.28955 -4 2.41271
      vertex 9.24297 6 2.45249
      vertex 9.24297 -4 2.45249
    endloop
  endfacet
  facet normal -0.202768 3.24467e-20 0.979227
    outer loop
      vertex 7.57463 6 2.85303
      vertex 7.63461 -4 2.86545
      vertex 7.63461 6 2.86545
    endloop
  endfacet
  facet normal -0.202768 3.24467e-20 0.979227
    outer loop
      vertex 7.63461 -4 2.86545
      vertex 7.57463 6 2.85303
      vertex 7.57463 -4 2.85303
    endloop
  endfacet
  facet normal -0.911398 0 -0.411526
    outer loop
      vertex 6.2356 -4 0.119739
      vertex 6.21039 6 0.175571
      vertex 6.2356 6 0.119739
    endloop
  endfacet
  facet normal -0.911398 -0 -0.411526
    outer loop
      vertex 6.21039 6 0.175571
      vertex 6.2356 -4 0.119739
      vertex 6.21039 -4 0.175571
    endloop
  endfacet
  facet normal -0.695837 1.41828e-19 0.718199
    outer loop
      vertex 6.62115 6 2.32885
      vertex 6.66515 -4 2.37148
      vertex 6.66515 6 2.37148
    endloop
  endfacet
  facet normal -0.695837 1.41828e-19 0.718199
    outer loop
      vertex 6.66515 -4 2.37148
      vertex 6.62115 6 2.32885
      vertex 6.62115 -4 2.32885
    endloop
  endfacet
  facet normal -0.353788 3.56613e-20 0.935326
    outer loop
      vertex 7.28217 6 2.76305
      vertex 7.33946 -4 2.78472
      vertex 7.33946 6 2.78472
    endloop
  endfacet
  facet normal -0.353788 3.56613e-20 0.935326
    outer loop
      vertex 7.33946 -4 2.78472
      vertex 7.28217 6 2.76305
      vertex 7.28217 -4 2.76305
    endloop
  endfacet
  facet normal -0.979227 0 0.202768
    outer loop
      vertex 6.08455 -4 1.31539
      vertex 6.09697 6 1.37537
      vertex 6.08455 6 1.31539
    endloop
  endfacet
  facet normal -0.979227 0 0.202768
    outer loop
      vertex 6.09697 6 1.37537
      vertex 6.08455 -4 1.31539
      vertex 6.09697 -4 1.37537
    endloop
  endfacet
  facet normal 0.673103 2.54426e-20 0.739548
    outer loop
      vertex 9.28955 6 2.41271
      vertex 9.33485 -4 2.37148
      vertex 9.33485 6 2.37148
    endloop
  endfacet
  facet normal 0.673103 2.54426e-20 0.739548
    outer loop
      vertex 9.33485 -4 2.37148
      vertex 9.28955 6 2.41271
      vertex 9.28955 -4 2.41271
    endloop
  endfacet
  facet normal -0.985116 0 -0.171888
    outer loop
      vertex 6.08455 -4 0.584613
      vertex 6.07402 6 0.644962
      vertex 6.08455 6 0.584613
    endloop
  endfacet
  facet normal -0.985116 -0 -0.171888
    outer loop
      vertex 6.07402 6 0.644962
      vertex 6.08455 -4 0.584613
      vertex 6.07402 -4 0.644962
    endloop
  endfacet
  facet normal -0.955801 0 -0.294015
    outer loop
      vertex 6.14545 -4 0.34743
      vertex 6.12744 6 0.405978
      vertex 6.14545 6 0.34743
    endloop
  endfacet
  facet normal -0.955801 -0 -0.294015
    outer loop
      vertex 6.12744 6 0.405978
      vertex 6.14545 -4 0.34743
      vertex 6.12744 -4 0.405978
    endloop
  endfacet
  facet normal -0.923893 0 -0.38265
    outer loop
      vertex 6.21039 -4 0.175571
      vertex 6.18695 6 0.232166
      vertex 6.21039 6 0.175571
    endloop
  endfacet
  facet normal -0.923893 -0 -0.38265
    outer loop
      vertex 6.18695 6 0.232166
      vertex 6.21039 -4 0.175571
      vertex 6.18695 -4 0.232166
    endloop
  endfacet
  facet normal 0.946173 -0 0.323661
    outer loop
      vertex 9.83472 -4 1.61054
      vertex 9.85455 6 1.55257
      vertex 9.83472 6 1.61054
    endloop
  endfacet
  facet normal 0.946173 0 0.323661
    outer loop
      vertex 9.85455 6 1.55257
      vertex 9.83472 -4 1.61054
      vertex 9.85455 -4 1.55257
    endloop
  endfacet
  facet normal 0.780375 -0 0.625312
    outer loop
      vertex 9.50249 -4 2.19297
      vertex 9.5408 6 2.14516
      vertex 9.50249 6 2.19297
    endloop
  endfacet
  facet normal 0.780375 0 0.625312
    outer loop
      vertex 9.5408 6 2.14516
      vertex 9.50249 -4 2.19297
      vertex 9.5408 -4 2.14516
    endloop
  endfacet
  facet normal -0.972375 0 0.233422
    outer loop
      vertex 6.09697 -4 1.37537
      vertex 6.11127 6 1.43494
      vertex 6.09697 6 1.37537
    endloop
  endfacet
  facet normal -0.972375 0 0.233422
    outer loop
      vertex 6.11127 6 1.43494
      vertex 6.09697 -4 1.37537
      vertex 6.11127 -4 1.43494
    endloop
  endfacet
  facet normal 0.911398 0 -0.411526
    outer loop
      vertex 9.78961 -4 0.175571
      vertex 9.7644 6 0.119739
      vertex 9.78961 6 0.175571
    endloop
  endfacet
  facet normal 0.911398 0 -0.411526
    outer loop
      vertex 9.7644 6 0.119739
      vertex 9.78961 -4 0.175571
      vertex 9.7644 -4 0.119739
    endloop
  endfacet
  facet normal 0.549302 1.66172e-19 0.835624
    outer loop
      vertex 9.04486 6 2.59644
      vertex 9.09605 -4 2.56279
      vertex 9.09605 6 2.56279
    endloop
  endfacet
  facet normal 0.549302 1.66172e-19 0.835624
    outer loop
      vertex 9.09605 -4 2.56279
      vertex 9.04486 6 2.59644
      vertex 9.04486 -4 2.59644
    endloop
  endfacet
  facet normal -0.233422 3.93702e-20 0.972375
    outer loop
      vertex 7.51506 6 2.83873
      vertex 7.57463 -4 2.85303
      vertex 7.57463 6 2.85303
    endloop
  endfacet
  facet normal -0.233422 3.93702e-20 0.972375
    outer loop
      vertex 7.57463 -4 2.85303
      vertex 7.51506 6 2.83873
      vertex 7.51506 -4 2.83873
    endloop
  endfacet
  facet normal -0.323661 -1.0123e-20 0.946173
    outer loop
      vertex 7.33946 6 2.78472
      vertex 7.39743 -4 2.80455
      vertex 7.39743 6 2.80455
    endloop
  endfacet
  facet normal -0.323661 -1.0123e-20 0.946173
    outer loop
      vertex 7.39743 -4 2.80455
      vertex 7.33946 6 2.78472
      vertex 7.33946 -4 2.78472
    endloop
  endfacet
  facet normal -0.964526 0 0.263988
    outer loop
      vertex 6.11127 -4 1.43494
      vertex 6.12744 6 1.49402
      vertex 6.11127 6 1.43494
    endloop
  endfacet
  facet normal -0.964526 0 0.263988
    outer loop
      vertex 6.12744 6 1.49402
      vertex 6.11127 -4 1.43494
      vertex 6.12744 -4 1.49402
    endloop
  endfacet
  facet normal -0.996925 0 -0.078363
    outer loop
      vertex 6.05865 -4 0.766498
      vertex 6.05385 6 0.827563
      vertex 6.05865 6 0.766498
    endloop
  endfacet
  facet normal -0.996925 -0 -0.078363
    outer loop
      vertex 6.05385 6 0.827563
      vertex 6.05865 -4 0.766498
      vertex 6.05385 -4 0.827563
    endloop
  endfacet
  facet normal -0.993946 0 -0.109871
    outer loop
      vertex 6.06538 -4 0.705615
      vertex 6.05865 6 0.766498
      vertex 6.06538 6 0.705615
    endloop
  endfacet
  facet normal -0.993946 -0 -0.109871
    outer loop
      vertex 6.05865 6 0.766498
      vertex 6.06538 -4 0.705615
      vertex 6.05865 -4 0.766498
    endloop
  endfacet
  facet normal 0.0783694 -2.12111e-20 0.996924
    outer loop
      vertex 8.12244 6 2.89615
      vertex 8.1835 -4 2.89135
      vertex 8.1835 6 2.89135
    endloop
  endfacet
  facet normal 0.0783694 -2.12111e-20 0.996924
    outer loop
      vertex 8.1835 -4 2.89135
      vertex 8.12244 6 2.89615
      vertex 8.12244 -4 2.89615
    endloop
  endfacet
  facet normal 0.94617 0 -0.323671
    outer loop
      vertex 9.85455 -4 0.34743
      vertex 9.83472 6 0.289462
      vertex 9.85455 6 0.34743
    endloop
  endfacet
  facet normal 0.94617 0 -0.323671
    outer loop
      vertex 9.83472 6 0.289462
      vertex 9.85455 -4 0.34743
      vertex 9.83472 -4 0.289462
    endloop
  endfacet
  facet normal 0.955801 0 -0.294015
    outer loop
      vertex 9.87256 -4 0.405978
      vertex 9.85455 6 0.34743
      vertex 9.87256 6 0.405978
    endloop
  endfacet
  facet normal 0.955801 0 -0.294015
    outer loop
      vertex 9.85455 6 0.34743
      vertex 9.87256 -4 0.405978
      vertex 9.85455 -4 0.34743
    endloop
  endfacet
  facet normal -0.760431 0 0.649419
    outer loop
      vertex 6.49751 -4 2.19297
      vertex 6.53729 6 2.23955
      vertex 6.49751 6 2.19297
    endloop
  endfacet
  facet normal -0.760431 0 0.649419
    outer loop
      vertex 6.53729 6 2.23955
      vertex 6.49751 -4 2.19297
      vertex 6.53729 -4 2.23955
    endloop
  endfacet
  facet normal -0.998886 0 -0.0471789
    outer loop
      vertex 6.05385 -4 0.827563
      vertex 6.05096 6 0.888751
      vertex 6.05385 6 0.827563
    endloop
  endfacet
  facet normal -0.998886 -0 -0.0471789
    outer loop
      vertex 6.05096 6 0.888751
      vertex 6.05385 -4 0.827563
      vertex 6.05096 -4 0.888751
    endloop
  endfacet
  facet normal 0.999877 -0 0.0156715
    outer loop
      vertex 9.94904 -4 1.01125
      vertex 9.95 6 0.95
      vertex 9.94904 6 1.01125
    endloop
  endfacet
  facet normal 0.999877 0 0.0156715
    outer loop
      vertex 9.95 6 0.95
      vertex 9.94904 -4 1.01125
      vertex 9.95 -4 0.95
    endloop
  endfacet
  facet normal -0.495383 -8.18063e-20 0.868675
    outer loop
      vertex 7.00737 6 2.62844
      vertex 7.06059 -4 2.65879
      vertex 7.06059 6 2.65879
    endloop
  endfacet
  facet normal -0.495383 -8.18063e-20 0.868675
    outer loop
      vertex 7.06059 -4 2.65879
      vertex 7.00737 6 2.62844
      vertex 7.00737 -4 2.62844
    endloop
  endfacet
  facet normal -0.625312 -1.57846e-19 0.780375
    outer loop
      vertex 6.75703 6 2.45249
      vertex 6.80484 -4 2.4908
      vertex 6.80484 6 2.4908
    endloop
  endfacet
  facet normal -0.625312 -1.57846e-19 0.780375
    outer loop
      vertex 6.80484 -4 2.4908
      vertex 6.75703 6 2.45249
      vertex 6.75703 -4 2.45249
    endloop
  endfacet
  facet normal 0.88373 0 -0.467998
    outer loop
      vertex 9.73746 -4 0.0647308
      vertex 9.70879 6 0.0105927
      vertex 9.73746 6 0.0647308
    endloop
  endfacet
  facet normal 0.88373 0 -0.467998
    outer loop
      vertex 9.70879 6 0.0105927
      vertex 9.73746 -4 0.0647308
      vertex 9.70879 -4 0.0105927
    endloop
  endfacet
  facet normal 0.263988 3.17212e-20 0.964526
    outer loop
      vertex 8.48494 6 2.83873
      vertex 8.54402 -4 2.82256
      vertex 8.54402 6 2.82256
    endloop
  endfacet
  facet normal 0.263988 3.17212e-20 0.964526
    outer loop
      vertex 8.54402 -4 2.82256
      vertex 8.48494 6 2.83873
      vertex 8.48494 -4 2.83873
    endloop
  endfacet
  facet normal 0.923893 0 -0.38265
    outer loop
      vertex 9.81305 -4 0.232166
      vertex 9.78961 6 0.175571
      vertex 9.81305 6 0.232166
    endloop
  endfacet
  facet normal 0.923893 0 -0.38265
    outer loop
      vertex 9.78961 6 0.175571
      vertex 9.81305 -4 0.232166
      vertex 9.78961 -4 0.175571
    endloop
  endfacet
  facet normal 0.109876 1.24041e-20 0.993945
    outer loop
      vertex 8.1835 6 2.89135
      vertex 8.24438 -4 2.88462
      vertex 8.24438 6 2.88462
    endloop
  endfacet
  facet normal 0.109876 1.24041e-20 0.993945
    outer loop
      vertex 8.24438 -4 2.88462
      vertex 8.1835 6 2.89135
      vertex 8.1835 -4 2.89135
    endloop
  endfacet
  facet normal -0.990006 0 -0.141026
    outer loop
      vertex 6.07402 -4 0.644962
      vertex 6.06538 6 0.705615
      vertex 6.07402 6 0.644962
    endloop
  endfacet
  facet normal -0.990006 -0 -0.141026
    outer loop
      vertex 6.06538 6 0.705615
      vertex 6.07402 -4 0.644962
      vertex 6.06538 -4 0.705615
    endloop
  endfacet
  facet normal 0.353788 -3.56613e-20 0.935326
    outer loop
      vertex 8.66054 6 2.78472
      vertex 8.71783 -4 2.76305
      vertex 8.71783 6 2.76305
    endloop
  endfacet
  facet normal 0.353788 -3.56613e-20 0.935326
    outer loop
      vertex 8.71783 -4 2.76305
      vertex 8.66054 6 2.78472
      vertex 8.66054 -4 2.78472
    endloop
  endfacet
  facet normal 0.625312 1.57846e-19 0.780375
    outer loop
      vertex 9.19516 6 2.4908
      vertex 9.24297 -4 2.45249
      vertex 9.24297 6 2.45249
    endloop
  endfacet
  facet normal 0.625312 1.57846e-19 0.780375
    outer loop
      vertex 9.24297 -4 2.45249
      vertex 9.19516 6 2.4908
      vertex 9.19516 -4 2.4908
    endloop
  endfacet
  facet normal -0.718199 0 0.695837
    outer loop
      vertex 6.57852 -4 2.28485
      vertex 6.62115 6 2.32885
      vertex 6.57852 6 2.28485
    endloop
  endfacet
  facet normal -0.718199 0 0.695837
    outer loop
      vertex 6.62115 6 2.32885
      vertex 6.57852 -4 2.28485
      vertex 6.62115 -4 2.32885
    endloop
  endfacet
  facet normal 0.998886 0 -0.0471789
    outer loop
      vertex 9.94904 -4 0.888751
      vertex 9.94615 6 0.827563
      vertex 9.94904 6 0.888751
    endloop
  endfacet
  facet normal 0.998886 0 -0.0471789
    outer loop
      vertex 9.94615 6 0.827563
      vertex 9.94904 -4 0.888751
      vertex 9.94615 -4 0.827563
    endloop
  endfacet
  facet normal 0.467985 -4.1319e-20 0.883736
    outer loop
      vertex 8.88527 6 2.68746
      vertex 8.93941 -4 2.65879
      vertex 8.93941 6 2.65879
    endloop
  endfacet
  facet normal 0.467985 -4.1319e-20 0.883736
    outer loop
      vertex 8.93941 -4 2.65879
      vertex 8.88527 6 2.68746
      vertex 8.88527 -4 2.68746
    endloop
  endfacet
  facet normal 0.495383 -1.61134e-19 0.868675
    outer loop
      vertex 8.93941 6 2.65879
      vertex 8.99263 -4 2.62844
      vertex 8.99263 6 2.62844
    endloop
  endfacet
  facet normal 0.495383 -1.61134e-19 0.868675
    outer loop
      vertex 8.99263 -4 2.62844
      vertex 8.93941 6 2.65879
      vertex 8.93941 -4 2.65879
    endloop
  endfacet
  facet normal 0.0471774 -2.18425e-20 0.998887
    outer loop
      vertex 8.06125 6 2.89904
      vertex 8.12244 -4 2.89615
      vertex 8.12244 6 2.89615
    endloop
  endfacet
  facet normal 0.0471774 -2.18425e-20 0.998887
    outer loop
      vertex 8.12244 -4 2.89615
      vertex 8.06125 6 2.89904
      vertex 8.06125 -4 2.89904
    endloop
  endfacet
  facet normal 0.739548 -0 0.673103
    outer loop
      vertex 9.42148 -4 2.28485
      vertex 9.46271 6 2.23955
      vertex 9.42148 6 2.28485
    endloop
  endfacet
  facet normal 0.739548 0 0.673103
    outer loop
      vertex 9.46271 6 2.23955
      vertex 9.42148 -4 2.28485
      vertex 9.46271 -4 2.23955
    endloop
  endfacet
  facet normal 0.818318 -0 0.574765
    outer loop
      vertex 9.57758 -4 2.09618
      vertex 9.61279 6 2.04605
      vertex 9.57758 6 2.09618
    endloop
  endfacet
  facet normal 0.818318 0 0.574765
    outer loop
      vertex 9.61279 6 2.04605
      vertex 9.57758 -4 2.09618
      vertex 9.61279 -4 2.04605
    endloop
  endfacet
  facet normal 0.439819 -6.42961e-20 0.898086
    outer loop
      vertex 8.83026 6 2.7144
      vertex 8.88527 -4 2.68746
      vertex 8.88527 6 2.68746
    endloop
  endfacet
  facet normal 0.439819 -6.42961e-20 0.898086
    outer loop
      vertex 8.88527 -4 2.68746
      vertex 8.83026 6 2.7144
      vertex 8.83026 -4 2.7144
    endloop
  endfacet
  facet normal -0.294006 7.77759e-20 0.955804
    outer loop
      vertex 7.39743 6 2.80455
      vertex 7.45598 -4 2.82256
      vertex 7.45598 6 2.82256
    endloop
  endfacet
  facet normal -0.294006 7.77759e-20 0.955804
    outer loop
      vertex 7.45598 -4 2.82256
      vertex 7.39743 6 2.80455
      vertex 7.39743 -4 2.80455
    endloop
  endfacet
  facet normal -0.985117 0 0.171885
    outer loop
      vertex 6.07402 -4 1.25504
      vertex 6.08455 6 1.31539
      vertex 6.07402 6 1.25504
    endloop
  endfacet
  facet normal -0.985117 0 0.171885
    outer loop
      vertex 6.08455 6 1.31539
      vertex 6.07402 -4 1.25504
      vertex 6.08455 -4 1.31539
    endloop
  endfacet
  facet normal 0.14101 1.57333e-20 0.990008
    outer loop
      vertex 8.24438 6 2.88462
      vertex 8.30504 -4 2.87598
      vertex 8.30504 6 2.87598
    endloop
  endfacet
  facet normal 0.14101 1.57333e-20 0.990008
    outer loop
      vertex 8.30504 -4 2.87598
      vertex 8.24438 6 2.88462
      vertex 8.24438 -4 2.88462
    endloop
  endfacet
  facet normal -0.739548 0 0.673103
    outer loop
      vertex 6.53729 -4 2.23955
      vertex 6.57852 6 2.28485
      vertex 6.53729 6 2.23955
    endloop
  endfacet
  facet normal -0.739548 0 0.673103
    outer loop
      vertex 6.57852 6 2.28485
      vertex 6.53729 -4 2.23955
      vertex 6.57852 -4 2.28485
    endloop
  endfacet
  facet normal -0.0156715 3.01054e-21 0.999877
    outer loop
      vertex 7.93875 6 2.89904
      vertex 8 -4 2.9
      vertex 8 6 2.9
    endloop
  endfacet
  facet normal -0.0156715 3.01054e-21 0.999877
    outer loop
      vertex 8 -4 2.9
      vertex 7.93875 6 2.89904
      vertex 7.93875 -4 2.89904
    endloop
  endfacet
  facet normal -0.818318 0 0.574765
    outer loop
      vertex 6.38721 -4 2.04605
      vertex 6.42242 6 2.09618
      vertex 6.38721 6 2.04605
    endloop
  endfacet
  facet normal -0.818318 0 0.574765
    outer loop
      vertex 6.42242 6 2.09618
      vertex 6.38721 -4 2.04605
      vertex 6.42242 -4 2.09618
    endloop
  endfacet
  facet normal 0.0156715 -4.90081e-21 0.999877
    outer loop
      vertex 8 6 2.9
      vertex 8.06125 -4 2.89904
      vertex 8.06125 6 2.89904
    endloop
  endfacet
  facet normal 0.0156715 -4.90081e-21 0.999877
    outer loop
      vertex 8.06125 -4 2.89904
      vertex 8 6 2.9
      vertex 8 -4 2.9
    endloop
  endfacet
  facet normal -0.0783694 -3.57177e-20 0.996924
    outer loop
      vertex 7.8165 6 2.89135
      vertex 7.87756 -4 2.89615
      vertex 7.87756 6 2.89615
    endloop
  endfacet
  facet normal -0.0783694 -3.57177e-20 0.996924
    outer loop
      vertex 7.87756 -4 2.89615
      vertex 7.8165 6 2.89135
      vertex 7.8165 -4 2.89135
    endloop
  endfacet
  facet normal -0.549302 -1.66172e-19 0.835624
    outer loop
      vertex 6.90395 6 2.56279
      vertex 6.95514 -4 2.59644
      vertex 6.95514 6 2.59644
    endloop
  endfacet
  facet normal -0.549302 -1.66172e-19 0.835624
    outer loop
      vertex 6.95514 -4 2.59644
      vertex 6.90395 6 2.56279
      vertex 6.90395 -4 2.56279
    endloop
  endfacet
  facet normal -0.94617 0 -0.323671
    outer loop
      vertex 6.16528 -4 0.289462
      vertex 6.14545 6 0.34743
      vertex 6.16528 6 0.289462
    endloop
  endfacet
  facet normal -0.94617 -0 -0.323671
    outer loop
      vertex 6.14545 6 0.34743
      vertex 6.16528 -4 0.289462
      vertex 6.14545 -4 0.34743
    endloop
  endfacet
  facet normal -0.171885 7.17445e-20 0.985117
    outer loop
      vertex 7.63461 6 2.86545
      vertex 7.69496 -4 2.87598
      vertex 7.69496 6 2.87598
    endloop
  endfacet
  facet normal -0.171885 7.17445e-20 0.985117
    outer loop
      vertex 7.69496 -4 2.87598
      vertex 7.63461 6 2.86545
      vertex 7.63461 -4 2.86545
    endloop
  endfacet
  facet normal 0.993945 -0 0.109876
    outer loop
      vertex 9.93462 -4 1.19438
      vertex 9.94135 6 1.1335
      vertex 9.93462 6 1.19438
    endloop
  endfacet
  facet normal 0.993945 0 0.109876
    outer loop
      vertex 9.94135 6 1.1335
      vertex 9.93462 -4 1.19438
      vertex 9.94135 -4 1.1335
    endloop
  endfacet
  facet normal 0.718199 -0 0.695837
    outer loop
      vertex 9.37885 -4 2.32885
      vertex 9.42148 6 2.28485
      vertex 9.37885 6 2.32885
    endloop
  endfacet
  facet normal 0.718199 0 0.695837
    outer loop
      vertex 9.42148 6 2.28485
      vertex 9.37885 -4 2.32885
      vertex 9.42148 -4 2.28485
    endloop
  endfacet
  facet normal -0.52242 -2.62352e-20 0.852688
    outer loop
      vertex 6.95514 6 2.59644
      vertex 7.00737 -4 2.62844
      vertex 7.00737 6 2.62844
    endloop
  endfacet
  facet normal -0.52242 -2.62352e-20 0.852688
    outer loop
      vertex 7.00737 -4 2.62844
      vertex 6.95514 6 2.59644
      vertex 6.95514 -4 2.59644
    endloop
  endfacet
  facet normal 0.990006 0 -0.141026
    outer loop
      vertex 9.93462 -4 0.705615
      vertex 9.92598 6 0.644962
      vertex 9.93462 6 0.705615
    endloop
  endfacet
  facet normal 0.990006 0 -0.141026
    outer loop
      vertex 9.92598 6 0.644962
      vertex 9.93462 -4 0.705615
      vertex 9.92598 -4 0.644962
    endloop
  endfacet
  facet normal -0.964528 0 -0.263979
    outer loop
      vertex 6.12744 -4 0.405978
      vertex 6.11127 6 0.46506
      vertex 6.12744 6 0.405978
    endloop
  endfacet
  facet normal -0.964528 -0 -0.263979
    outer loop
      vertex 6.11127 6 0.46506
      vertex 6.12744 -4 0.405978
      vertex 6.11127 -4 0.46506
    endloop
  endfacet
  facet normal -0.109876 -1.24041e-20 0.993945
    outer loop
      vertex 7.75562 6 2.88462
      vertex 7.8165 -4 2.89135
      vertex 7.8165 6 2.89135
    endloop
  endfacet
  facet normal -0.109876 -1.24041e-20 0.993945
    outer loop
      vertex 7.8165 -4 2.89135
      vertex 7.75562 6 2.88462
      vertex 7.75562 -4 2.88462
    endloop
  endfacet
  facet normal 0.60047 -7.7414e-20 0.799647
    outer loop
      vertex 9.14618 6 2.52758
      vertex 9.19516 -4 2.4908
      vertex 9.19516 6 2.4908
    endloop
  endfacet
  facet normal 0.60047 -7.7414e-20 0.799647
    outer loop
      vertex 9.19516 -4 2.4908
      vertex 9.14618 6 2.52758
      vertex 9.14618 -4 2.52758
    endloop
  endfacet
  facet normal 0.972375 -0 0.233422
    outer loop
      vertex 9.88873 -4 1.43494
      vertex 9.90303 6 1.37537
      vertex 9.88873 6 1.43494
    endloop
  endfacet
  facet normal 0.972375 0 0.233422
    outer loop
      vertex 9.90303 6 1.37537
      vertex 9.88873 -4 1.43494
      vertex 9.90303 -4 1.37537
    endloop
  endfacet
  facet normal -0.14101 -1.57333e-20 0.990008
    outer loop
      vertex 7.69496 6 2.87598
      vertex 7.75562 -4 2.88462
      vertex 7.75562 6 2.88462
    endloop
  endfacet
  facet normal -0.14101 -1.57333e-20 0.990008
    outer loop
      vertex 7.75562 -4 2.88462
      vertex 7.69496 6 2.87598
      vertex 7.69496 -4 2.87598
    endloop
  endfacet
  facet normal 0.996925 0 -0.078363
    outer loop
      vertex 9.94615 -4 0.827563
      vertex 9.94135 6 0.766498
      vertex 9.94615 6 0.827563
    endloop
  endfacet
  facet normal 0.996925 0 -0.078363
    outer loop
      vertex 9.94135 6 0.766498
      vertex 9.94615 -4 0.827563
      vertex 9.94135 -4 0.766498
    endloop
  endfacet
  facet normal 0.294006 -7.77759e-20 0.955804
    outer loop
      vertex 8.54402 6 2.82256
      vertex 8.60257 -4 2.80455
      vertex 8.60257 6 2.80455
    endloop
  endfacet
  facet normal 0.294006 -7.77759e-20 0.955804
    outer loop
      vertex 8.60257 -4 2.80455
      vertex 8.54402 6 2.82256
      vertex 8.54402 -4 2.82256
    endloop
  endfacet
  facet normal -0.88373 0 -0.467998
    outer loop
      vertex 6.29121 -4 0.0105927
      vertex 6.26254 6 0.0647308
      vertex 6.29121 6 0.0105927
    endloop
  endfacet
  facet normal -0.88373 -0 -0.467998
    outer loop
      vertex 6.26254 6 0.0647308
      vertex 6.29121 -4 0.0105927
      vertex 6.26254 -4 0.0647308
    endloop
  endfacet
  facet normal -0.467985 -1.11702e-19 0.883736
    outer loop
      vertex 7.06059 6 2.65879
      vertex 7.11473 -4 2.68746
      vertex 7.11473 6 2.68746
    endloop
  endfacet
  facet normal -0.467985 -1.11702e-19 0.883736
    outer loop
      vertex 7.11473 -4 2.68746
      vertex 7.06059 6 2.65879
      vertex 7.06059 -4 2.65879
    endloop
  endfacet
  facet normal -0.263988 -3.17212e-20 0.964526
    outer loop
      vertex 7.45598 6 2.82256
      vertex 7.51506 -4 2.83873
      vertex 7.51506 6 2.83873
    endloop
  endfacet
  facet normal -0.263988 -3.17212e-20 0.964526
    outer loop
      vertex 7.51506 -4 2.83873
      vertex 7.45598 6 2.82256
      vertex 7.45598 -4 2.82256
    endloop
  endfacet
  facet normal 0.868675 -0 0.495383
    outer loop
      vertex 9.67844 -4 1.94263
      vertex 9.70879 6 1.88941
      vertex 9.67844 6 1.94263
    endloop
  endfacet
  facet normal 0.868675 0 0.495383
    outer loop
      vertex 9.70879 6 1.88941
      vertex 9.67844 -4 1.94263
      vertex 9.70879 -4 1.88941
    endloop
  endfacet
  facet normal -0.868286 0 -0.496063
    outer loop
      vertex 6.29726 -4 3.05176e-06
      vertex 6.29121 6 0.0105927
      vertex 6.29726 6 3.05176e-06
    endloop
  endfacet
  facet normal -0.868286 -0 -0.496063
    outer loop
      vertex 6.29121 6 0.0105927
      vertex 6.29726 -4 3.05176e-06
      vertex 6.29121 -4 0.0105927
    endloop
  endfacet
  facet normal 0.883736 -0 0.467985
    outer loop
      vertex 9.70879 -4 1.88941
      vertex 9.73746 6 1.83527
      vertex 9.70879 6 1.88941
    endloop
  endfacet
  facet normal 0.883736 0 0.467985
    outer loop
      vertex 9.73746 6 1.83527
      vertex 9.70879 -4 1.88941
      vertex 9.73746 -4 1.83527
    endloop
  endfacet
  facet normal 0.852688 -0 0.52242
    outer loop
      vertex 9.64644 -4 1.99486
      vertex 9.67844 6 1.94263
      vertex 9.64644 6 1.99486
    endloop
  endfacet
  facet normal 0.852688 0 0.52242
    outer loop
      vertex 9.67844 6 1.94263
      vertex 9.64644 -4 1.99486
      vertex 9.67844 -4 1.94263
    endloop
  endfacet
  facet normal 0.171885 -7.17445e-20 0.985117
    outer loop
      vertex 8.30504 6 2.87598
      vertex 8.36539 -4 2.86545
      vertex 8.36539 6 2.86545
    endloop
  endfacet
  facet normal 0.171885 -7.17445e-20 0.985117
    outer loop
      vertex 8.36539 -4 2.86545
      vertex 8.30504 6 2.87598
      vertex 8.30504 -4 2.87598
    endloop
  endfacet
  facet normal 0.233422 -6.5138e-20 0.972375
    outer loop
      vertex 8.42537 6 2.85303
      vertex 8.48494 -4 2.83873
      vertex 8.48494 6 2.83873
    endloop
  endfacet
  facet normal 0.233422 -6.5138e-20 0.972375
    outer loop
      vertex 8.48494 -4 2.83873
      vertex 8.42537 6 2.85303
      vertex 8.42537 -4 2.85303
    endloop
  endfacet
  facet normal -0.411539 1.4585e-19 0.911392
    outer loop
      vertex 7.16974 6 2.7144
      vertex 7.22557 -4 2.73961
      vertex 7.22557 6 2.73961
    endloop
  endfacet
  facet normal -0.411539 1.4585e-19 0.911392
    outer loop
      vertex 7.22557 -4 2.73961
      vertex 7.16974 6 2.7144
      vertex 7.16974 -4 2.7144
    endloop
  endfacet
  facet normal -0.673103 -6.86029e-20 0.739548
    outer loop
      vertex 6.66515 6 2.37148
      vertex 6.71045 -4 2.41271
      vertex 6.71045 6 2.41271
    endloop
  endfacet
  facet normal -0.673103 -6.86029e-20 0.739548
    outer loop
      vertex 6.71045 -4 2.41271
      vertex 6.66515 6 2.37148
      vertex 6.66515 -4 2.37148
    endloop
  endfacet
  facet normal 0.695837 -4.66819e-21 0.718199
    outer loop
      vertex 9.33485 6 2.37148
      vertex 9.37885 -4 2.32885
      vertex 9.37885 6 2.32885
    endloop
  endfacet
  facet normal 0.695837 -4.66819e-21 0.718199
    outer loop
      vertex 9.37885 -4 2.32885
      vertex 9.33485 6 2.37148
      vertex 9.33485 -4 2.37148
    endloop
  endfacet
  facet normal 0.985117 -0 0.171885
    outer loop
      vertex 9.91545 -4 1.31539
      vertex 9.92598 6 1.25504
      vertex 9.91545 6 1.31539
    endloop
  endfacet
  facet normal 0.985117 0 0.171885
    outer loop
      vertex 9.92598 6 1.25504
      vertex 9.91545 -4 1.31539
      vertex 9.92598 -4 1.25504
    endloop
  endfacet
  facet normal 0.935338 0 -0.353755
    outer loop
      vertex 9.83472 -4 0.289462
      vertex 9.81305 6 0.232166
      vertex 9.83472 6 0.289462
    endloop
  endfacet
  facet normal 0.935338 0 -0.353755
    outer loop
      vertex 9.81305 6 0.232166
      vertex 9.83472 -4 0.289462
      vertex 9.81305 -4 0.232166
    endloop
  endfacet
  facet normal 0.835624 -0 0.549302
    outer loop
      vertex 9.61279 -4 2.04605
      vertex 9.64644 6 1.99486
      vertex 9.61279 6 2.04605
    endloop
  endfacet
  facet normal 0.835624 0 0.549302
    outer loop
      vertex 9.64644 6 1.99486
      vertex 9.61279 -4 2.04605
      vertex 9.64644 -4 1.99486
    endloop
  endfacet
  facet normal 0.760431 -0 0.649419
    outer loop
      vertex 9.46271 -4 2.23955
      vertex 9.50249 6 2.19297
      vertex 9.46271 6 2.23955
    endloop
  endfacet
  facet normal 0.760431 0 0.649419
    outer loop
      vertex 9.50249 6 2.19297
      vertex 9.46271 -4 2.23955
      vertex 9.50249 -4 2.19297
    endloop
  endfacet
  facet normal 0.964526 -0 0.263988
    outer loop
      vertex 9.87256 -4 1.49402
      vertex 9.88873 6 1.43494
      vertex 9.87256 6 1.49402
    endloop
  endfacet
  facet normal 0.964526 0 0.263988
    outer loop
      vertex 9.88873 6 1.43494
      vertex 9.87256 -4 1.49402
      vertex 9.88873 -4 1.43494
    endloop
  endfacet
  facet normal 0.955804 -0 0.294006
    outer loop
      vertex 9.85455 -4 1.55257
      vertex 9.87256 6 1.49402
      vertex 9.85455 6 1.55257
    endloop
  endfacet
  facet normal 0.955804 0 0.294006
    outer loop
      vertex 9.87256 6 1.49402
      vertex 9.85455 -4 1.55257
      vertex 9.87256 -4 1.49402
    endloop
  endfacet
  facet normal 0.911392 -0 0.411539
    outer loop
      vertex 9.7644 -4 1.78026
      vertex 9.78961 6 1.72443
      vertex 9.7644 6 1.78026
    endloop
  endfacet
  facet normal 0.911392 0 0.411539
    outer loop
      vertex 9.78961 6 1.72443
      vertex 9.7644 -4 1.78026
      vertex 9.78961 -4 1.72443
    endloop
  endfacet
  facet normal 0.898086 -0 0.439819
    outer loop
      vertex 9.73746 -4 1.83527
      vertex 9.7644 6 1.78026
      vertex 9.73746 6 1.83527
    endloop
  endfacet
  facet normal 0.898086 0 0.439819
    outer loop
      vertex 9.7644 6 1.78026
      vertex 9.73746 -4 1.83527
      vertex 9.7644 -4 1.78026
    endloop
  endfacet
  facet normal 0.996924 -0 0.0783694
    outer loop
      vertex 9.94135 -4 1.1335
      vertex 9.94615 6 1.07244
      vertex 9.94135 6 1.1335
    endloop
  endfacet
  facet normal 0.996924 0 0.0783694
    outer loop
      vertex 9.94615 6 1.07244
      vertex 9.94135 -4 1.1335
      vertex 9.94615 -4 1.07244
    endloop
  endfacet
  facet normal 0.998887 -0 0.0471774
    outer loop
      vertex 9.94615 -4 1.07244
      vertex 9.94904 6 1.01125
      vertex 9.94615 6 1.07244
    endloop
  endfacet
  facet normal 0.998887 0 0.0471774
    outer loop
      vertex 9.94904 6 1.01125
      vertex 9.94615 -4 1.07244
      vertex 9.94904 -4 1.01125
    endloop
  endfacet
  facet normal 0.985116 0 -0.171888
    outer loop
      vertex 9.92598 -4 0.644962
      vertex 9.91545 6 0.584613
      vertex 9.92598 6 0.644962
    endloop
  endfacet
  facet normal 0.985116 0 -0.171888
    outer loop
      vertex 9.91545 6 0.584613
      vertex 9.92598 -4 0.644962
      vertex 9.91545 -4 0.584613
    endloop
  endfacet
  facet normal 0.990008 -0 0.14101
    outer loop
      vertex 9.92598 -4 1.25504
      vertex 9.93462 6 1.19438
      vertex 9.92598 6 1.25504
    endloop
  endfacet
  facet normal 0.990008 0 0.14101
    outer loop
      vertex 9.93462 6 1.19438
      vertex 9.92598 -4 1.25504
      vertex 9.93462 -4 1.19438
    endloop
  endfacet
endsolid OpenSCAD_Model
