solid OpenSCAD_Model
  facet normal -0.818046 0 0.575152
    outer loop
      vertex -0.992493 20 1.6245
      vertex -0.97081 22 1.65534
      vertex -0.992493 22 1.6245
    endloop
  endfacet
  facet normal -0.818046 0 0.575152
    outer loop
      vertex -0.97081 22 1.65534
      vertex -0.992493 20 1.6245
      vertex -0.97081 20 1.65534
    endloop
  endfacet
  facet normal 0.601599 -8.57213e-21 -0.798798
    outer loop
      vertex 0.733063 20 3.05176e-06
      vertex 0.735474 22 0.00181885
      vertex 0.735474 20 0.00181885
    endloop
  endfacet
  facet normal 0.601599 -8.57213e-21 -0.798798
    outer loop
      vertex 0.735474 22 0.00181885
      vertex 0.733063 20 3.05176e-06
      vertex 0.733063 22 3.05176e-06
    endloop
  endfacet
  facet normal -0.852658 0 -0.522469
    outer loop
      vertex -1.01318 20 0.30701
      vertex -1.03288 22 0.33916
      vertex -1.01318 22 0.30701
    endloop
  endfacet
  facet normal -0.852658 -0 -0.522469
    outer loop
      vertex -1.03288 22 0.33916
      vertex -1.01318 20 0.30701
      vertex -1.03288 20 0.33916
    endloop
  endfacet
  facet normal -0.625142 -3.86926e-19 -0.780511
    outer loop
      vertex -0.764908 20 0.0253937
      vertex -0.735474 22 0.00181885
      vertex -0.735474 20 0.00181885
    endloop
  endfacet
  facet normal -0.625142 -3.86926e-19 -0.780511
    outer loop
      vertex -0.735474 22 0.00181885
      vertex -0.764908 20 0.0253937
      vertex -0.764908 22 0.0253937
    endloop
  endfacet
  facet normal 0.233718 3.40112e-19 0.972304
    outer loop
      vertex 0.261765 22 2.1211
      vertex 0.298416 20 2.11229
      vertex 0.298416 22 2.11229
    endloop
  endfacet
  facet normal 0.233718 3.40112e-19 0.972304
    outer loop
      vertex 0.298416 20 2.11229
      vertex 0.261765 22 2.1211
      vertex 0.261765 20 2.1211
    endloop
  endfacet
  facet normal -0.293612 -2.4469e-19 0.955925
    outer loop
      vertex -0.370819 22 2.09127
      vertex -0.334778 20 2.10234
      vertex -0.334778 22 2.10234
    endloop
  endfacet
  facet normal -0.293612 -2.4469e-19 0.955925
    outer loop
      vertex -0.334778 20 2.10234
      vertex -0.370819 22 2.09127
      vertex -0.370819 20 2.09127
    endloop
  endfacet
  facet normal -0.979242 0 0.202693
    outer loop
      vertex -1.17874 20 1.17485
      vertex -1.1711 22 1.21176
      vertex -1.17874 22 1.17485
    endloop
  endfacet
  facet normal -0.979242 0 0.202693
    outer loop
      vertex -1.1711 22 1.21176
      vertex -1.17874 20 1.17485
      vertex -1.1711 20 1.21176
    endloop
  endfacet
  facet normal -0.898058 0 0.439876
    outer loop
      vertex -1.08578 20 1.46093
      vertex -1.0692 22 1.49478
      vertex -1.08578 22 1.46093
    endloop
  endfacet
  facet normal -0.898058 0 0.439876
    outer loop
      vertex -1.0692 22 1.49478
      vertex -1.08578 20 1.46093
      vertex -1.0692 20 1.49478
    endloop
  endfacet
  facet normal -0.171621 1.47184e-19 0.985163
    outer loop
      vertex -0.224854 22 2.12874
      vertex -0.187714 20 2.13521
      vertex -0.187714 22 2.13521
    endloop
  endfacet
  facet normal -0.171621 1.47184e-19 0.985163
    outer loop
      vertex -0.187714 20 2.13521
      vertex -0.224854 22 2.12874
      vertex -0.224854 20 2.12874
    endloop
  endfacet
  facet normal 0.99398 -0 0.109558
    outer loop
      vertex 1.19054 20 1.10039
      vertex 1.19467 22 1.06292
      vertex 1.19054 22 1.10039
    endloop
  endfacet
  facet normal 0.99398 0 0.109558
    outer loop
      vertex 1.19467 22 1.06292
      vertex 1.19054 20 1.10039
      vertex 1.19467 20 1.06292
    endloop
  endfacet
  facet normal -0.495499 -6.52091e-19 0.868609
    outer loop
      vertex -0.61084 22 1.98288
      vertex -0.578094 20 2.00156
      vertex -0.578094 22 2.00156
    endloop
  endfacet
  facet normal -0.495499 -6.52091e-19 0.868609
    outer loop
      vertex -0.578094 20 2.00156
      vertex -0.61084 22 1.98288
      vertex -0.61084 20 1.98288
    endloop
  endfacet
  facet normal -0.739526 0 -0.673128
    outer loop
      vertex -0.874756 20 0.128558
      vertex -0.900131 22 0.156436
      vertex -0.874756 22 0.128558
    endloop
  endfacet
  facet normal -0.739526 -0 -0.673128
    outer loop
      vertex -0.900131 22 0.156436
      vertex -0.874756 20 0.128558
      vertex -0.900131 20 0.156436
    endloop
  endfacet
  facet normal 0 0 -1
    outer loop
      vertex 1.70274 -4.5 3.05176e-06
      vertex 0.733063 20 3.05176e-06
      vertex 1.70274 20 3.05176e-06
    endloop
  endfacet
  facet normal 0 0 -1
    outer loop
      vertex 0.733063 20 3.05176e-06
      vertex -0.733063 20 3.05176e-06
      vertex 0.733063 22 3.05176e-06
    endloop
  endfacet
  facet normal 0 0 -1
    outer loop
      vertex 1.70274 -4.5 3.05176e-06
      vertex -0.733063 20 3.05176e-06
      vertex 0.733063 20 3.05176e-06
    endloop
  endfacet
  facet normal 0 0 -1
    outer loop
      vertex -1.70274 -4.5 3.05176e-06
      vertex -0.733063 20 3.05176e-06
      vertex 1.70274 -4.5 3.05176e-06
    endloop
  endfacet
  facet normal -0 0 -1
    outer loop
      vertex -0.733063 20 3.05176e-06
      vertex -1.70274 -4.5 3.05176e-06
      vertex -1.70274 20 3.05176e-06
    endloop
  endfacet
  facet normal -0 0 -1
    outer loop
      vertex 0.733063 22 3.05176e-06
      vertex -0.733063 20 3.05176e-06
      vertex -0.733063 22 3.05176e-06
    endloop
  endfacet
  facet normal -0.989956 0 -0.141373
    outer loop
      vertex -1.18521 20 0.762286
      vertex -1.19054 22 0.799609
      vertex -1.18521 22 0.762286
    endloop
  endfacet
  facet normal -0.989956 -0 -0.141373
    outer loop
      vertex -1.19054 22 0.799609
      vertex -1.18521 20 0.762286
      vertex -1.19054 20 0.799609
    endloop
  endfacet
  facet normal 0.989956 0 -0.141373
    outer loop
      vertex 1.19054 20 0.799609
      vertex 1.18521 22 0.762286
      vertex 1.19054 22 0.799609
    endloop
  endfacet
  facet normal 0.989956 0 -0.141373
    outer loop
      vertex 1.18521 22 0.762286
      vertex 1.19054 20 0.799609
      vertex 1.18521 20 0.762286
    endloop
  endfacet
  facet normal 0.695691 2.88021e-19 0.718341
    outer loop
      vertex 0.821442 22 1.82476
      vertex 0.848526 20 1.79853
      vertex 0.848526 22 1.79853
    endloop
  endfacet
  facet normal 0.695691 2.88021e-19 0.718341
    outer loop
      vertex 0.848526 20 1.79853
      vertex 0.821442 22 1.82476
      vertex 0.821442 20 1.82476
    endloop
  endfacet
  facet normal -0.718341 0 -0.695691
    outer loop
      vertex -0.848526 20 0.101474
      vertex -0.874756 22 0.128558
      vertex -0.848526 22 0.101474
    endloop
  endfacet
  facet normal -0.718341 -0 -0.695691
    outer loop
      vertex -0.874756 22 0.128558
      vertex -0.848526 20 0.101474
      vertex -0.874756 20 0.128558
    endloop
  endfacet
  facet normal -0.989955 0 0.141384
    outer loop
      vertex -1.19054 20 1.10039
      vertex -1.18521 22 1.13771
      vertex -1.19054 22 1.10039
    endloop
  endfacet
  facet normal -0.989955 0 0.141384
    outer loop
      vertex -1.18521 22 1.13771
      vertex -1.19054 20 1.10039
      vertex -1.18521 20 1.13771
    endloop
  endfacet
  facet normal -0.73955 0 0.673102
    outer loop
      vertex -0.900131 20 1.74356
      vertex -0.874756 22 1.77144
      vertex -0.900131 22 1.74356
    endloop
  endfacet
  facet normal -0.73955 0 0.673102
    outer loop
      vertex -0.874756 22 1.77144
      vertex -0.900131 20 1.74356
      vertex -0.874756 20 1.77144
    endloop
  endfacet
  facet normal 0.993982 0 -0.109541
    outer loop
      vertex 1.19467 20 0.837085
      vertex 1.19054 22 0.799609
      vertex 1.19467 22 0.837085
    endloop
  endfacet
  facet normal 0.993982 0 -0.109541
    outer loop
      vertex 1.19054 22 0.799609
      vertex 1.19467 20 0.837085
      vertex 1.19054 20 0.799609
    endloop
  endfacet
  facet normal -0.935476 0 0.35339
    outer loop
      vertex -1.12904 20 1.35648
      vertex -1.11572 22 1.39174
      vertex -1.12904 22 1.35648
    endloop
  endfacet
  facet normal -0.935476 0 0.35339
    outer loop
      vertex -1.11572 22 1.39174
      vertex -1.12904 20 1.35648
      vertex -1.11572 20 1.39174
    endloop
  endfacet
  facet normal 0.852658 -0 0.522469
    outer loop
      vertex 1.01318 20 1.59299
      vertex 1.03288 22 1.56084
      vertex 1.01318 22 1.59299
    endloop
  endfacet
  facet normal 0.852658 0 0.522469
    outer loop
      vertex 1.03288 22 1.56084
      vertex 1.01318 20 1.59299
      vertex 1.03288 20 1.56084
    endloop
  endfacet
  facet normal -0.673133 -6.03096e-19 -0.739522
    outer loop
      vertex -0.821442 20 0.0752441
      vertex -0.793564 22 0.0498688
      vertex -0.793564 20 0.0498688
    endloop
  endfacet
  facet normal -0.673133 -6.03096e-19 -0.739522
    outer loop
      vertex -0.793564 22 0.0498688
      vertex -0.821442 20 0.0752441
      vertex -0.821442 22 0.0752441
    endloop
  endfacet
  facet normal -0.649457 6.66802e-19 -0.760399
    outer loop
      vertex -0.793564 20 0.0498688
      vertex -0.764908 22 0.0253937
      vertex -0.764908 20 0.0253937
    endloop
  endfacet
  facet normal -0.649457 6.66802e-19 -0.760399
    outer loop
      vertex -0.764908 22 0.0253937
      vertex -0.793564 20 0.0498688
      vertex -0.793564 22 0.0498688
    endloop
  endfacet
  facet normal -0.0785489 -7.72034e-20 0.99691
    outer loop
      vertex -0.112915 22 2.14467
      vertex -0.0753479 20 2.14763
      vertex -0.0753479 22 2.14763
    endloop
  endfacet
  facet normal -0.0785489 -7.72034e-20 0.99691
    outer loop
      vertex -0.0753479 20 2.14763
      vertex -0.112915 22 2.14467
      vertex -0.112915 20 2.14467
    endloop
  endfacet
  facet normal -0.985163 0 -0.171621
    outer loop
      vertex -1.17874 20 0.725146
      vertex -1.18521 22 0.762286
      vertex -1.17874 22 0.725146
    endloop
  endfacet
  facet normal -0.985163 -0 -0.171621
    outer loop
      vertex -1.18521 22 0.762286
      vertex -1.17874 20 0.725146
      vertex -1.18521 20 0.762286
    endloop
  endfacet
  facet normal -0.263934 7.58628e-22 0.964541
    outer loop
      vertex -0.334778 22 2.10234
      vertex -0.298416 20 2.11229
      vertex -0.298416 22 2.11229
    endloop
  endfacet
  facet normal -0.263934 7.58628e-22 0.964541
    outer loop
      vertex -0.298416 20 2.11229
      vertex -0.334778 22 2.10234
      vertex -0.334778 20 2.10234
    endloop
  endfacet
  facet normal 0.868635 -0 0.495453
    outer loop
      vertex 1.03288 20 1.56084
      vertex 1.05156 22 1.52809
      vertex 1.03288 22 1.56084
    endloop
  endfacet
  facet normal 0.868635 0 0.495453
    outer loop
      vertex 1.05156 22 1.52809
      vertex 1.03288 20 1.56084
      vertex 1.05156 20 1.52809
    endloop
  endfacet
  facet normal -0.999873 0 -0.0159177
    outer loop
      vertex -1.1994 20 0.912311
      vertex -1.2 22 0.95
      vertex -1.1994 22 0.912311
    endloop
  endfacet
  facet normal -0.999873 -0 -0.0159177
    outer loop
      vertex -1.2 22 0.95
      vertex -1.1994 20 0.912311
      vertex -1.2 20 0.95
    endloop
  endfacet
  facet normal 0.649532 -6.16824e-19 0.760334
    outer loop
      vertex 0.764908 22 1.87461
      vertex 0.793564 20 1.85013
      vertex 0.793564 22 1.85013
    endloop
  endfacet
  facet normal 0.649532 -6.16824e-19 0.760334
    outer loop
      vertex 0.793564 20 1.85013
      vertex 0.764908 22 1.87461
      vertex 0.764908 20 1.87461
    endloop
  endfacet
  facet normal 0.69569 5.71351e-19 -0.718343
    outer loop
      vertex 0.821442 20 0.0752441
      vertex 0.848526 22 0.101474
      vertex 0.848526 20 0.101474
    endloop
  endfacet
  facet normal 0.69569 5.71351e-19 -0.718343
    outer loop
      vertex 0.848526 22 0.101474
      vertex 0.821442 20 0.0752441
      vertex 0.821442 22 0.0752441
    endloop
  endfacet
  facet normal -0.923907 0 0.382617
    outer loop
      vertex -1.11572 20 1.39174
      vertex -1.1013 22 1.42656
      vertex -1.11572 22 1.39174
    endloop
  endfacet
  facet normal -0.923907 0 0.382617
    outer loop
      vertex -1.1013 22 1.42656
      vertex -1.11572 20 1.39174
      vertex -1.1013 20 1.42656
    endloop
  endfacet
  facet normal 0.923907 -0 0.382617
    outer loop
      vertex 1.1013 20 1.42656
      vertex 1.11572 22 1.39174
      vertex 1.1013 22 1.42656
    endloop
  endfacet
  facet normal 0.923907 0 0.382617
    outer loop
      vertex 1.11572 22 1.39174
      vertex 1.1013 20 1.42656
      vertex 1.11572 20 1.39174
    endloop
  endfacet
  facet normal -0.945916 0 0.324412
    outer loop
      vertex -1.14127 20 1.32082
      vertex -1.12904 22 1.35648
      vertex -1.14127 22 1.32082
    endloop
  endfacet
  facet normal -0.945916 0 0.324412
    outer loop
      vertex -1.12904 22 1.35648
      vertex -1.14127 20 1.32082
      vertex -1.12904 20 1.35648
    endloop
  endfacet
  facet normal -0.99398 0 0.109558
    outer loop
      vertex -1.19467 20 1.06292
      vertex -1.19054 22 1.10039
      vertex -1.19467 22 1.06292
    endloop
  endfacet
  facet normal -0.99398 0 0.109558
    outer loop
      vertex -1.19054 22 1.10039
      vertex -1.19467 20 1.06292
      vertex -1.19054 20 1.10039
    endloop
  endfacet
  facet normal -0.911354 0 -0.411624
    outer loop
      vertex -1.08578 20 0.439075
      vertex -1.1013 22 0.473437
      vertex -1.08578 22 0.439075
    endloop
  endfacet
  facet normal -0.911354 -0 -0.411624
    outer loop
      vertex -1.1013 22 0.473437
      vertex -1.08578 20 0.439075
      vertex -1.1013 20 0.473437
    endloop
  endfacet
  facet normal -0.69569 -5.71351e-19 -0.718343
    outer loop
      vertex -0.848526 20 0.101474
      vertex -0.821442 22 0.0752441
      vertex -0.821442 20 0.0752441
    endloop
  endfacet
  facet normal -0.69569 -5.71351e-19 -0.718343
    outer loop
      vertex -0.821442 22 0.0752441
      vertex -0.848526 20 0.101474
      vertex -0.848526 22 0.101474
    endloop
  endfacet
  facet normal -0.780509 0 -0.625144
    outer loop
      vertex -0.924606 20 0.185092
      vertex -0.948181 22 0.214526
      vertex -0.924606 22 0.185092
    endloop
  endfacet
  facet normal -0.780509 -0 -0.625144
    outer loop
      vertex -0.948181 22 0.214526
      vertex -0.924606 20 0.185092
      vertex -0.948181 20 0.214526
    endloop
  endfacet
  facet normal -0.7604 0 -0.649455
    outer loop
      vertex -0.900131 20 0.156436
      vertex -0.924606 22 0.185092
      vertex -0.900131 22 0.156436
    endloop
  endfacet
  facet normal -0.7604 -0 -0.649455
    outer loop
      vertex -0.924606 22 0.185092
      vertex -0.900131 20 0.156436
      vertex -0.924606 20 0.185092
    endloop
  endfacet
  facet normal 0.964537 -0 0.263948
    outer loop
      vertex 1.15234 20 1.28478
      vertex 1.16229 22 1.24842
      vertex 1.15234 22 1.28478
    endloop
  endfacet
  facet normal 0.964537 0 0.263948
    outer loop
      vertex 1.16229 22 1.24842
      vertex 1.15234 20 1.28478
      vertex 1.16229 20 1.24842
    endloop
  endfacet
  facet normal -0.625064 4.13844e-19 0.780574
    outer loop
      vertex -0.764908 22 1.87461
      vertex -0.735474 20 1.89818
      vertex -0.735474 22 1.89818
    endloop
  endfacet
  facet normal -0.625064 4.13844e-19 0.780574
    outer loop
      vertex -0.735474 20 1.89818
      vertex -0.764908 22 1.87461
      vertex -0.764908 20 1.87461
    endloop
  endfacet
  facet normal 0.835944 0 -0.548815
    outer loop
      vertex 1.01318 20 0.30701
      vertex 0.992493 22 0.2755
      vertex 1.01318 22 0.30701
    endloop
  endfacet
  facet normal 0.835944 0 -0.548815
    outer loop
      vertex 0.992493 22 0.2755
      vertex 1.01318 20 0.30701
      vertex 0.992493 20 0.2755
    endloop
  endfacet
  facet normal 0.0785489 7.72034e-20 0.99691
    outer loop
      vertex 0.0753479 22 2.14763
      vertex 0.112915 20 2.14467
      vertex 0.112915 22 2.14467
    endloop
  endfacet
  facet normal 0.0785489 7.72034e-20 0.99691
    outer loop
      vertex 0.112915 20 2.14467
      vertex 0.0753479 22 2.14763
      vertex 0.0753479 20 2.14763
    endloop
  endfacet
  facet normal 0.999873 0 -0.0159177
    outer loop
      vertex 1.2 20 0.95
      vertex 1.1994 22 0.912311
      vertex 1.2 22 0.95
    endloop
  endfacet
  facet normal 0.999873 0 -0.0159177
    outer loop
      vertex 1.1994 22 0.912311
      vertex 1.2 20 0.95
      vertex 1.1994 20 0.912311
    endloop
  endfacet
  facet normal -0.985163 0 0.171621
    outer loop
      vertex -1.18521 20 1.13771
      vertex -1.17874 22 1.17485
      vertex -1.18521 22 1.13771
    endloop
  endfacet
  facet normal -0.985163 0 0.171621
    outer loop
      vertex -1.17874 22 1.17485
      vertex -1.18521 20 1.13771
      vertex -1.17874 20 1.17485
    endloop
  endfacet
  facet normal 0.99691 0 -0.0785491
    outer loop
      vertex 1.19763 20 0.874652
      vertex 1.19467 22 0.837085
      vertex 1.19763 22 0.874652
    endloop
  endfacet
  facet normal 0.99691 0 -0.0785491
    outer loop
      vertex 1.19467 22 0.837085
      vertex 1.19763 20 0.874652
      vertex 1.19467 20 0.837085
    endloop
  endfacet
  facet normal -0.972304 0 -0.233718
    outer loop
      vertex -1.16229 20 0.651584
      vertex -1.1711 22 0.688235
      vertex -1.16229 22 0.651584
    endloop
  endfacet
  facet normal -0.972304 -0 -0.233718
    outer loop
      vertex -1.1711 22 0.688235
      vertex -1.16229 20 0.651584
      vertex -1.1711 20 0.688235
    endloop
  endfacet
  facet normal -0.673056 -5.77133e-19 0.739592
    outer loop
      vertex -0.821442 22 1.82476
      vertex -0.793564 20 1.85013
      vertex -0.793564 22 1.85013
    endloop
  endfacet
  facet normal -0.673056 -5.77133e-19 0.739592
    outer loop
      vertex -0.793564 20 1.85013
      vertex -0.821442 22 1.82476
      vertex -0.821442 20 1.82476
    endloop
  endfacet
  facet normal 0.439771 2.97932e-20 0.89811
    outer loop
      vertex 0.510925 22 2.03578
      vertex 0.544785 20 2.0192
      vertex 0.544785 22 2.0192
    endloop
  endfacet
  facet normal 0.439771 2.97932e-20 0.89811
    outer loop
      vertex 0.544785 20 2.0192
      vertex 0.510925 22 2.03578
      vertex 0.510925 20 2.03578
    endloop
  endfacet
  facet normal -0.780571 0 0.625067
    outer loop
      vertex -0.948181 20 1.68547
      vertex -0.924606 22 1.71491
      vertex -0.948181 22 1.68547
    endloop
  endfacet
  facet normal -0.780571 0 0.625067
    outer loop
      vertex -0.924606 22 1.71491
      vertex -0.948181 20 1.68547
      vertex -0.924606 20 1.71491
    endloop
  endfacet
  facet normal 0.945916 -0 0.324412
    outer loop
      vertex 1.12904 20 1.35648
      vertex 1.14127 22 1.32082
      vertex 1.12904 22 1.35648
    endloop
  endfacet
  facet normal 0.945916 0 0.324412
    outer loop
      vertex 1.14127 22 1.32082
      vertex 1.12904 20 1.35648
      vertex 1.14127 20 1.32082
    endloop
  endfacet
  facet normal -0.522469 -5.94463e-19 0.852658
    outer loop
      vertex -0.64299 22 1.96318
      vertex -0.61084 20 1.98288
      vertex -0.61084 22 1.98288
    endloop
  endfacet
  facet normal -0.522469 -5.94463e-19 0.852658
    outer loop
      vertex -0.61084 20 1.98288
      vertex -0.64299 22 1.96318
      vertex -0.64299 20 1.96318
    endloop
  endfacet
  facet normal 0.799656 0 -0.600458
    outer loop
      vertex 0.97081 20 0.244662
      vertex 0.948181 22 0.214526
      vertex 0.97081 22 0.244662
    endloop
  endfacet
  facet normal 0.799656 0 -0.600458
    outer loop
      vertex 0.948181 22 0.214526
      vertex 0.97081 20 0.244662
      vertex 0.948181 20 0.214526
    endloop
  endfacet
  facet normal 0.649457 -6.66802e-19 -0.760399
    outer loop
      vertex 0.764908 20 0.0253937
      vertex 0.793564 22 0.0498688
      vertex 0.793564 20 0.0498688
    endloop
  endfacet
  facet normal 0.649457 -6.66802e-19 -0.760399
    outer loop
      vertex 0.793564 22 0.0498688
      vertex 0.764908 20 0.0253937
      vertex 0.764908 22 0.0253937
    endloop
  endfacet
  facet normal 0.109541 -5.42262e-20 0.993982
    outer loop
      vertex 0.112915 22 2.14467
      vertex 0.150391 20 2.14054
      vertex 0.150391 22 2.14054
    endloop
  endfacet
  facet normal 0.109541 -5.42262e-20 0.993982
    outer loop
      vertex 0.150391 20 2.14054
      vertex 0.112915 22 2.14467
      vertex 0.112915 20 2.14467
    endloop
  endfacet
  facet normal -0.760333 0 0.649534
    outer loop
      vertex -0.924606 20 1.71491
      vertex -0.900131 22 1.74356
      vertex -0.924606 22 1.71491
    endloop
  endfacet
  facet normal -0.760333 0 0.649534
    outer loop
      vertex -0.900131 22 1.74356
      vertex -0.924606 20 1.71491
      vertex -0.900131 20 1.74356
    endloop
  endfacet
  facet normal 0.202688 -1.51345e-19 0.979243
    outer loop
      vertex 0.224854 22 2.12874
      vertex 0.261765 20 2.1211
      vertex 0.261765 22 2.1211
    endloop
  endfacet
  facet normal 0.202688 -1.51345e-19 0.979243
    outer loop
      vertex 0.261765 20 2.1211
      vertex 0.224854 22 2.12874
      vertex 0.224854 20 2.12874
    endloop
  endfacet
  facet normal -0.835944 0 0.548815
    outer loop
      vertex -1.01318 20 1.59299
      vertex -0.992493 22 1.6245
      vertex -1.01318 22 1.59299
    endloop
  endfacet
  facet normal -0.835944 0 0.548815
    outer loop
      vertex -0.992493 22 1.6245
      vertex -1.01318 20 1.59299
      vertex -0.992493 20 1.6245
    endloop
  endfacet
  facet normal -0.353364 -2.37184e-19 0.935486
    outer loop
      vertex -0.441742 22 2.06572
      vertex -0.406479 20 2.07904
      vertex -0.406479 22 2.07904
    endloop
  endfacet
  facet normal -0.353364 -2.37184e-19 0.935486
    outer loop
      vertex -0.406479 20 2.07904
      vertex -0.441742 22 2.06572
      vertex -0.441742 20 2.06572
    endloop
  endfacet
  facet normal 0.89811 0 -0.439771
    outer loop
      vertex 1.08578 20 0.439075
      vertex 1.0692 22 0.405215
      vertex 1.08578 22 0.439075
    endloop
  endfacet
  facet normal 0.89811 0 -0.439771
    outer loop
      vertex 1.0692 22 0.405215
      vertex 1.08578 20 0.439075
      vertex 1.0692 20 0.405215
    endloop
  endfacet
  facet normal -0.88373 0 0.467997
    outer loop
      vertex -1.0692 20 1.49478
      vertex -1.05156 22 1.52809
      vertex -1.0692 22 1.49478
    endloop
  endfacet
  facet normal -0.88373 0 0.467997
    outer loop
      vertex -1.05156 22 1.52809
      vertex -1.0692 20 1.49478
      vertex -1.05156 20 1.52809
    endloop
  endfacet
  facet normal 0.718418 -0 0.695611
    outer loop
      vertex 0.848526 20 1.79853
      vertex 0.874756 22 1.77144
      vertex 0.848526 22 1.79853
    endloop
  endfacet
  facet normal 0.718418 0 0.695611
    outer loop
      vertex 0.874756 22 1.77144
      vertex 0.848526 20 1.79853
      vertex 0.874756 20 1.77144
    endloop
  endfacet
  facet normal -0.964537 0 0.263948
    outer loop
      vertex -1.16229 20 1.24842
      vertex -1.15234 22 1.28478
      vertex -1.16229 22 1.24842
    endloop
  endfacet
  facet normal -0.964537 0 0.263948
    outer loop
      vertex -1.15234 22 1.28478
      vertex -1.16229 20 1.24842
      vertex -1.15234 20 1.28478
    endloop
  endfacet
  facet normal -0.998897 0 0.0469464
    outer loop
      vertex -1.1994 20 0.987689
      vertex -1.19763 22 1.02535
      vertex -1.1994 22 0.987689
    endloop
  endfacet
  facet normal -0.998897 0 0.0469464
    outer loop
      vertex -1.19763 22 1.02535
      vertex -1.1994 20 0.987689
      vertex -1.19763 20 1.02535
    endloop
  endfacet
  facet normal -0.955922 0 0.29362
    outer loop
      vertex -1.15234 20 1.28478
      vertex -1.14127 22 1.32082
      vertex -1.15234 22 1.28478
    endloop
  endfacet
  facet normal -0.955922 0 0.29362
    outer loop
      vertex -1.14127 22 1.32082
      vertex -1.15234 20 1.28478
      vertex -1.14127 20 1.32082
    endloop
  endfacet
  facet normal -0.718418 0 0.695611
    outer loop
      vertex -0.874756 20 1.77144
      vertex -0.848526 22 1.79853
      vertex -0.874756 22 1.77144
    endloop
  endfacet
  facet normal -0.718418 0 0.695611
    outer loop
      vertex -0.848526 22 1.79853
      vertex -0.874756 20 1.77144
      vertex -0.848526 20 1.79853
    endloop
  endfacet
  facet normal -0.695691 -2.88021e-19 0.718341
    outer loop
      vertex -0.848526 22 1.79853
      vertex -0.821442 20 1.82476
      vertex -0.821442 22 1.82476
    endloop
  endfacet
  facet normal -0.695691 -2.88021e-19 0.718341
    outer loop
      vertex -0.821442 20 1.82476
      vertex -0.848526 22 1.79853
      vertex -0.848526 20 1.79853
    endloop
  endfacet
  facet normal -0.439771 -2.97932e-20 0.89811
    outer loop
      vertex -0.544785 22 2.0192
      vertex -0.510925 20 2.03578
      vertex -0.510925 22 2.03578
    endloop
  endfacet
  facet normal -0.439771 -2.97932e-20 0.89811
    outer loop
      vertex -0.510925 20 2.03578
      vertex -0.544785 22 2.0192
      vertex -0.544785 20 2.0192
    endloop
  endfacet
  facet normal -0.91139 0 0.411544
    outer loop
      vertex -1.1013 20 1.42656
      vertex -1.08578 22 1.46093
      vertex -1.1013 22 1.42656
    endloop
  endfacet
  facet normal -0.91139 0 0.411544
    outer loop
      vertex -1.08578 22 1.46093
      vertex -1.1013 20 1.42656
      vertex -1.08578 20 1.46093
    endloop
  endfacet
  facet normal 0.0159177 -2.16522e-20 0.999873
    outer loop
      vertex 0 22 2.15
      vertex 0.0376892 20 2.1494
      vertex 0.0376892 22 2.1494
    endloop
  endfacet
  facet normal 0.0159177 -2.16522e-20 0.999873
    outer loop
      vertex 0.0376892 20 2.1494
      vertex 0 22 2.15
      vertex 0 20 2.15
    endloop
  endfacet
  facet normal 0.522469 5.94463e-19 0.852658
    outer loop
      vertex 0.61084 22 1.98288
      vertex 0.64299 20 1.96318
      vertex 0.64299 22 1.96318
    endloop
  endfacet
  facet normal 0.522469 5.94463e-19 0.852658
    outer loop
      vertex 0.64299 20 1.96318
      vertex 0.61084 22 1.98288
      vertex 0.61084 20 1.98288
    endloop
  endfacet
  facet normal -0.999873 0 0.0159177
    outer loop
      vertex -1.2 20 0.95
      vertex -1.1994 22 0.987689
      vertex -1.2 22 0.95
    endloop
  endfacet
  facet normal -0.999873 0 0.0159177
    outer loop
      vertex -1.1994 22 0.987689
      vertex -1.2 20 0.95
      vertex -1.1994 20 0.987689
    endloop
  endfacet
  facet normal -0.799599 0 0.600535
    outer loop
      vertex -0.97081 20 1.65534
      vertex -0.948181 22 1.68547
      vertex -0.97081 22 1.65534
    endloop
  endfacet
  facet normal -0.799599 0 0.600535
    outer loop
      vertex -0.948181 22 1.68547
      vertex -0.97081 20 1.65534
      vertex -0.948181 20 1.68547
    endloop
  endfacet
  facet normal 0.818029 0 -0.575177
    outer loop
      vertex 0.992493 20 0.2755
      vertex 0.97081 22 0.244662
      vertex 0.992493 22 0.2755
    endloop
  endfacet
  facet normal 0.818029 0 -0.575177
    outer loop
      vertex 0.97081 22 0.244662
      vertex 0.992493 20 0.2755
      vertex 0.97081 20 0.244662
    endloop
  endfacet
  facet normal 0.548871 6.77205e-19 0.835907
    outer loop
      vertex 0.64299 22 1.96318
      vertex 0.6745 20 1.94249
      vertex 0.6745 22 1.94249
    endloop
  endfacet
  facet normal 0.548871 6.77205e-19 0.835907
    outer loop
      vertex 0.6745 20 1.94249
      vertex 0.64299 22 1.96318
      vertex 0.64299 20 1.96318
    endloop
  endfacet
  facet normal -0.852658 0 0.522469
    outer loop
      vertex -1.03288 20 1.56084
      vertex -1.01318 22 1.59299
      vertex -1.03288 22 1.56084
    endloop
  endfacet
  facet normal -0.852658 0 0.522469
    outer loop
      vertex -1.01318 22 1.59299
      vertex -1.03288 20 1.56084
      vertex -1.01318 20 1.59299
    endloop
  endfacet
  facet normal -0.883724 0 -0.468008
    outer loop
      vertex -1.05156 20 0.371906
      vertex -1.0692 22 0.405215
      vertex -1.05156 22 0.371906
    endloop
  endfacet
  facet normal -0.883724 -0 -0.468008
    outer loop
      vertex -1.0692 22 0.405215
      vertex -1.05156 20 0.371906
      vertex -1.0692 20 0.405215
    endloop
  endfacet
  facet normal 0.883724 0 -0.468008
    outer loop
      vertex 1.0692 20 0.405215
      vertex 1.05156 22 0.371906
      vertex 1.0692 22 0.405215
    endloop
  endfacet
  facet normal 0.883724 0 -0.468008
    outer loop
      vertex 1.05156 22 0.371906
      vertex 1.0692 20 0.405215
      vertex 1.05156 20 0.371906
    endloop
  endfacet
  facet normal 0.625142 3.86926e-19 -0.780511
    outer loop
      vertex 0.735474 20 0.00181885
      vertex 0.764908 22 0.0253937
      vertex 0.764908 20 0.0253937
    endloop
  endfacet
  facet normal 0.625142 3.86926e-19 -0.780511
    outer loop
      vertex 0.764908 22 0.0253937
      vertex 0.735474 20 0.00181885
      vertex 0.735474 22 0.00181885
    endloop
  endfacet
  facet normal 0.972304 0 -0.233718
    outer loop
      vertex 1.1711 20 0.688235
      vertex 1.16229 22 0.651584
      vertex 1.1711 22 0.688235
    endloop
  endfacet
  facet normal 0.972304 0 -0.233718
    outer loop
      vertex 1.16229 22 0.651584
      vertex 1.1711 20 0.688235
      vertex 1.16229 20 0.651584
    endloop
  endfacet
  facet normal -0.89811 0 -0.439771
    outer loop
      vertex -1.0692 20 0.405215
      vertex -1.08578 22 0.439075
      vertex -1.0692 22 0.405215
    endloop
  endfacet
  facet normal -0.89811 -0 -0.439771
    outer loop
      vertex -1.08578 22 0.439075
      vertex -1.0692 20 0.405215
      vertex -1.08578 20 0.439075
    endloop
  endfacet
  facet normal 0.91139 -0 0.411544
    outer loop
      vertex 1.08578 20 1.46093
      vertex 1.1013 22 1.42656
      vertex 1.08578 22 1.46093
    endloop
  endfacet
  facet normal 0.91139 0 0.411544
    outer loop
      vertex 1.1013 22 1.42656
      vertex 1.08578 20 1.46093
      vertex 1.1013 20 1.42656
    endloop
  endfacet
  facet normal 0 1 0
    outer loop
      vertex 0 20 2.15
      vertex 0 20 2.9
      vertex 0.0612488 20 2.89904
    endloop
  endfacet
  facet normal 0 1 0
    outer loop
      vertex 0.0376892 20 2.1494
      vertex 0.0612488 20 2.89904
      vertex 0.122437 20 2.89615
    endloop
  endfacet
  facet normal 0 1 0
    outer loop
      vertex 0 20 2.9
      vertex 0 20 2.15
      vertex -0.0612488 20 2.89904
    endloop
  endfacet
  facet normal 0 1 0
    outer loop
      vertex 0.0753479 20 2.14763
      vertex 0.122437 20 2.89615
      vertex 0.183502 20 2.89135
    endloop
  endfacet
  facet normal 0 1 -0
    outer loop
      vertex -0.0376892 20 2.1494
      vertex -0.0612488 20 2.89904
      vertex 0 20 2.15
    endloop
  endfacet
  facet normal 0 1 0
    outer loop
      vertex 0.112915 20 2.14467
      vertex 0.183502 20 2.89135
      vertex 0.244385 20 2.88462
    endloop
  endfacet
  facet normal 0 1 0
    outer loop
      vertex -0.0612488 20 2.89904
      vertex -0.0376892 20 2.1494
      vertex -0.122437 20 2.89615
    endloop
  endfacet
  facet normal 0 1 0
    outer loop
      vertex 0.150391 20 2.14054
      vertex 0.244385 20 2.88462
      vertex 0.305038 20 2.87598
    endloop
  endfacet
  facet normal 0 1 -0
    outer loop
      vertex -0.0753479 20 2.14763
      vertex -0.122437 20 2.89615
      vertex -0.0376892 20 2.1494
    endloop
  endfacet
  facet normal 0 1 0
    outer loop
      vertex 0.187714 20 2.13521
      vertex 0.305038 20 2.87598
      vertex 0.365387 20 2.86545
    endloop
  endfacet
  facet normal 0 1 0
    outer loop
      vertex -0.122437 20 2.89615
      vertex -0.0753479 20 2.14763
      vertex -0.183502 20 2.89135
    endloop
  endfacet
  facet normal 0 1 0
    outer loop
      vertex 0.224854 20 2.12874
      vertex 0.365387 20 2.86545
      vertex 0.425369 20 2.85303
    endloop
  endfacet
  facet normal 0 1 -0
    outer loop
      vertex -0.112915 20 2.14467
      vertex -0.183502 20 2.89135
      vertex -0.0753479 20 2.14763
    endloop
  endfacet
  facet normal 0 1 0
    outer loop
      vertex 0.261765 20 2.1211
      vertex 0.425369 20 2.85303
      vertex 0.48494 20 2.83873
    endloop
  endfacet
  facet normal 0 1 0
    outer loop
      vertex -0.183502 20 2.89135
      vertex -0.112915 20 2.14467
      vertex -0.244385 20 2.88462
    endloop
  endfacet
  facet normal 0 1 0
    outer loop
      vertex 0.298416 20 2.11229
      vertex 0.48494 20 2.83873
      vertex 0.544022 20 2.82256
    endloop
  endfacet
  facet normal 0 1 -0
    outer loop
      vertex -0.150391 20 2.14054
      vertex -0.244385 20 2.88462
      vertex -0.112915 20 2.14467
    endloop
  endfacet
  facet normal 0 1 0
    outer loop
      vertex 0.334778 20 2.10234
      vertex 0.544022 20 2.82256
      vertex 0.60257 20 2.80455
    endloop
  endfacet
  facet normal 0 1 0
    outer loop
      vertex -0.244385 20 2.88462
      vertex -0.150391 20 2.14054
      vertex -0.305038 20 2.87598
    endloop
  endfacet
  facet normal 0 1 0
    outer loop
      vertex 0.370819 20 2.09127
      vertex 0.60257 20 2.80455
      vertex 0.660538 20 2.78472
    endloop
  endfacet
  facet normal 0 1 -0
    outer loop
      vertex -0.187714 20 2.13521
      vertex -0.305038 20 2.87598
      vertex -0.150391 20 2.14054
    endloop
  endfacet
  facet normal 0 1 0
    outer loop
      vertex 0.406479 20 2.07904
      vertex 0.660538 20 2.78472
      vertex 0.717834 20 2.76305
    endloop
  endfacet
  facet normal 0 1 0
    outer loop
      vertex -0.305038 20 2.87598
      vertex -0.187714 20 2.13521
      vertex -0.365387 20 2.86545
    endloop
  endfacet
  facet normal 0 1 0
    outer loop
      vertex 0.441742 20 2.06572
      vertex 0.717834 20 2.76305
      vertex 0.774429 20 2.73961
    endloop
  endfacet
  facet normal 0 1 -0
    outer loop
      vertex -0.224854 20 2.12874
      vertex -0.365387 20 2.86545
      vertex -0.187714 20 2.13521
    endloop
  endfacet
  facet normal 0 1 0
    outer loop
      vertex 0.476562 20 2.0513
      vertex 0.774429 20 2.73961
      vertex 0.830261 20 2.7144
    endloop
  endfacet
  facet normal 0 1 0
    outer loop
      vertex -0.365387 20 2.86545
      vertex -0.224854 20 2.12874
      vertex -0.425369 20 2.85303
    endloop
  endfacet
  facet normal 0 1 0
    outer loop
      vertex 0.510925 20 2.03578
      vertex 0.830261 20 2.7144
      vertex 0.885269 20 2.68746
    endloop
  endfacet
  facet normal 0 1 -0
    outer loop
      vertex -0.261765 20 2.1211
      vertex -0.425369 20 2.85303
      vertex -0.224854 20 2.12874
    endloop
  endfacet
  facet normal 0 1 0
    outer loop
      vertex 0.544785 20 2.0192
      vertex 0.885269 20 2.68746
      vertex 0.939407 20 2.65879
    endloop
  endfacet
  facet normal 0 1 0
    outer loop
      vertex -0.425369 20 2.85303
      vertex -0.261765 20 2.1211
      vertex -0.48494 20 2.83873
    endloop
  endfacet
  facet normal 0 1 0
    outer loop
      vertex 0.578094 20 2.00156
      vertex 0.939407 20 2.65879
      vertex 0.99263 20 2.62844
    endloop
  endfacet
  facet normal 0 1 -0
    outer loop
      vertex -0.298416 20 2.11229
      vertex -0.48494 20 2.83873
      vertex -0.261765 20 2.1211
    endloop
  endfacet
  facet normal 0 1 0
    outer loop
      vertex 0.61084 20 1.98288
      vertex 0.99263 20 2.62844
      vertex 1.04486 20 2.59644
    endloop
  endfacet
  facet normal 0 1 0
    outer loop
      vertex -0.48494 20 2.83873
      vertex -0.298416 20 2.11229
      vertex -0.544022 20 2.82256
    endloop
  endfacet
  facet normal 0 1 0
    outer loop
      vertex 0.64299 20 1.96318
      vertex 1.04486 20 2.59644
      vertex 1.09605 20 2.56279
    endloop
  endfacet
  facet normal 0 1 -0
    outer loop
      vertex -0.334778 20 2.10234
      vertex -0.544022 20 2.82256
      vertex -0.298416 20 2.11229
    endloop
  endfacet
  facet normal 0 1 0
    outer loop
      vertex 0.6745 20 1.94249
      vertex 1.09605 20 2.56279
      vertex 1.14618 20 2.52758
    endloop
  endfacet
  facet normal 0 1 0
    outer loop
      vertex -0.544022 20 2.82256
      vertex -0.334778 20 2.10234
      vertex -0.60257 20 2.80455
    endloop
  endfacet
  facet normal 0 1 0
    outer loop
      vertex 0.705338 20 1.92081
      vertex 1.14618 20 2.52758
      vertex 1.19516 20 2.4908
    endloop
  endfacet
  facet normal 0 1 -0
    outer loop
      vertex -0.370819 20 2.09127
      vertex -0.60257 20 2.80455
      vertex -0.334778 20 2.10234
    endloop
  endfacet
  facet normal 0 1 0
    outer loop
      vertex 0.735474 20 1.89818
      vertex 1.19516 20 2.4908
      vertex 1.24297 20 2.45249
    endloop
  endfacet
  facet normal 0 1 0
    outer loop
      vertex -0.60257 20 2.80455
      vertex -0.370819 20 2.09127
      vertex -0.660538 20 2.78472
    endloop
  endfacet
  facet normal 0 1 0
    outer loop
      vertex 0.764908 20 1.87461
      vertex 1.24297 20 2.45249
      vertex 1.28955 20 2.41271
    endloop
  endfacet
  facet normal 0 1 -0
    outer loop
      vertex -0.406479 20 2.07904
      vertex -0.660538 20 2.78472
      vertex -0.370819 20 2.09127
    endloop
  endfacet
  facet normal 0 1 0
    outer loop
      vertex 0.793564 20 1.85013
      vertex 1.28955 20 2.41271
      vertex 1.33485 20 2.37148
    endloop
  endfacet
  facet normal 0 1 0
    outer loop
      vertex -0.660538 20 2.78472
      vertex -0.406479 20 2.07904
      vertex -0.717834 20 2.76305
    endloop
  endfacet
  facet normal 0 1 0
    outer loop
      vertex 0.821442 20 1.82476
      vertex 1.33485 20 2.37148
      vertex 1.37885 20 2.32885
    endloop
  endfacet
  facet normal 0 1 -0
    outer loop
      vertex -0.441742 20 2.06572
      vertex -0.717834 20 2.76305
      vertex -0.406479 20 2.07904
    endloop
  endfacet
  facet normal 0 1 0
    outer loop
      vertex 0.848526 20 1.79853
      vertex 1.37885 20 2.32885
      vertex 1.42148 20 2.28485
    endloop
  endfacet
  facet normal 0 1 0
    outer loop
      vertex -0.717834 20 2.76305
      vertex -0.441742 20 2.06572
      vertex -0.774429 20 2.73961
    endloop
  endfacet
  facet normal 0 1 0
    outer loop
      vertex 0.874756 20 1.77144
      vertex 1.42148 20 2.28485
      vertex 1.46271 20 2.23955
    endloop
  endfacet
  facet normal 0 1 -0
    outer loop
      vertex -0.476562 20 2.0513
      vertex -0.774429 20 2.73961
      vertex -0.441742 20 2.06572
    endloop
  endfacet
  facet normal 0 1 0
    outer loop
      vertex 0.900131 20 1.74356
      vertex 1.46271 20 2.23955
      vertex 1.50249 20 2.19297
    endloop
  endfacet
  facet normal 0 1 0
    outer loop
      vertex -0.774429 20 2.73961
      vertex -0.476562 20 2.0513
      vertex -0.830261 20 2.7144
    endloop
  endfacet
  facet normal 0 1 -0
    outer loop
      vertex -0.510925 20 2.03578
      vertex -0.830261 20 2.7144
      vertex -0.476562 20 2.0513
    endloop
  endfacet
  facet normal 0 1 0
    outer loop
      vertex 0.0612488 20 2.89904
      vertex 0.0376892 20 2.1494
      vertex 0 20 2.15
    endloop
  endfacet
  facet normal 0 1 0
    outer loop
      vertex 0.122437 20 2.89615
      vertex 0.0753479 20 2.14763
      vertex 0.0376892 20 2.1494
    endloop
  endfacet
  facet normal 0 1 0
    outer loop
      vertex 0.924606 20 1.71491
      vertex 1.50249 20 2.19297
      vertex 1.5408 20 2.14516
    endloop
  endfacet
  facet normal 0 1 0
    outer loop
      vertex 0.183502 20 2.89135
      vertex 0.112915 20 2.14467
      vertex 0.0753479 20 2.14763
    endloop
  endfacet
  facet normal 0 1 0
    outer loop
      vertex 0.244385 20 2.88462
      vertex 0.150391 20 2.14054
      vertex 0.112915 20 2.14467
    endloop
  endfacet
  facet normal 0 1 0
    outer loop
      vertex 0.305038 20 2.87598
      vertex 0.187714 20 2.13521
      vertex 0.150391 20 2.14054
    endloop
  endfacet
  facet normal 0 1 0
    outer loop
      vertex 0.365387 20 2.86545
      vertex 0.224854 20 2.12874
      vertex 0.187714 20 2.13521
    endloop
  endfacet
  facet normal 0 1 0
    outer loop
      vertex 0.425369 20 2.85303
      vertex 0.261765 20 2.1211
      vertex 0.224854 20 2.12874
    endloop
  endfacet
  facet normal 0 1 0
    outer loop
      vertex 0.48494 20 2.83873
      vertex 0.298416 20 2.11229
      vertex 0.261765 20 2.1211
    endloop
  endfacet
  facet normal 0 1 0
    outer loop
      vertex 0.544022 20 2.82256
      vertex 0.334778 20 2.10234
      vertex 0.298416 20 2.11229
    endloop
  endfacet
  facet normal 0 1 0
    outer loop
      vertex 0.948181 20 1.68547
      vertex 1.5408 20 2.14516
      vertex 1.57758 20 2.09618
    endloop
  endfacet
  facet normal 0 1 0
    outer loop
      vertex 0.60257 20 2.80455
      vertex 0.370819 20 2.09127
      vertex 0.334778 20 2.10234
    endloop
  endfacet
  facet normal 0 1 0
    outer loop
      vertex 0.660538 20 2.78472
      vertex 0.406479 20 2.07904
      vertex 0.370819 20 2.09127
    endloop
  endfacet
  facet normal 0 1 0
    outer loop
      vertex 0.717834 20 2.76305
      vertex 0.441742 20 2.06572
      vertex 0.406479 20 2.07904
    endloop
  endfacet
  facet normal 0 1 0
    outer loop
      vertex 0.774429 20 2.73961
      vertex 0.476562 20 2.0513
      vertex 0.441742 20 2.06572
    endloop
  endfacet
  facet normal 0 1 0
    outer loop
      vertex 0.97081 20 1.65534
      vertex 1.57758 20 2.09618
      vertex 1.61279 20 2.04605
    endloop
  endfacet
  facet normal 0 1 0
    outer loop
      vertex 0.830261 20 2.7144
      vertex 0.510925 20 2.03578
      vertex 0.476562 20 2.0513
    endloop
  endfacet
  facet normal 0 1 0
    outer loop
      vertex 0.885269 20 2.68746
      vertex 0.544785 20 2.0192
      vertex 0.510925 20 2.03578
    endloop
  endfacet
  facet normal 0 1 0
    outer loop
      vertex 0.939407 20 2.65879
      vertex 0.578094 20 2.00156
      vertex 0.544785 20 2.0192
    endloop
  endfacet
  facet normal 0 1 0
    outer loop
      vertex 0.992493 20 1.6245
      vertex 1.61279 20 2.04605
      vertex 1.64644 20 1.99486
    endloop
  endfacet
  facet normal 0 1 0
    outer loop
      vertex 0.99263 20 2.62844
      vertex 0.61084 20 1.98288
      vertex 0.578094 20 2.00156
    endloop
  endfacet
  facet normal 0 1 0
    outer loop
      vertex 1.04486 20 2.59644
      vertex 0.64299 20 1.96318
      vertex 0.61084 20 1.98288
    endloop
  endfacet
  facet normal 0 1 0
    outer loop
      vertex 1.01318 20 1.59299
      vertex 1.64644 20 1.99486
      vertex 1.67844 20 1.94263
    endloop
  endfacet
  facet normal 0 1 0
    outer loop
      vertex 1.09605 20 2.56279
      vertex 0.6745 20 1.94249
      vertex 0.64299 20 1.96318
    endloop
  endfacet
  facet normal 0 1 0
    outer loop
      vertex 1.14618 20 2.52758
      vertex 0.705338 20 1.92081
      vertex 0.6745 20 1.94249
    endloop
  endfacet
  facet normal 0 1 0
    outer loop
      vertex 1.19516 20 2.4908
      vertex 0.735474 20 1.89818
      vertex 0.705338 20 1.92081
    endloop
  endfacet
  facet normal 0 1 0
    outer loop
      vertex 1.03288 20 1.56084
      vertex 1.67844 20 1.94263
      vertex 1.70879 20 1.88941
    endloop
  endfacet
  facet normal 0 1 0
    outer loop
      vertex 1.24297 20 2.45249
      vertex 0.764908 20 1.87461
      vertex 0.735474 20 1.89818
    endloop
  endfacet
  facet normal 0 1 0
    outer loop
      vertex 1.28955 20 2.41271
      vertex 0.793564 20 1.85013
      vertex 0.764908 20 1.87461
    endloop
  endfacet
  facet normal 0 1 0
    outer loop
      vertex 1.05156 20 1.52809
      vertex 1.70879 20 1.88941
      vertex 1.73746 20 1.83527
    endloop
  endfacet
  facet normal 0 1 0
    outer loop
      vertex 1.33485 20 2.37148
      vertex 0.821442 20 1.82476
      vertex 0.793564 20 1.85013
    endloop
  endfacet
  facet normal 0 1 0
    outer loop
      vertex 1.37885 20 2.32885
      vertex 0.848526 20 1.79853
      vertex 0.821442 20 1.82476
    endloop
  endfacet
  facet normal 0 1 0
    outer loop
      vertex 1.0692 20 1.49478
      vertex 1.73746 20 1.83527
      vertex 1.7644 20 1.78026
    endloop
  endfacet
  facet normal 0 1 0
    outer loop
      vertex 1.42148 20 2.28485
      vertex 0.874756 20 1.77144
      vertex 0.848526 20 1.79853
    endloop
  endfacet
  facet normal 0 1 0
    outer loop
      vertex 1.46271 20 2.23955
      vertex 0.900131 20 1.74356
      vertex 0.874756 20 1.77144
    endloop
  endfacet
  facet normal 0 1 0
    outer loop
      vertex 1.08578 20 1.46093
      vertex 1.7644 20 1.78026
      vertex 1.78961 20 1.72443
    endloop
  endfacet
  facet normal 0 1 0
    outer loop
      vertex 1.50249 20 2.19297
      vertex 0.924606 20 1.71491
      vertex 0.900131 20 1.74356
    endloop
  endfacet
  facet normal 0 1 0
    outer loop
      vertex 1.5408 20 2.14516
      vertex 0.948181 20 1.68547
      vertex 0.924606 20 1.71491
    endloop
  endfacet
  facet normal 0 1 0
    outer loop
      vertex 1.1013 20 1.42656
      vertex 1.78961 20 1.72443
      vertex 1.81305 20 1.66783
    endloop
  endfacet
  facet normal 0 1 0
    outer loop
      vertex 1.57758 20 2.09618
      vertex 0.97081 20 1.65534
      vertex 0.948181 20 1.68547
    endloop
  endfacet
  facet normal 0 1 0
    outer loop
      vertex 1.61279 20 2.04605
      vertex 0.992493 20 1.6245
      vertex 0.97081 20 1.65534
    endloop
  endfacet
  facet normal 0 1 0
    outer loop
      vertex 1.11572 20 1.39174
      vertex 1.81305 20 1.66783
      vertex 1.83472 20 1.61054
    endloop
  endfacet
  facet normal 0 1 0
    outer loop
      vertex 1.64644 20 1.99486
      vertex 1.01318 20 1.59299
      vertex 0.992493 20 1.6245
    endloop
  endfacet
  facet normal 0 1 0
    outer loop
      vertex 1.67844 20 1.94263
      vertex 1.03288 20 1.56084
      vertex 1.01318 20 1.59299
    endloop
  endfacet
  facet normal 0 1 0
    outer loop
      vertex 1.12904 20 1.35648
      vertex 1.83472 20 1.61054
      vertex 1.85455 20 1.55257
    endloop
  endfacet
  facet normal 0 1 0
    outer loop
      vertex 1.70879 20 1.88941
      vertex 1.05156 20 1.52809
      vertex 1.03288 20 1.56084
    endloop
  endfacet
  facet normal 0 1 0
    outer loop
      vertex 1.73746 20 1.83527
      vertex 1.0692 20 1.49478
      vertex 1.05156 20 1.52809
    endloop
  endfacet
  facet normal 0 1 0
    outer loop
      vertex 1.14127 20 1.32082
      vertex 1.85455 20 1.55257
      vertex 1.87256 20 1.49402
    endloop
  endfacet
  facet normal 0 1 0
    outer loop
      vertex 1.7644 20 1.78026
      vertex 1.08578 20 1.46093
      vertex 1.0692 20 1.49478
    endloop
  endfacet
  facet normal 0 1 0
    outer loop
      vertex 1.15234 20 1.28478
      vertex 1.87256 20 1.49402
      vertex 1.88873 20 1.43494
    endloop
  endfacet
  facet normal 0 1 0
    outer loop
      vertex 1.78961 20 1.72443
      vertex 1.1013 20 1.42656
      vertex 1.08578 20 1.46093
    endloop
  endfacet
  facet normal 0 1 0
    outer loop
      vertex 1.81305 20 1.66783
      vertex 1.11572 20 1.39174
      vertex 1.1013 20 1.42656
    endloop
  endfacet
  facet normal 0 1 0
    outer loop
      vertex 1.16229 20 1.24842
      vertex 1.88873 20 1.43494
      vertex 1.90303 20 1.37537
    endloop
  endfacet
  facet normal 0 1 0
    outer loop
      vertex 1.83472 20 1.61054
      vertex 1.12904 20 1.35648
      vertex 1.11572 20 1.39174
    endloop
  endfacet
  facet normal 0 1 0
    outer loop
      vertex 1.85455 20 1.55257
      vertex 1.14127 20 1.32082
      vertex 1.12904 20 1.35648
    endloop
  endfacet
  facet normal 0 1 0
    outer loop
      vertex 1.1711 20 1.21176
      vertex 1.90303 20 1.37537
      vertex 1.91545 20 1.31539
    endloop
  endfacet
  facet normal 0 1 0
    outer loop
      vertex 1.87256 20 1.49402
      vertex 1.15234 20 1.28478
      vertex 1.14127 20 1.32082
    endloop
  endfacet
  facet normal 0 1 0
    outer loop
      vertex 1.17874 20 1.17485
      vertex 1.91545 20 1.31539
      vertex 1.92598 20 1.25504
    endloop
  endfacet
  facet normal 0 1 0
    outer loop
      vertex 1.88873 20 1.43494
      vertex 1.16229 20 1.24842
      vertex 1.15234 20 1.28478
    endloop
  endfacet
  facet normal 0 1 0
    outer loop
      vertex 1.90303 20 1.37537
      vertex 1.1711 20 1.21176
      vertex 1.16229 20 1.24842
    endloop
  endfacet
  facet normal 0 1 0
    outer loop
      vertex 1.18521 20 1.13771
      vertex 1.92598 20 1.25504
      vertex 1.93462 20 1.19438
    endloop
  endfacet
  facet normal 0 1 0
    outer loop
      vertex 1.91545 20 1.31539
      vertex 1.17874 20 1.17485
      vertex 1.1711 20 1.21176
    endloop
  endfacet
  facet normal 0 1 0
    outer loop
      vertex 1.92598 20 1.25504
      vertex 1.18521 20 1.13771
      vertex 1.17874 20 1.17485
    endloop
  endfacet
  facet normal 0 1 0
    outer loop
      vertex 1.19054 20 1.10039
      vertex 1.93462 20 1.19438
      vertex 1.94135 20 1.1335
    endloop
  endfacet
  facet normal 0 1 0
    outer loop
      vertex 1.93462 20 1.19438
      vertex 1.19054 20 1.10039
      vertex 1.18521 20 1.13771
    endloop
  endfacet
  facet normal 0 1 0
    outer loop
      vertex 1.19467 20 1.06292
      vertex 1.94135 20 1.1335
      vertex 1.94615 20 1.07244
    endloop
  endfacet
  facet normal 0 1 0
    outer loop
      vertex 1.94135 20 1.1335
      vertex 1.19467 20 1.06292
      vertex 1.19054 20 1.10039
    endloop
  endfacet
  facet normal 0 1 0
    outer loop
      vertex 1.94615 20 1.07244
      vertex 1.19763 20 1.02535
      vertex 1.19467 20 1.06292
    endloop
  endfacet
  facet normal 0 1 0
    outer loop
      vertex 1.94904 20 1.01125
      vertex 1.19763 20 1.02535
      vertex 1.94615 20 1.07244
    endloop
  endfacet
  facet normal 0 1 0
    outer loop
      vertex 1.94904 20 1.01125
      vertex 1.1994 20 0.987689
      vertex 1.19763 20 1.02535
    endloop
  endfacet
  facet normal 0 1 0
    outer loop
      vertex 1.95 20 0.95
      vertex 1.1994 20 0.987689
      vertex 1.94904 20 1.01125
    endloop
  endfacet
  facet normal 0 1 0
    outer loop
      vertex 1.95 20 0.95
      vertex 1.2 20 0.95
      vertex 1.1994 20 0.987689
    endloop
  endfacet
  facet normal 0 1 0
    outer loop
      vertex 1.95 20 0.95
      vertex 1.1994 20 0.912311
      vertex 1.2 20 0.95
    endloop
  endfacet
  facet normal 0 1 -0
    outer loop
      vertex 1.94904 20 0.888751
      vertex 1.1994 20 0.912311
      vertex 1.95 20 0.95
    endloop
  endfacet
  facet normal 0 1 0
    outer loop
      vertex 1.94904 20 0.888751
      vertex 1.19763 20 0.874652
      vertex 1.1994 20 0.912311
    endloop
  endfacet
  facet normal 0 1 -0
    outer loop
      vertex 1.94615 20 0.827563
      vertex 1.19763 20 0.874652
      vertex 1.94904 20 0.888751
    endloop
  endfacet
  facet normal 0 1 0
    outer loop
      vertex 1.19763 20 0.874652
      vertex 1.94615 20 0.827563
      vertex 1.19467 20 0.837085
    endloop
  endfacet
  facet normal 0 1 -0
    outer loop
      vertex 1.94135 20 0.766498
      vertex 1.19467 20 0.837085
      vertex 1.94615 20 0.827563
    endloop
  endfacet
  facet normal 0 1 0
    outer loop
      vertex 1.19467 20 0.837085
      vertex 1.94135 20 0.766498
      vertex 1.19054 20 0.799609
    endloop
  endfacet
  facet normal 0 1 -0
    outer loop
      vertex 1.93462 20 0.705615
      vertex 1.19054 20 0.799609
      vertex 1.94135 20 0.766498
    endloop
  endfacet
  facet normal 0 1 0
    outer loop
      vertex 1.19054 20 0.799609
      vertex 1.93462 20 0.705615
      vertex 1.18521 20 0.762286
    endloop
  endfacet
  facet normal 0 1 -0
    outer loop
      vertex 1.92598 20 0.644962
      vertex 1.18521 20 0.762286
      vertex 1.93462 20 0.705615
    endloop
  endfacet
  facet normal 0 1 0
    outer loop
      vertex 1.18521 20 0.762286
      vertex 1.92598 20 0.644962
      vertex 1.17874 20 0.725146
    endloop
  endfacet
  facet normal 0 1 -0
    outer loop
      vertex 1.91545 20 0.584613
      vertex 1.17874 20 0.725146
      vertex 1.92598 20 0.644962
    endloop
  endfacet
  facet normal 0 1 0
    outer loop
      vertex 1.17874 20 0.725146
      vertex 1.91545 20 0.584613
      vertex 1.1711 20 0.688235
    endloop
  endfacet
  facet normal 0 1 -0
    outer loop
      vertex 1.90303 20 0.524631
      vertex 1.1711 20 0.688235
      vertex 1.91545 20 0.584613
    endloop
  endfacet
  facet normal 0 1 0
    outer loop
      vertex 1.1711 20 0.688235
      vertex 1.90303 20 0.524631
      vertex 1.16229 20 0.651584
    endloop
  endfacet
  facet normal 0 1 -0
    outer loop
      vertex 1.88873 20 0.46506
      vertex 1.16229 20 0.651584
      vertex 1.90303 20 0.524631
    endloop
  endfacet
  facet normal 0 1 0
    outer loop
      vertex 1.16229 20 0.651584
      vertex 1.88873 20 0.46506
      vertex 1.15234 20 0.615222
    endloop
  endfacet
  facet normal 0 1 -0
    outer loop
      vertex 1.87256 20 0.405978
      vertex 1.15234 20 0.615222
      vertex 1.88873 20 0.46506
    endloop
  endfacet
  facet normal 0 1 0
    outer loop
      vertex 1.15234 20 0.615222
      vertex 1.87256 20 0.405978
      vertex 1.14127 20 0.579181
    endloop
  endfacet
  facet normal 0 1 -0
    outer loop
      vertex 1.85455 20 0.34743
      vertex 1.14127 20 0.579181
      vertex 1.87256 20 0.405978
    endloop
  endfacet
  facet normal 0 1 0
    outer loop
      vertex 1.14127 20 0.579181
      vertex 1.85455 20 0.34743
      vertex 1.12904 20 0.543521
    endloop
  endfacet
  facet normal 0 1 -0
    outer loop
      vertex 1.83472 20 0.289462
      vertex 1.12904 20 0.543521
      vertex 1.85455 20 0.34743
    endloop
  endfacet
  facet normal 0 1 0
    outer loop
      vertex 1.12904 20 0.543521
      vertex 1.83472 20 0.289462
      vertex 1.11572 20 0.508258
    endloop
  endfacet
  facet normal 0 1 -0
    outer loop
      vertex 1.81305 20 0.232166
      vertex 1.11572 20 0.508258
      vertex 1.83472 20 0.289462
    endloop
  endfacet
  facet normal 0 1 0
    outer loop
      vertex 1.11572 20 0.508258
      vertex 1.81305 20 0.232166
      vertex 1.1013 20 0.473437
    endloop
  endfacet
  facet normal 0 1 -0
    outer loop
      vertex 1.78961 20 0.175571
      vertex 1.1013 20 0.473437
      vertex 1.81305 20 0.232166
    endloop
  endfacet
  facet normal 0 1 0
    outer loop
      vertex 1.1013 20 0.473437
      vertex 1.78961 20 0.175571
      vertex 1.08578 20 0.439075
    endloop
  endfacet
  facet normal 0 1 -0
    outer loop
      vertex 1.7644 20 0.119739
      vertex 1.08578 20 0.439075
      vertex 1.78961 20 0.175571
    endloop
  endfacet
  facet normal 0 1 0
    outer loop
      vertex 1.08578 20 0.439075
      vertex 1.7644 20 0.119739
      vertex 1.0692 20 0.405215
    endloop
  endfacet
  facet normal 0 1 -0
    outer loop
      vertex 1.73746 20 0.0647308
      vertex 1.0692 20 0.405215
      vertex 1.7644 20 0.119739
    endloop
  endfacet
  facet normal 0 1 0
    outer loop
      vertex 1.0692 20 0.405215
      vertex 1.73746 20 0.0647308
      vertex 1.05156 20 0.371906
    endloop
  endfacet
  facet normal 0 1 -0
    outer loop
      vertex 1.70879 20 0.0105927
      vertex 1.05156 20 0.371906
      vertex 1.73746 20 0.0647308
    endloop
  endfacet
  facet normal 0 1 -0
    outer loop
      vertex 1.70274 20 3.05176e-06
      vertex 1.05156 20 0.371906
      vertex 1.70879 20 0.0105927
    endloop
  endfacet
  facet normal 0 1 0
    outer loop
      vertex 1.05156 20 0.371906
      vertex 1.70274 20 3.05176e-06
      vertex 1.03288 20 0.33916
    endloop
  endfacet
  facet normal 0 1 0
    outer loop
      vertex 1.03288 20 0.33916
      vertex 1.70274 20 3.05176e-06
      vertex 1.01318 20 0.30701
    endloop
  endfacet
  facet normal 0 1 0
    outer loop
      vertex 1.01318 20 0.30701
      vertex 1.70274 20 3.05176e-06
      vertex 0.992493 20 0.2755
    endloop
  endfacet
  facet normal 0 1 0
    outer loop
      vertex 0.992493 20 0.2755
      vertex 1.70274 20 3.05176e-06
      vertex 0.97081 20 0.244662
    endloop
  endfacet
  facet normal 0 1 0
    outer loop
      vertex 0.97081 20 0.244662
      vertex 1.70274 20 3.05176e-06
      vertex 0.948181 20 0.214526
    endloop
  endfacet
  facet normal 0 1 0
    outer loop
      vertex 0.948181 20 0.214526
      vertex 1.70274 20 3.05176e-06
      vertex 0.924606 20 0.185092
    endloop
  endfacet
  facet normal 0 1 0
    outer loop
      vertex 0.924606 20 0.185092
      vertex 1.70274 20 3.05176e-06
      vertex 0.900131 20 0.156436
    endloop
  endfacet
  facet normal 0 1 0
    outer loop
      vertex 0.900131 20 0.156436
      vertex 1.70274 20 3.05176e-06
      vertex 0.874756 20 0.128558
    endloop
  endfacet
  facet normal 0 1 0
    outer loop
      vertex 0.874756 20 0.128558
      vertex 1.70274 20 3.05176e-06
      vertex 0.848526 20 0.101474
    endloop
  endfacet
  facet normal 0 1 0
    outer loop
      vertex 0.848526 20 0.101474
      vertex 1.70274 20 3.05176e-06
      vertex 0.821442 20 0.0752441
    endloop
  endfacet
  facet normal 0 1 0
    outer loop
      vertex 0.821442 20 0.0752441
      vertex 1.70274 20 3.05176e-06
      vertex 0.793564 20 0.0498688
    endloop
  endfacet
  facet normal 0 1 0
    outer loop
      vertex 0.793564 20 0.0498688
      vertex 1.70274 20 3.05176e-06
      vertex 0.764908 20 0.0253937
    endloop
  endfacet
  facet normal 0 1 0
    outer loop
      vertex 0.764908 20 0.0253937
      vertex 1.70274 20 3.05176e-06
      vertex 0.735474 20 0.00181885
    endloop
  endfacet
  facet normal 0 1 0
    outer loop
      vertex 0.735474 20 0.00181885
      vertex 1.70274 20 3.05176e-06
      vertex 0.733063 20 3.05176e-06
    endloop
  endfacet
  facet normal 0 1 0
    outer loop
      vertex -0.830261 20 2.7144
      vertex -0.510925 20 2.03578
      vertex -0.885269 20 2.68746
    endloop
  endfacet
  facet normal 0 1 -0
    outer loop
      vertex -0.544785 20 2.0192
      vertex -0.885269 20 2.68746
      vertex -0.510925 20 2.03578
    endloop
  endfacet
  facet normal 0 1 0
    outer loop
      vertex -0.885269 20 2.68746
      vertex -0.544785 20 2.0192
      vertex -0.939407 20 2.65879
    endloop
  endfacet
  facet normal 0 1 -0
    outer loop
      vertex -0.578094 20 2.00156
      vertex -0.939407 20 2.65879
      vertex -0.544785 20 2.0192
    endloop
  endfacet
  facet normal 0 1 0
    outer loop
      vertex -0.939407 20 2.65879
      vertex -0.578094 20 2.00156
      vertex -0.99263 20 2.62844
    endloop
  endfacet
  facet normal 0 1 -0
    outer loop
      vertex -0.61084 20 1.98288
      vertex -0.99263 20 2.62844
      vertex -0.578094 20 2.00156
    endloop
  endfacet
  facet normal 0 1 0
    outer loop
      vertex -0.99263 20 2.62844
      vertex -0.61084 20 1.98288
      vertex -1.04486 20 2.59644
    endloop
  endfacet
  facet normal 0 1 -0
    outer loop
      vertex -0.64299 20 1.96318
      vertex -1.04486 20 2.59644
      vertex -0.61084 20 1.98288
    endloop
  endfacet
  facet normal 0 1 0
    outer loop
      vertex -1.04486 20 2.59644
      vertex -0.64299 20 1.96318
      vertex -1.09605 20 2.56279
    endloop
  endfacet
  facet normal 0 1 -0
    outer loop
      vertex -0.6745 20 1.94249
      vertex -1.09605 20 2.56279
      vertex -0.64299 20 1.96318
    endloop
  endfacet
  facet normal 0 1 0
    outer loop
      vertex -1.09605 20 2.56279
      vertex -0.6745 20 1.94249
      vertex -1.14618 20 2.52758
    endloop
  endfacet
  facet normal 0 1 -0
    outer loop
      vertex -0.705338 20 1.92081
      vertex -1.14618 20 2.52758
      vertex -0.6745 20 1.94249
    endloop
  endfacet
  facet normal 0 1 0
    outer loop
      vertex -1.14618 20 2.52758
      vertex -0.705338 20 1.92081
      vertex -1.19516 20 2.4908
    endloop
  endfacet
  facet normal 0 1 -0
    outer loop
      vertex -0.735474 20 1.89818
      vertex -1.19516 20 2.4908
      vertex -0.705338 20 1.92081
    endloop
  endfacet
  facet normal 0 1 0
    outer loop
      vertex -1.19516 20 2.4908
      vertex -0.735474 20 1.89818
      vertex -1.24297 20 2.45249
    endloop
  endfacet
  facet normal 0 1 -0
    outer loop
      vertex -0.764908 20 1.87461
      vertex -1.24297 20 2.45249
      vertex -0.735474 20 1.89818
    endloop
  endfacet
  facet normal 0 1 0
    outer loop
      vertex -1.24297 20 2.45249
      vertex -0.764908 20 1.87461
      vertex -1.28955 20 2.41271
    endloop
  endfacet
  facet normal 0 1 -0
    outer loop
      vertex -0.793564 20 1.85013
      vertex -1.28955 20 2.41271
      vertex -0.764908 20 1.87461
    endloop
  endfacet
  facet normal 0 1 0
    outer loop
      vertex -1.28955 20 2.41271
      vertex -0.793564 20 1.85013
      vertex -1.33485 20 2.37148
    endloop
  endfacet
  facet normal 0 1 -0
    outer loop
      vertex -0.821442 20 1.82476
      vertex -1.33485 20 2.37148
      vertex -0.793564 20 1.85013
    endloop
  endfacet
  facet normal 0 1 0
    outer loop
      vertex -1.33485 20 2.37148
      vertex -0.821442 20 1.82476
      vertex -1.37885 20 2.32885
    endloop
  endfacet
  facet normal 0 1 -0
    outer loop
      vertex -0.848526 20 1.79853
      vertex -1.37885 20 2.32885
      vertex -0.821442 20 1.82476
    endloop
  endfacet
  facet normal 0 1 0
    outer loop
      vertex -1.37885 20 2.32885
      vertex -0.848526 20 1.79853
      vertex -1.42148 20 2.28485
    endloop
  endfacet
  facet normal 0 1 -0
    outer loop
      vertex -0.874756 20 1.77144
      vertex -1.42148 20 2.28485
      vertex -0.848526 20 1.79853
    endloop
  endfacet
  facet normal 0 1 0
    outer loop
      vertex -1.42148 20 2.28485
      vertex -0.874756 20 1.77144
      vertex -1.46271 20 2.23955
    endloop
  endfacet
  facet normal 0 1 -0
    outer loop
      vertex -0.900131 20 1.74356
      vertex -1.46271 20 2.23955
      vertex -0.874756 20 1.77144
    endloop
  endfacet
  facet normal 0 1 0
    outer loop
      vertex -1.46271 20 2.23955
      vertex -0.900131 20 1.74356
      vertex -1.50249 20 2.19297
    endloop
  endfacet
  facet normal 0 1 -0
    outer loop
      vertex -0.924606 20 1.71491
      vertex -1.50249 20 2.19297
      vertex -0.900131 20 1.74356
    endloop
  endfacet
  facet normal 0 1 0
    outer loop
      vertex -1.50249 20 2.19297
      vertex -0.924606 20 1.71491
      vertex -1.5408 20 2.14516
    endloop
  endfacet
  facet normal 0 1 -0
    outer loop
      vertex -0.948181 20 1.68547
      vertex -1.5408 20 2.14516
      vertex -0.924606 20 1.71491
    endloop
  endfacet
  facet normal 0 1 0
    outer loop
      vertex -1.5408 20 2.14516
      vertex -0.948181 20 1.68547
      vertex -1.57758 20 2.09618
    endloop
  endfacet
  facet normal 0 1 -0
    outer loop
      vertex -0.97081 20 1.65534
      vertex -1.57758 20 2.09618
      vertex -0.948181 20 1.68547
    endloop
  endfacet
  facet normal 0 1 0
    outer loop
      vertex -1.57758 20 2.09618
      vertex -0.97081 20 1.65534
      vertex -1.61279 20 2.04605
    endloop
  endfacet
  facet normal 0 1 -0
    outer loop
      vertex -0.992493 20 1.6245
      vertex -1.61279 20 2.04605
      vertex -0.97081 20 1.65534
    endloop
  endfacet
  facet normal 0 1 0
    outer loop
      vertex -1.61279 20 2.04605
      vertex -0.992493 20 1.6245
      vertex -1.64644 20 1.99486
    endloop
  endfacet
  facet normal 0 1 -0
    outer loop
      vertex -1.01318 20 1.59299
      vertex -1.64644 20 1.99486
      vertex -0.992493 20 1.6245
    endloop
  endfacet
  facet normal 0 1 0
    outer loop
      vertex -1.64644 20 1.99486
      vertex -1.01318 20 1.59299
      vertex -1.67844 20 1.94263
    endloop
  endfacet
  facet normal 0 1 -0
    outer loop
      vertex -1.03288 20 1.56084
      vertex -1.67844 20 1.94263
      vertex -1.01318 20 1.59299
    endloop
  endfacet
  facet normal 0 1 0
    outer loop
      vertex -1.67844 20 1.94263
      vertex -1.03288 20 1.56084
      vertex -1.70879 20 1.88941
    endloop
  endfacet
  facet normal 0 1 -0
    outer loop
      vertex -1.05156 20 1.52809
      vertex -1.70879 20 1.88941
      vertex -1.03288 20 1.56084
    endloop
  endfacet
  facet normal 0 1 0
    outer loop
      vertex -1.70879 20 1.88941
      vertex -1.05156 20 1.52809
      vertex -1.73746 20 1.83527
    endloop
  endfacet
  facet normal 0 1 -0
    outer loop
      vertex -1.0692 20 1.49478
      vertex -1.73746 20 1.83527
      vertex -1.05156 20 1.52809
    endloop
  endfacet
  facet normal 0 1 0
    outer loop
      vertex -1.73746 20 1.83527
      vertex -1.0692 20 1.49478
      vertex -1.7644 20 1.78026
    endloop
  endfacet
  facet normal 0 1 -0
    outer loop
      vertex -1.08578 20 1.46093
      vertex -1.7644 20 1.78026
      vertex -1.0692 20 1.49478
    endloop
  endfacet
  facet normal 0 1 0
    outer loop
      vertex -1.7644 20 1.78026
      vertex -1.08578 20 1.46093
      vertex -1.78961 20 1.72443
    endloop
  endfacet
  facet normal 0 1 -0
    outer loop
      vertex -1.1013 20 1.42656
      vertex -1.78961 20 1.72443
      vertex -1.08578 20 1.46093
    endloop
  endfacet
  facet normal 0 1 0
    outer loop
      vertex -1.78961 20 1.72443
      vertex -1.1013 20 1.42656
      vertex -1.81305 20 1.66783
    endloop
  endfacet
  facet normal 0 1 -0
    outer loop
      vertex -1.11572 20 1.39174
      vertex -1.81305 20 1.66783
      vertex -1.1013 20 1.42656
    endloop
  endfacet
  facet normal 0 1 0
    outer loop
      vertex -1.81305 20 1.66783
      vertex -1.11572 20 1.39174
      vertex -1.83472 20 1.61054
    endloop
  endfacet
  facet normal 0 1 -0
    outer loop
      vertex -1.12904 20 1.35648
      vertex -1.83472 20 1.61054
      vertex -1.11572 20 1.39174
    endloop
  endfacet
  facet normal 0 1 0
    outer loop
      vertex -1.83472 20 1.61054
      vertex -1.12904 20 1.35648
      vertex -1.85455 20 1.55257
    endloop
  endfacet
  facet normal 0 1 -0
    outer loop
      vertex -1.14127 20 1.32082
      vertex -1.85455 20 1.55257
      vertex -1.12904 20 1.35648
    endloop
  endfacet
  facet normal 0 1 0
    outer loop
      vertex -1.85455 20 1.55257
      vertex -1.14127 20 1.32082
      vertex -1.87256 20 1.49402
    endloop
  endfacet
  facet normal 0 1 -0
    outer loop
      vertex -1.15234 20 1.28478
      vertex -1.87256 20 1.49402
      vertex -1.14127 20 1.32082
    endloop
  endfacet
  facet normal 0 1 0
    outer loop
      vertex -1.87256 20 1.49402
      vertex -1.15234 20 1.28478
      vertex -1.88873 20 1.43494
    endloop
  endfacet
  facet normal 0 1 -0
    outer loop
      vertex -1.16229 20 1.24842
      vertex -1.88873 20 1.43494
      vertex -1.15234 20 1.28478
    endloop
  endfacet
  facet normal 0 1 0
    outer loop
      vertex -1.88873 20 1.43494
      vertex -1.16229 20 1.24842
      vertex -1.90303 20 1.37537
    endloop
  endfacet
  facet normal 0 1 -0
    outer loop
      vertex -1.1711 20 1.21176
      vertex -1.90303 20 1.37537
      vertex -1.16229 20 1.24842
    endloop
  endfacet
  facet normal 0 1 0
    outer loop
      vertex -1.90303 20 1.37537
      vertex -1.1711 20 1.21176
      vertex -1.91545 20 1.31539
    endloop
  endfacet
  facet normal 0 1 -0
    outer loop
      vertex -1.17874 20 1.17485
      vertex -1.91545 20 1.31539
      vertex -1.1711 20 1.21176
    endloop
  endfacet
  facet normal 0 1 0
    outer loop
      vertex -1.91545 20 1.31539
      vertex -1.17874 20 1.17485
      vertex -1.92598 20 1.25504
    endloop
  endfacet
  facet normal 0 1 -0
    outer loop
      vertex -1.18521 20 1.13771
      vertex -1.92598 20 1.25504
      vertex -1.17874 20 1.17485
    endloop
  endfacet
  facet normal 0 1 0
    outer loop
      vertex -1.92598 20 1.25504
      vertex -1.18521 20 1.13771
      vertex -1.93462 20 1.19438
    endloop
  endfacet
  facet normal 0 1 -0
    outer loop
      vertex -1.19054 20 1.10039
      vertex -1.93462 20 1.19438
      vertex -1.18521 20 1.13771
    endloop
  endfacet
  facet normal 0 1 0
    outer loop
      vertex -1.93462 20 1.19438
      vertex -1.19054 20 1.10039
      vertex -1.94135 20 1.1335
    endloop
  endfacet
  facet normal 0 1 -0
    outer loop
      vertex -1.19467 20 1.06292
      vertex -1.94135 20 1.1335
      vertex -1.19054 20 1.10039
    endloop
  endfacet
  facet normal 0 1 0
    outer loop
      vertex -1.94135 20 1.1335
      vertex -1.19467 20 1.06292
      vertex -1.94615 20 1.07244
    endloop
  endfacet
  facet normal 0 1 -0
    outer loop
      vertex -1.19763 20 1.02535
      vertex -1.94615 20 1.07244
      vertex -1.19467 20 1.06292
    endloop
  endfacet
  facet normal 0 1 0
    outer loop
      vertex -1.19763 20 1.02535
      vertex -1.94904 20 1.01125
      vertex -1.94615 20 1.07244
    endloop
  endfacet
  facet normal 0 1 -0
    outer loop
      vertex -1.1994 20 0.987689
      vertex -1.94904 20 1.01125
      vertex -1.19763 20 1.02535
    endloop
  endfacet
  facet normal 0 1 -0
    outer loop
      vertex -1.2 20 0.95
      vertex -1.94904 20 1.01125
      vertex -1.1994 20 0.987689
    endloop
  endfacet
  facet normal 0 1 0
    outer loop
      vertex -1.2 20 0.95
      vertex -1.95 20 0.95
      vertex -1.94904 20 1.01125
    endloop
  endfacet
  facet normal 0 1 0
    outer loop
      vertex -1.1994 20 0.912311
      vertex -1.95 20 0.95
      vertex -1.2 20 0.95
    endloop
  endfacet
  facet normal 0 1 0
    outer loop
      vertex -1.1994 20 0.912311
      vertex -1.94904 20 0.888751
      vertex -1.95 20 0.95
    endloop
  endfacet
  facet normal 0 1 0
    outer loop
      vertex -1.19763 20 0.874652
      vertex -1.94904 20 0.888751
      vertex -1.1994 20 0.912311
    endloop
  endfacet
  facet normal 0 1 0
    outer loop
      vertex -1.94615 20 0.827563
      vertex -1.19763 20 0.874652
      vertex -1.19467 20 0.837085
    endloop
  endfacet
  facet normal 0 1 0
    outer loop
      vertex -1.19763 20 0.874652
      vertex -1.94615 20 0.827563
      vertex -1.94904 20 0.888751
    endloop
  endfacet
  facet normal 0 1 0
    outer loop
      vertex -1.94135 20 0.766498
      vertex -1.19467 20 0.837085
      vertex -1.19054 20 0.799609
    endloop
  endfacet
  facet normal 0 1 0
    outer loop
      vertex -1.19467 20 0.837085
      vertex -1.94135 20 0.766498
      vertex -1.94615 20 0.827563
    endloop
  endfacet
  facet normal 0 1 0
    outer loop
      vertex -1.93462 20 0.705615
      vertex -1.19054 20 0.799609
      vertex -1.18521 20 0.762286
    endloop
  endfacet
  facet normal 0 1 0
    outer loop
      vertex -1.92598 20 0.644962
      vertex -1.18521 20 0.762286
      vertex -1.17874 20 0.725146
    endloop
  endfacet
  facet normal 0 1 0
    outer loop
      vertex -1.19054 20 0.799609
      vertex -1.93462 20 0.705615
      vertex -1.94135 20 0.766498
    endloop
  endfacet
  facet normal 0 1 0
    outer loop
      vertex -1.91545 20 0.584613
      vertex -1.17874 20 0.725146
      vertex -1.1711 20 0.688235
    endloop
  endfacet
  facet normal 0 1 0
    outer loop
      vertex -1.90303 20 0.524631
      vertex -1.1711 20 0.688235
      vertex -1.16229 20 0.651584
    endloop
  endfacet
  facet normal 0 1 0
    outer loop
      vertex -1.18521 20 0.762286
      vertex -1.92598 20 0.644962
      vertex -1.93462 20 0.705615
    endloop
  endfacet
  facet normal 0 1 0
    outer loop
      vertex -1.88873 20 0.46506
      vertex -1.16229 20 0.651584
      vertex -1.15234 20 0.615222
    endloop
  endfacet
  facet normal 0 1 0
    outer loop
      vertex -1.17874 20 0.725146
      vertex -1.91545 20 0.584613
      vertex -1.92598 20 0.644962
    endloop
  endfacet
  facet normal 0 1 0
    outer loop
      vertex -1.87256 20 0.405978
      vertex -1.15234 20 0.615222
      vertex -1.14127 20 0.579181
    endloop
  endfacet
  facet normal 0 1 0
    outer loop
      vertex -1.85455 20 0.34743
      vertex -1.14127 20 0.579181
      vertex -1.12904 20 0.543521
    endloop
  endfacet
  facet normal 0 1 0
    outer loop
      vertex -1.1711 20 0.688235
      vertex -1.90303 20 0.524631
      vertex -1.91545 20 0.584613
    endloop
  endfacet
  facet normal 0 1 0
    outer loop
      vertex -1.83472 20 0.289462
      vertex -1.12904 20 0.543521
      vertex -1.11572 20 0.508258
    endloop
  endfacet
  facet normal 0 1 0
    outer loop
      vertex -1.81305 20 0.232166
      vertex -1.11572 20 0.508258
      vertex -1.1013 20 0.473437
    endloop
  endfacet
  facet normal 0 1 0
    outer loop
      vertex -1.16229 20 0.651584
      vertex -1.88873 20 0.46506
      vertex -1.90303 20 0.524631
    endloop
  endfacet
  facet normal 0 1 0
    outer loop
      vertex -1.78961 20 0.175571
      vertex -1.1013 20 0.473437
      vertex -1.08578 20 0.439075
    endloop
  endfacet
  facet normal 0 1 0
    outer loop
      vertex -1.15234 20 0.615222
      vertex -1.87256 20 0.405978
      vertex -1.88873 20 0.46506
    endloop
  endfacet
  facet normal 0 1 0
    outer loop
      vertex -1.7644 20 0.119739
      vertex -1.08578 20 0.439075
      vertex -1.0692 20 0.405215
    endloop
  endfacet
  facet normal 0 1 0
    outer loop
      vertex -1.73746 20 0.0647308
      vertex -1.0692 20 0.405215
      vertex -1.05156 20 0.371906
    endloop
  endfacet
  facet normal 0 1 0
    outer loop
      vertex -1.14127 20 0.579181
      vertex -1.85455 20 0.34743
      vertex -1.87256 20 0.405978
    endloop
  endfacet
  facet normal 0 1 0
    outer loop
      vertex -1.70274 20 3.05176e-06
      vertex -1.05156 20 0.371906
      vertex -1.03288 20 0.33916
    endloop
  endfacet
  facet normal 0 1 0
    outer loop
      vertex -1.70274 20 3.05176e-06
      vertex -1.03288 20 0.33916
      vertex -1.01318 20 0.30701
    endloop
  endfacet
  facet normal 0 1 0
    outer loop
      vertex -1.12904 20 0.543521
      vertex -1.83472 20 0.289462
      vertex -1.85455 20 0.34743
    endloop
  endfacet
  facet normal 0 1 0
    outer loop
      vertex -1.70274 20 3.05176e-06
      vertex -1.01318 20 0.30701
      vertex -0.992493 20 0.2755
    endloop
  endfacet
  facet normal 0 1 0
    outer loop
      vertex -1.70274 20 3.05176e-06
      vertex -0.992493 20 0.2755
      vertex -0.97081 20 0.244662
    endloop
  endfacet
  facet normal 0 1 0
    outer loop
      vertex -1.11572 20 0.508258
      vertex -1.81305 20 0.232166
      vertex -1.83472 20 0.289462
    endloop
  endfacet
  facet normal 0 1 0
    outer loop
      vertex -1.70274 20 3.05176e-06
      vertex -0.97081 20 0.244662
      vertex -0.948181 20 0.214526
    endloop
  endfacet
  facet normal 0 1 0
    outer loop
      vertex -1.70274 20 3.05176e-06
      vertex -0.948181 20 0.214526
      vertex -0.924606 20 0.185092
    endloop
  endfacet
  facet normal 0 1 0
    outer loop
      vertex -1.1013 20 0.473437
      vertex -1.78961 20 0.175571
      vertex -1.81305 20 0.232166
    endloop
  endfacet
  facet normal 0 1 0
    outer loop
      vertex -1.70274 20 3.05176e-06
      vertex -0.924606 20 0.185092
      vertex -0.900131 20 0.156436
    endloop
  endfacet
  facet normal 0 1 0
    outer loop
      vertex -1.70274 20 3.05176e-06
      vertex -0.900131 20 0.156436
      vertex -0.874756 20 0.128558
    endloop
  endfacet
  facet normal 0 1 0
    outer loop
      vertex -1.08578 20 0.439075
      vertex -1.7644 20 0.119739
      vertex -1.78961 20 0.175571
    endloop
  endfacet
  facet normal 0 1 0
    outer loop
      vertex -1.70274 20 3.05176e-06
      vertex -0.874756 20 0.128558
      vertex -0.848526 20 0.101474
    endloop
  endfacet
  facet normal 0 1 0
    outer loop
      vertex -1.70274 20 3.05176e-06
      vertex -0.848526 20 0.101474
      vertex -0.821442 20 0.0752441
    endloop
  endfacet
  facet normal 0 1 0
    outer loop
      vertex -1.0692 20 0.405215
      vertex -1.73746 20 0.0647308
      vertex -1.7644 20 0.119739
    endloop
  endfacet
  facet normal 0 1 0
    outer loop
      vertex -1.70274 20 3.05176e-06
      vertex -0.821442 20 0.0752441
      vertex -0.793564 20 0.0498688
    endloop
  endfacet
  facet normal 0 1 0
    outer loop
      vertex -1.70274 20 3.05176e-06
      vertex -0.793564 20 0.0498688
      vertex -0.764908 20 0.0253937
    endloop
  endfacet
  facet normal 0 1 0
    outer loop
      vertex -1.05156 20 0.371906
      vertex -1.70879 20 0.0105927
      vertex -1.73746 20 0.0647308
    endloop
  endfacet
  facet normal 0 1 0
    outer loop
      vertex -1.70274 20 3.05176e-06
      vertex -0.764908 20 0.0253937
      vertex -0.735474 20 0.00181885
    endloop
  endfacet
  facet normal 0 1 0
    outer loop
      vertex -1.70274 20 3.05176e-06
      vertex -0.735474 20 0.00181885
      vertex -0.733063 20 3.05176e-06
    endloop
  endfacet
  facet normal 0 1 0
    outer loop
      vertex -1.05156 20 0.371906
      vertex -1.70274 20 3.05176e-06
      vertex -1.70879 20 0.0105927
    endloop
  endfacet
  facet normal -0.972317 0 0.233664
    outer loop
      vertex -1.1711 20 1.21176
      vertex -1.16229 22 1.24842
      vertex -1.1711 22 1.21176
    endloop
  endfacet
  facet normal -0.972317 0 0.233664
    outer loop
      vertex -1.16229 22 1.24842
      vertex -1.1711 20 1.21176
      vertex -1.16229 20 1.24842
    endloop
  endfacet
  facet normal 0.0469493 -4.62492e-20 0.998897
    outer loop
      vertex 0.0376892 22 2.1494
      vertex 0.0753479 20 2.14763
      vertex 0.0753479 22 2.14763
    endloop
  endfacet
  facet normal 0.0469493 -4.62492e-20 0.998897
    outer loop
      vertex 0.0753479 20 2.14763
      vertex 0.0376892 22 2.1494
      vertex 0.0376892 20 2.1494
    endloop
  endfacet
  facet normal 0.760333 -0 0.649534
    outer loop
      vertex 0.900131 20 1.74356
      vertex 0.924606 22 1.71491
      vertex 0.900131 22 1.74356
    endloop
  endfacet
  facet normal 0.760333 0 0.649534
    outer loop
      vertex 0.924606 22 1.71491
      vertex 0.900131 20 1.74356
      vertex 0.924606 20 1.71491
    endloop
  endfacet
  facet normal 0.955922 -0 0.29362
    outer loop
      vertex 1.14127 20 1.32082
      vertex 1.15234 22 1.28478
      vertex 1.14127 22 1.32082
    endloop
  endfacet
  facet normal 0.955922 0 0.29362
    outer loop
      vertex 1.15234 22 1.28478
      vertex 1.14127 20 1.32082
      vertex 1.15234 20 1.28478
    endloop
  endfacet
  facet normal -0.600475 1.15725e-19 0.799643
    outer loop
      vertex -0.735474 22 1.89818
      vertex -0.705338 20 1.92081
      vertex -0.705338 22 1.92081
    endloop
  endfacet
  facet normal -0.600475 1.15725e-19 0.799643
    outer loop
      vertex -0.705338 20 1.92081
      vertex -0.735474 22 1.89818
      vertex -0.735474 20 1.89818
    endloop
  endfacet
  facet normal 0.935476 -0 0.35339
    outer loop
      vertex 1.11572 20 1.39174
      vertex 1.12904 22 1.35648
      vertex 1.11572 22 1.39174
    endloop
  endfacet
  facet normal 0.935476 0 0.35339
    outer loop
      vertex 1.12904 22 1.35648
      vertex 1.11572 20 1.39174
      vertex 1.12904 20 1.35648
    endloop
  endfacet
  facet normal 0.7604 0 -0.649455
    outer loop
      vertex 0.924606 20 0.185092
      vertex 0.900131 22 0.156436
      vertex 0.924606 22 0.185092
    endloop
  endfacet
  facet normal 0.7604 0 -0.649455
    outer loop
      vertex 0.900131 22 0.156436
      vertex 0.924606 20 0.185092
      vertex 0.900131 20 0.156436
    endloop
  endfacet
  facet normal 0.88373 -0 0.467997
    outer loop
      vertex 1.05156 20 1.52809
      vertex 1.0692 22 1.49478
      vertex 1.05156 22 1.52809
    endloop
  endfacet
  facet normal 0.88373 0 0.467997
    outer loop
      vertex 1.0692 22 1.49478
      vertex 1.05156 20 1.52809
      vertex 1.0692 20 1.49478
    endloop
  endfacet
  facet normal -0.575124 1.57258e-19 0.818066
    outer loop
      vertex -0.705338 22 1.92081
      vertex -0.6745 20 1.94249
      vertex -0.6745 22 1.94249
    endloop
  endfacet
  facet normal -0.575124 1.57258e-19 0.818066
    outer loop
      vertex -0.6745 20 1.94249
      vertex -0.705338 22 1.92081
      vertex -0.705338 20 1.92081
    endloop
  endfacet
  facet normal 0.955925 0 -0.293612
    outer loop
      vertex 1.15234 20 0.615222
      vertex 1.14127 22 0.579181
      vertex 1.15234 22 0.615222
    endloop
  endfacet
  facet normal 0.955925 0 -0.293612
    outer loop
      vertex 1.14127 22 0.579181
      vertex 1.15234 20 0.615222
      vertex 1.14127 20 0.579181
    endloop
  endfacet
  facet normal -0.799656 0 -0.600458
    outer loop
      vertex -0.948181 20 0.214526
      vertex -0.97081 22 0.244662
      vertex -0.948181 22 0.214526
    endloop
  endfacet
  facet normal -0.799656 -0 -0.600458
    outer loop
      vertex -0.97081 22 0.244662
      vertex -0.948181 20 0.214526
      vertex -0.97081 20 0.244662
    endloop
  endfacet
  facet normal -0.996911 0 0.0785429
    outer loop
      vertex -1.19763 20 1.02535
      vertex -1.19467 22 1.06292
      vertex -1.19763 22 1.02535
    endloop
  endfacet
  facet normal -0.996911 0 0.0785429
    outer loop
      vertex -1.19467 22 1.06292
      vertex -1.19763 20 1.02535
      vertex -1.19467 20 1.06292
    endloop
  endfacet
  facet normal -0.411614 -1.98697e-19 0.911358
    outer loop
      vertex -0.510925 22 2.03578
      vertex -0.476562 20 2.0513
      vertex -0.476562 22 2.0513
    endloop
  endfacet
  facet normal -0.411614 -1.98697e-19 0.911358
    outer loop
      vertex -0.476562 20 2.0513
      vertex -0.510925 22 2.03578
      vertex -0.510925 20 2.03578
    endloop
  endfacet
  facet normal -0.818029 0 -0.575177
    outer loop
      vertex -0.97081 20 0.244662
      vertex -0.992493 22 0.2755
      vertex -0.97081 22 0.244662
    endloop
  endfacet
  facet normal -0.818029 -0 -0.575177
    outer loop
      vertex -0.992493 22 0.2755
      vertex -0.97081 20 0.244662
      vertex -0.992493 20 0.2755
    endloop
  endfacet
  facet normal -0.923911 0 -0.382608
    outer loop
      vertex -1.1013 20 0.473437
      vertex -1.11572 22 0.508258
      vertex -1.1013 22 0.473437
    endloop
  endfacet
  facet normal -0.923911 -0 -0.382608
    outer loop
      vertex -1.11572 22 0.508258
      vertex -1.1013 20 0.473437
      vertex -1.11572 20 0.508258
    endloop
  endfacet
  facet normal -0.99691 0 -0.0785491
    outer loop
      vertex -1.19467 20 0.837085
      vertex -1.19763 22 0.874652
      vertex -1.19467 22 0.837085
    endloop
  endfacet
  facet normal -0.99691 -0 -0.0785491
    outer loop
      vertex -1.19763 22 0.874652
      vertex -1.19467 20 0.837085
      vertex -1.19763 20 0.874652
    endloop
  endfacet
  facet normal -0.548871 -6.77205e-19 0.835907
    outer loop
      vertex -0.6745 22 1.94249
      vertex -0.64299 20 1.96318
      vertex -0.64299 22 1.96318
    endloop
  endfacet
  facet normal -0.548871 -6.77205e-19 0.835907
    outer loop
      vertex -0.64299 20 1.96318
      vertex -0.6745 22 1.94249
      vertex -0.6745 20 1.94249
    endloop
  endfacet
  facet normal 0.625064 -4.13844e-19 0.780574
    outer loop
      vertex 0.735474 22 1.89818
      vertex 0.764908 20 1.87461
      vertex 0.764908 22 1.87461
    endloop
  endfacet
  facet normal 0.625064 -4.13844e-19 0.780574
    outer loop
      vertex 0.764908 20 1.87461
      vertex 0.735474 22 1.89818
      vertex 0.735474 20 1.89818
    endloop
  endfacet
  facet normal 0.979243 0 -0.202688
    outer loop
      vertex 1.17874 20 0.725146
      vertex 1.1711 22 0.688235
      vertex 1.17874 22 0.725146
    endloop
  endfacet
  facet normal 0.979243 0 -0.202688
    outer loop
      vertex 1.1711 22 0.688235
      vertex 1.17874 20 0.725146
      vertex 1.1711 20 0.688235
    endloop
  endfacet
  facet normal 0 1 0
    outer loop
      vertex 0.0376892 22 2.1494
      vertex -0.0376892 22 2.1494
      vertex 0 22 2.15
    endloop
  endfacet
  facet normal 0 1 0
    outer loop
      vertex 0.0753479 22 2.14763
      vertex -0.0376892 22 2.1494
      vertex 0.0376892 22 2.1494
    endloop
  endfacet
  facet normal 0 1 0
    outer loop
      vertex 0.0753479 22 2.14763
      vertex -0.0753479 22 2.14763
      vertex -0.0376892 22 2.1494
    endloop
  endfacet
  facet normal 0 1 0
    outer loop
      vertex 0.112915 22 2.14467
      vertex -0.0753479 22 2.14763
      vertex 0.0753479 22 2.14763
    endloop
  endfacet
  facet normal 0 1 0
    outer loop
      vertex 0.112915 22 2.14467
      vertex -0.112915 22 2.14467
      vertex -0.0753479 22 2.14763
    endloop
  endfacet
  facet normal 0 1 0
    outer loop
      vertex 0.150391 22 2.14054
      vertex -0.112915 22 2.14467
      vertex 0.112915 22 2.14467
    endloop
  endfacet
  facet normal 0 1 0
    outer loop
      vertex 0.150391 22 2.14054
      vertex -0.150391 22 2.14054
      vertex -0.112915 22 2.14467
    endloop
  endfacet
  facet normal 0 1 0
    outer loop
      vertex 0.187714 22 2.13521
      vertex -0.150391 22 2.14054
      vertex 0.150391 22 2.14054
    endloop
  endfacet
  facet normal 0 1 0
    outer loop
      vertex 0.187714 22 2.13521
      vertex -0.187714 22 2.13521
      vertex -0.150391 22 2.14054
    endloop
  endfacet
  facet normal 0 1 0
    outer loop
      vertex 0.224854 22 2.12874
      vertex -0.187714 22 2.13521
      vertex 0.187714 22 2.13521
    endloop
  endfacet
  facet normal 0 1 0
    outer loop
      vertex 0.224854 22 2.12874
      vertex -0.224854 22 2.12874
      vertex -0.187714 22 2.13521
    endloop
  endfacet
  facet normal 0 1 0
    outer loop
      vertex 0.261765 22 2.1211
      vertex -0.224854 22 2.12874
      vertex 0.224854 22 2.12874
    endloop
  endfacet
  facet normal 0 1 0
    outer loop
      vertex 0.261765 22 2.1211
      vertex -0.261765 22 2.1211
      vertex -0.224854 22 2.12874
    endloop
  endfacet
  facet normal 0 1 0
    outer loop
      vertex 0.298416 22 2.11229
      vertex -0.261765 22 2.1211
      vertex 0.261765 22 2.1211
    endloop
  endfacet
  facet normal 0 1 0
    outer loop
      vertex 0.298416 22 2.11229
      vertex -0.298416 22 2.11229
      vertex -0.261765 22 2.1211
    endloop
  endfacet
  facet normal 0 1 0
    outer loop
      vertex 0.334778 22 2.10234
      vertex -0.298416 22 2.11229
      vertex 0.298416 22 2.11229
    endloop
  endfacet
  facet normal 0 1 0
    outer loop
      vertex 0.334778 22 2.10234
      vertex -0.334778 22 2.10234
      vertex -0.298416 22 2.11229
    endloop
  endfacet
  facet normal 0 1 0
    outer loop
      vertex 0.370819 22 2.09127
      vertex -0.334778 22 2.10234
      vertex 0.334778 22 2.10234
    endloop
  endfacet
  facet normal 0 1 0
    outer loop
      vertex 0.370819 22 2.09127
      vertex -0.370819 22 2.09127
      vertex -0.334778 22 2.10234
    endloop
  endfacet
  facet normal 0 1 0
    outer loop
      vertex 0.406479 22 2.07904
      vertex -0.370819 22 2.09127
      vertex 0.370819 22 2.09127
    endloop
  endfacet
  facet normal 0 1 0
    outer loop
      vertex 0.406479 22 2.07904
      vertex -0.406479 22 2.07904
      vertex -0.370819 22 2.09127
    endloop
  endfacet
  facet normal 0 1 0
    outer loop
      vertex 0.441742 22 2.06572
      vertex -0.406479 22 2.07904
      vertex 0.406479 22 2.07904
    endloop
  endfacet
  facet normal 0 1 0
    outer loop
      vertex 0.441742 22 2.06572
      vertex -0.441742 22 2.06572
      vertex -0.406479 22 2.07904
    endloop
  endfacet
  facet normal 0 1 0
    outer loop
      vertex 0.476562 22 2.0513
      vertex -0.441742 22 2.06572
      vertex 0.441742 22 2.06572
    endloop
  endfacet
  facet normal 0 1 0
    outer loop
      vertex 0.476562 22 2.0513
      vertex -0.476562 22 2.0513
      vertex -0.441742 22 2.06572
    endloop
  endfacet
  facet normal 0 1 0
    outer loop
      vertex 0.510925 22 2.03578
      vertex -0.476562 22 2.0513
      vertex 0.476562 22 2.0513
    endloop
  endfacet
  facet normal 0 1 0
    outer loop
      vertex 0.510925 22 2.03578
      vertex -0.510925 22 2.03578
      vertex -0.476562 22 2.0513
    endloop
  endfacet
  facet normal 0 1 0
    outer loop
      vertex 0.544785 22 2.0192
      vertex -0.510925 22 2.03578
      vertex 0.510925 22 2.03578
    endloop
  endfacet
  facet normal 0 1 0
    outer loop
      vertex 0.544785 22 2.0192
      vertex -0.544785 22 2.0192
      vertex -0.510925 22 2.03578
    endloop
  endfacet
  facet normal 0 1 0
    outer loop
      vertex 0.578094 22 2.00156
      vertex -0.544785 22 2.0192
      vertex 0.544785 22 2.0192
    endloop
  endfacet
  facet normal 0 1 0
    outer loop
      vertex 0.578094 22 2.00156
      vertex -0.578094 22 2.00156
      vertex -0.544785 22 2.0192
    endloop
  endfacet
  facet normal 0 1 0
    outer loop
      vertex 0.61084 22 1.98288
      vertex -0.578094 22 2.00156
      vertex 0.578094 22 2.00156
    endloop
  endfacet
  facet normal 0 1 0
    outer loop
      vertex 0.61084 22 1.98288
      vertex -0.61084 22 1.98288
      vertex -0.578094 22 2.00156
    endloop
  endfacet
  facet normal 0 1 0
    outer loop
      vertex 0.64299 22 1.96318
      vertex -0.61084 22 1.98288
      vertex 0.61084 22 1.98288
    endloop
  endfacet
  facet normal 0 1 0
    outer loop
      vertex 0.64299 22 1.96318
      vertex -0.64299 22 1.96318
      vertex -0.61084 22 1.98288
    endloop
  endfacet
  facet normal 0 1 0
    outer loop
      vertex 0.6745 22 1.94249
      vertex -0.64299 22 1.96318
      vertex 0.64299 22 1.96318
    endloop
  endfacet
  facet normal 0 1 0
    outer loop
      vertex 0.6745 22 1.94249
      vertex -0.6745 22 1.94249
      vertex -0.64299 22 1.96318
    endloop
  endfacet
  facet normal 0 1 0
    outer loop
      vertex 0.705338 22 1.92081
      vertex -0.6745 22 1.94249
      vertex 0.6745 22 1.94249
    endloop
  endfacet
  facet normal 0 1 0
    outer loop
      vertex 0.705338 22 1.92081
      vertex -0.705338 22 1.92081
      vertex -0.6745 22 1.94249
    endloop
  endfacet
  facet normal 0 1 0
    outer loop
      vertex 0.735474 22 1.89818
      vertex -0.705338 22 1.92081
      vertex 0.705338 22 1.92081
    endloop
  endfacet
  facet normal 0 1 0
    outer loop
      vertex 0.735474 22 1.89818
      vertex -0.735474 22 1.89818
      vertex -0.705338 22 1.92081
    endloop
  endfacet
  facet normal 0 1 0
    outer loop
      vertex 0.764908 22 1.87461
      vertex -0.735474 22 1.89818
      vertex 0.735474 22 1.89818
    endloop
  endfacet
  facet normal 0 1 0
    outer loop
      vertex 0.764908 22 1.87461
      vertex -0.764908 22 1.87461
      vertex -0.735474 22 1.89818
    endloop
  endfacet
  facet normal 0 1 0
    outer loop
      vertex 0.793564 22 1.85013
      vertex -0.764908 22 1.87461
      vertex 0.764908 22 1.87461
    endloop
  endfacet
  facet normal 0 1 0
    outer loop
      vertex 0.793564 22 1.85013
      vertex -0.793564 22 1.85013
      vertex -0.764908 22 1.87461
    endloop
  endfacet
  facet normal 0 1 0
    outer loop
      vertex 0.821442 22 1.82476
      vertex -0.793564 22 1.85013
      vertex 0.793564 22 1.85013
    endloop
  endfacet
  facet normal 0 1 0
    outer loop
      vertex 0.821442 22 1.82476
      vertex -0.821442 22 1.82476
      vertex -0.793564 22 1.85013
    endloop
  endfacet
  facet normal 0 1 0
    outer loop
      vertex 0.848526 22 1.79853
      vertex -0.821442 22 1.82476
      vertex 0.821442 22 1.82476
    endloop
  endfacet
  facet normal 0 1 0
    outer loop
      vertex 0.848526 22 1.79853
      vertex -0.848526 22 1.79853
      vertex -0.821442 22 1.82476
    endloop
  endfacet
  facet normal 0 1 0
    outer loop
      vertex 0.874756 22 1.77144
      vertex -0.848526 22 1.79853
      vertex 0.848526 22 1.79853
    endloop
  endfacet
  facet normal 0 1 0
    outer loop
      vertex 0.874756 22 1.77144
      vertex -0.874756 22 1.77144
      vertex -0.848526 22 1.79853
    endloop
  endfacet
  facet normal 0 1 0
    outer loop
      vertex 0.900131 22 1.74356
      vertex -0.874756 22 1.77144
      vertex 0.874756 22 1.77144
    endloop
  endfacet
  facet normal 0 1 0
    outer loop
      vertex 0.900131 22 1.74356
      vertex -0.900131 22 1.74356
      vertex -0.874756 22 1.77144
    endloop
  endfacet
  facet normal 0 1 0
    outer loop
      vertex 0.924606 22 1.71491
      vertex -0.900131 22 1.74356
      vertex 0.900131 22 1.74356
    endloop
  endfacet
  facet normal 0 1 0
    outer loop
      vertex 0.924606 22 1.71491
      vertex -0.924606 22 1.71491
      vertex -0.900131 22 1.74356
    endloop
  endfacet
  facet normal 0 1 0
    outer loop
      vertex 0.948181 22 1.68547
      vertex -0.924606 22 1.71491
      vertex 0.924606 22 1.71491
    endloop
  endfacet
  facet normal 0 1 0
    outer loop
      vertex 0.948181 22 1.68547
      vertex -0.948181 22 1.68547
      vertex -0.924606 22 1.71491
    endloop
  endfacet
  facet normal 0 1 0
    outer loop
      vertex 0.97081 22 1.65534
      vertex -0.948181 22 1.68547
      vertex 0.948181 22 1.68547
    endloop
  endfacet
  facet normal 0 1 0
    outer loop
      vertex 0.97081 22 1.65534
      vertex -0.97081 22 1.65534
      vertex -0.948181 22 1.68547
    endloop
  endfacet
  facet normal 0 1 0
    outer loop
      vertex 0.992493 22 1.6245
      vertex -0.97081 22 1.65534
      vertex 0.97081 22 1.65534
    endloop
  endfacet
  facet normal 0 1 0
    outer loop
      vertex 0.992493 22 1.6245
      vertex -0.992493 22 1.6245
      vertex -0.97081 22 1.65534
    endloop
  endfacet
  facet normal 0 1 0
    outer loop
      vertex 1.01318 22 1.59299
      vertex -0.992493 22 1.6245
      vertex 0.992493 22 1.6245
    endloop
  endfacet
  facet normal 0 1 0
    outer loop
      vertex 1.01318 22 1.59299
      vertex -1.01318 22 1.59299
      vertex -0.992493 22 1.6245
    endloop
  endfacet
  facet normal 0 1 0
    outer loop
      vertex 1.03288 22 1.56084
      vertex -1.01318 22 1.59299
      vertex 1.01318 22 1.59299
    endloop
  endfacet
  facet normal 0 1 0
    outer loop
      vertex 1.03288 22 1.56084
      vertex -1.03288 22 1.56084
      vertex -1.01318 22 1.59299
    endloop
  endfacet
  facet normal 0 1 0
    outer loop
      vertex 1.05156 22 1.52809
      vertex -1.03288 22 1.56084
      vertex 1.03288 22 1.56084
    endloop
  endfacet
  facet normal 0 1 0
    outer loop
      vertex 1.05156 22 1.52809
      vertex -1.05156 22 1.52809
      vertex -1.03288 22 1.56084
    endloop
  endfacet
  facet normal 0 1 0
    outer loop
      vertex 1.0692 22 1.49478
      vertex -1.05156 22 1.52809
      vertex 1.05156 22 1.52809
    endloop
  endfacet
  facet normal 0 1 0
    outer loop
      vertex 1.0692 22 1.49478
      vertex -1.0692 22 1.49478
      vertex -1.05156 22 1.52809
    endloop
  endfacet
  facet normal 0 1 0
    outer loop
      vertex 1.08578 22 1.46093
      vertex -1.0692 22 1.49478
      vertex 1.0692 22 1.49478
    endloop
  endfacet
  facet normal 0 1 0
    outer loop
      vertex 1.08578 22 1.46093
      vertex -1.08578 22 1.46093
      vertex -1.0692 22 1.49478
    endloop
  endfacet
  facet normal 0 1 0
    outer loop
      vertex 1.1013 22 1.42656
      vertex -1.08578 22 1.46093
      vertex 1.08578 22 1.46093
    endloop
  endfacet
  facet normal 0 1 0
    outer loop
      vertex 1.1013 22 1.42656
      vertex -1.1013 22 1.42656
      vertex -1.08578 22 1.46093
    endloop
  endfacet
  facet normal 0 1 0
    outer loop
      vertex 1.11572 22 1.39174
      vertex -1.1013 22 1.42656
      vertex 1.1013 22 1.42656
    endloop
  endfacet
  facet normal 0 1 0
    outer loop
      vertex 1.11572 22 1.39174
      vertex -1.11572 22 1.39174
      vertex -1.1013 22 1.42656
    endloop
  endfacet
  facet normal 0 1 0
    outer loop
      vertex 1.12904 22 1.35648
      vertex -1.11572 22 1.39174
      vertex 1.11572 22 1.39174
    endloop
  endfacet
  facet normal 0 1 0
    outer loop
      vertex 1.12904 22 1.35648
      vertex -1.12904 22 1.35648
      vertex -1.11572 22 1.39174
    endloop
  endfacet
  facet normal 0 1 0
    outer loop
      vertex 1.14127 22 1.32082
      vertex -1.12904 22 1.35648
      vertex 1.12904 22 1.35648
    endloop
  endfacet
  facet normal 0 1 0
    outer loop
      vertex 1.14127 22 1.32082
      vertex -1.14127 22 1.32082
      vertex -1.12904 22 1.35648
    endloop
  endfacet
  facet normal 0 1 0
    outer loop
      vertex 1.15234 22 1.28478
      vertex -1.14127 22 1.32082
      vertex 1.14127 22 1.32082
    endloop
  endfacet
  facet normal 0 1 0
    outer loop
      vertex 1.15234 22 1.28478
      vertex -1.15234 22 1.28478
      vertex -1.14127 22 1.32082
    endloop
  endfacet
  facet normal 0 1 0
    outer loop
      vertex 1.16229 22 1.24842
      vertex -1.15234 22 1.28478
      vertex 1.15234 22 1.28478
    endloop
  endfacet
  facet normal 0 1 0
    outer loop
      vertex 1.16229 22 1.24842
      vertex -1.16229 22 1.24842
      vertex -1.15234 22 1.28478
    endloop
  endfacet
  facet normal 0 1 0
    outer loop
      vertex 1.1711 22 1.21176
      vertex -1.16229 22 1.24842
      vertex 1.16229 22 1.24842
    endloop
  endfacet
  facet normal 0 1 0
    outer loop
      vertex 1.1711 22 1.21176
      vertex -1.1711 22 1.21176
      vertex -1.16229 22 1.24842
    endloop
  endfacet
  facet normal 0 1 0
    outer loop
      vertex 1.17874 22 1.17485
      vertex -1.1711 22 1.21176
      vertex 1.1711 22 1.21176
    endloop
  endfacet
  facet normal 0 1 0
    outer loop
      vertex 1.17874 22 1.17485
      vertex -1.17874 22 1.17485
      vertex -1.1711 22 1.21176
    endloop
  endfacet
  facet normal 0 1 0
    outer loop
      vertex 1.18521 22 1.13771
      vertex -1.17874 22 1.17485
      vertex 1.17874 22 1.17485
    endloop
  endfacet
  facet normal 0 1 0
    outer loop
      vertex 1.18521 22 1.13771
      vertex -1.18521 22 1.13771
      vertex -1.17874 22 1.17485
    endloop
  endfacet
  facet normal 0 1 0
    outer loop
      vertex 1.19054 22 1.10039
      vertex -1.18521 22 1.13771
      vertex 1.18521 22 1.13771
    endloop
  endfacet
  facet normal 0 1 0
    outer loop
      vertex 1.19054 22 1.10039
      vertex -1.19054 22 1.10039
      vertex -1.18521 22 1.13771
    endloop
  endfacet
  facet normal 0 1 0
    outer loop
      vertex 1.19467 22 1.06292
      vertex -1.19054 22 1.10039
      vertex 1.19054 22 1.10039
    endloop
  endfacet
  facet normal 0 1 0
    outer loop
      vertex 1.19467 22 1.06292
      vertex -1.19467 22 1.06292
      vertex -1.19054 22 1.10039
    endloop
  endfacet
  facet normal 0 1 0
    outer loop
      vertex 1.19763 22 1.02535
      vertex -1.19467 22 1.06292
      vertex 1.19467 22 1.06292
    endloop
  endfacet
  facet normal 0 1 0
    outer loop
      vertex 1.19763 22 1.02535
      vertex -1.19763 22 1.02535
      vertex -1.19467 22 1.06292
    endloop
  endfacet
  facet normal 0 1 0
    outer loop
      vertex 1.1994 22 0.987689
      vertex -1.19763 22 1.02535
      vertex 1.19763 22 1.02535
    endloop
  endfacet
  facet normal 0 1 0
    outer loop
      vertex 1.1994 22 0.987689
      vertex -1.1994 22 0.987689
      vertex -1.19763 22 1.02535
    endloop
  endfacet
  facet normal 0 1 0
    outer loop
      vertex 1.2 22 0.95
      vertex -1.1994 22 0.987689
      vertex 1.1994 22 0.987689
    endloop
  endfacet
  facet normal 0 1 0
    outer loop
      vertex 1.2 22 0.95
      vertex -1.2 22 0.95
      vertex -1.1994 22 0.987689
    endloop
  endfacet
  facet normal 0 1 -0
    outer loop
      vertex 1.1994 22 0.912311
      vertex -1.2 22 0.95
      vertex 1.2 22 0.95
    endloop
  endfacet
  facet normal 0 1 0
    outer loop
      vertex 1.1994 22 0.912311
      vertex -1.1994 22 0.912311
      vertex -1.2 22 0.95
    endloop
  endfacet
  facet normal 0 1 -0
    outer loop
      vertex 1.19763 22 0.874652
      vertex -1.1994 22 0.912311
      vertex 1.1994 22 0.912311
    endloop
  endfacet
  facet normal 0 1 0
    outer loop
      vertex 1.19763 22 0.874652
      vertex -1.19763 22 0.874652
      vertex -1.1994 22 0.912311
    endloop
  endfacet
  facet normal 0 1 -0
    outer loop
      vertex 1.19467 22 0.837085
      vertex -1.19763 22 0.874652
      vertex 1.19763 22 0.874652
    endloop
  endfacet
  facet normal 0 1 0
    outer loop
      vertex 1.19467 22 0.837085
      vertex -1.19467 22 0.837085
      vertex -1.19763 22 0.874652
    endloop
  endfacet
  facet normal 0 1 -0
    outer loop
      vertex 1.19054 22 0.799609
      vertex -1.19467 22 0.837085
      vertex 1.19467 22 0.837085
    endloop
  endfacet
  facet normal 0 1 0
    outer loop
      vertex 1.19054 22 0.799609
      vertex -1.19054 22 0.799609
      vertex -1.19467 22 0.837085
    endloop
  endfacet
  facet normal 0 1 -0
    outer loop
      vertex 1.18521 22 0.762286
      vertex -1.19054 22 0.799609
      vertex 1.19054 22 0.799609
    endloop
  endfacet
  facet normal 0 1 0
    outer loop
      vertex 1.18521 22 0.762286
      vertex -1.18521 22 0.762286
      vertex -1.19054 22 0.799609
    endloop
  endfacet
  facet normal 0 1 -0
    outer loop
      vertex 1.17874 22 0.725146
      vertex -1.18521 22 0.762286
      vertex 1.18521 22 0.762286
    endloop
  endfacet
  facet normal 0 1 0
    outer loop
      vertex 1.17874 22 0.725146
      vertex -1.17874 22 0.725146
      vertex -1.18521 22 0.762286
    endloop
  endfacet
  facet normal 0 1 -0
    outer loop
      vertex 1.1711 22 0.688235
      vertex -1.17874 22 0.725146
      vertex 1.17874 22 0.725146
    endloop
  endfacet
  facet normal 0 1 0
    outer loop
      vertex 1.1711 22 0.688235
      vertex -1.1711 22 0.688235
      vertex -1.17874 22 0.725146
    endloop
  endfacet
  facet normal 0 1 -0
    outer loop
      vertex 1.16229 22 0.651584
      vertex -1.1711 22 0.688235
      vertex 1.1711 22 0.688235
    endloop
  endfacet
  facet normal 0 1 0
    outer loop
      vertex 1.16229 22 0.651584
      vertex -1.16229 22 0.651584
      vertex -1.1711 22 0.688235
    endloop
  endfacet
  facet normal 0 1 -0
    outer loop
      vertex 1.15234 22 0.615222
      vertex -1.16229 22 0.651584
      vertex 1.16229 22 0.651584
    endloop
  endfacet
  facet normal 0 1 0
    outer loop
      vertex 1.15234 22 0.615222
      vertex -1.15234 22 0.615222
      vertex -1.16229 22 0.651584
    endloop
  endfacet
  facet normal 0 1 -0
    outer loop
      vertex 1.14127 22 0.579181
      vertex -1.15234 22 0.615222
      vertex 1.15234 22 0.615222
    endloop
  endfacet
  facet normal 0 1 0
    outer loop
      vertex 1.14127 22 0.579181
      vertex -1.14127 22 0.579181
      vertex -1.15234 22 0.615222
    endloop
  endfacet
  facet normal 0 1 -0
    outer loop
      vertex 1.12904 22 0.543521
      vertex -1.14127 22 0.579181
      vertex 1.14127 22 0.579181
    endloop
  endfacet
  facet normal 0 1 0
    outer loop
      vertex 1.12904 22 0.543521
      vertex -1.12904 22 0.543521
      vertex -1.14127 22 0.579181
    endloop
  endfacet
  facet normal 0 1 -0
    outer loop
      vertex 1.11572 22 0.508258
      vertex -1.12904 22 0.543521
      vertex 1.12904 22 0.543521
    endloop
  endfacet
  facet normal 0 1 0
    outer loop
      vertex 1.11572 22 0.508258
      vertex -1.11572 22 0.508258
      vertex -1.12904 22 0.543521
    endloop
  endfacet
  facet normal 0 1 -0
    outer loop
      vertex 1.1013 22 0.473437
      vertex -1.11572 22 0.508258
      vertex 1.11572 22 0.508258
    endloop
  endfacet
  facet normal 0 1 0
    outer loop
      vertex 1.1013 22 0.473437
      vertex -1.1013 22 0.473437
      vertex -1.11572 22 0.508258
    endloop
  endfacet
  facet normal 0 1 -0
    outer loop
      vertex 1.08578 22 0.439075
      vertex -1.1013 22 0.473437
      vertex 1.1013 22 0.473437
    endloop
  endfacet
  facet normal 0 1 0
    outer loop
      vertex 1.08578 22 0.439075
      vertex -1.08578 22 0.439075
      vertex -1.1013 22 0.473437
    endloop
  endfacet
  facet normal 0 1 -0
    outer loop
      vertex 1.0692 22 0.405215
      vertex -1.08578 22 0.439075
      vertex 1.08578 22 0.439075
    endloop
  endfacet
  facet normal 0 1 0
    outer loop
      vertex 1.0692 22 0.405215
      vertex -1.0692 22 0.405215
      vertex -1.08578 22 0.439075
    endloop
  endfacet
  facet normal 0 1 -0
    outer loop
      vertex 1.05156 22 0.371906
      vertex -1.0692 22 0.405215
      vertex 1.0692 22 0.405215
    endloop
  endfacet
  facet normal 0 1 0
    outer loop
      vertex 1.05156 22 0.371906
      vertex -1.05156 22 0.371906
      vertex -1.0692 22 0.405215
    endloop
  endfacet
  facet normal 0 1 -0
    outer loop
      vertex 1.03288 22 0.33916
      vertex -1.05156 22 0.371906
      vertex 1.05156 22 0.371906
    endloop
  endfacet
  facet normal 0 1 0
    outer loop
      vertex 1.03288 22 0.33916
      vertex -1.03288 22 0.33916
      vertex -1.05156 22 0.371906
    endloop
  endfacet
  facet normal 0 1 -0
    outer loop
      vertex 1.01318 22 0.30701
      vertex -1.03288 22 0.33916
      vertex 1.03288 22 0.33916
    endloop
  endfacet
  facet normal 0 1 0
    outer loop
      vertex 1.01318 22 0.30701
      vertex -1.01318 22 0.30701
      vertex -1.03288 22 0.33916
    endloop
  endfacet
  facet normal 0 1 -0
    outer loop
      vertex 0.992493 22 0.2755
      vertex -1.01318 22 0.30701
      vertex 1.01318 22 0.30701
    endloop
  endfacet
  facet normal 0 1 0
    outer loop
      vertex 0.992493 22 0.2755
      vertex -0.992493 22 0.2755
      vertex -1.01318 22 0.30701
    endloop
  endfacet
  facet normal 0 1 -0
    outer loop
      vertex 0.97081 22 0.244662
      vertex -0.992493 22 0.2755
      vertex 0.992493 22 0.2755
    endloop
  endfacet
  facet normal 0 1 0
    outer loop
      vertex 0.97081 22 0.244662
      vertex -0.97081 22 0.244662
      vertex -0.992493 22 0.2755
    endloop
  endfacet
  facet normal 0 1 -0
    outer loop
      vertex 0.948181 22 0.214526
      vertex -0.97081 22 0.244662
      vertex 0.97081 22 0.244662
    endloop
  endfacet
  facet normal 0 1 0
    outer loop
      vertex 0.948181 22 0.214526
      vertex -0.948181 22 0.214526
      vertex -0.97081 22 0.244662
    endloop
  endfacet
  facet normal 0 1 -0
    outer loop
      vertex 0.924606 22 0.185092
      vertex -0.948181 22 0.214526
      vertex 0.948181 22 0.214526
    endloop
  endfacet
  facet normal 0 1 0
    outer loop
      vertex 0.924606 22 0.185092
      vertex -0.924606 22 0.185092
      vertex -0.948181 22 0.214526
    endloop
  endfacet
  facet normal 0 1 -0
    outer loop
      vertex 0.900131 22 0.156436
      vertex -0.924606 22 0.185092
      vertex 0.924606 22 0.185092
    endloop
  endfacet
  facet normal 0 1 0
    outer loop
      vertex 0.900131 22 0.156436
      vertex -0.900131 22 0.156436
      vertex -0.924606 22 0.185092
    endloop
  endfacet
  facet normal 0 1 -0
    outer loop
      vertex 0.874756 22 0.128558
      vertex -0.900131 22 0.156436
      vertex 0.900131 22 0.156436
    endloop
  endfacet
  facet normal 0 1 0
    outer loop
      vertex 0.874756 22 0.128558
      vertex -0.874756 22 0.128558
      vertex -0.900131 22 0.156436
    endloop
  endfacet
  facet normal 0 1 -0
    outer loop
      vertex 0.848526 22 0.101474
      vertex -0.874756 22 0.128558
      vertex 0.874756 22 0.128558
    endloop
  endfacet
  facet normal 0 1 0
    outer loop
      vertex 0.848526 22 0.101474
      vertex -0.848526 22 0.101474
      vertex -0.874756 22 0.128558
    endloop
  endfacet
  facet normal 0 1 -0
    outer loop
      vertex 0.821442 22 0.0752441
      vertex -0.848526 22 0.101474
      vertex 0.848526 22 0.101474
    endloop
  endfacet
  facet normal 0 1 0
    outer loop
      vertex 0.821442 22 0.0752441
      vertex -0.821442 22 0.0752441
      vertex -0.848526 22 0.101474
    endloop
  endfacet
  facet normal 0 1 -0
    outer loop
      vertex 0.793564 22 0.0498688
      vertex -0.821442 22 0.0752441
      vertex 0.821442 22 0.0752441
    endloop
  endfacet
  facet normal 0 1 0
    outer loop
      vertex 0.793564 22 0.0498688
      vertex -0.793564 22 0.0498688
      vertex -0.821442 22 0.0752441
    endloop
  endfacet
  facet normal 0 1 -0
    outer loop
      vertex 0.764908 22 0.0253937
      vertex -0.793564 22 0.0498688
      vertex 0.793564 22 0.0498688
    endloop
  endfacet
  facet normal 0 1 0
    outer loop
      vertex 0.764908 22 0.0253937
      vertex -0.764908 22 0.0253937
      vertex -0.793564 22 0.0498688
    endloop
  endfacet
  facet normal 0 1 0
    outer loop
      vertex 0.733063 22 3.05176e-06
      vertex 0.764908 22 0.0253937
      vertex 0.735474 22 0.00181885
    endloop
  endfacet
  facet normal 0 1 0
    outer loop
      vertex 0.764908 22 0.0253937
      vertex 0.733063 22 3.05176e-06
      vertex -0.764908 22 0.0253937
    endloop
  endfacet
  facet normal 0 1 -0
    outer loop
      vertex -0.733063 22 3.05176e-06
      vertex -0.764908 22 0.0253937
      vertex 0.733063 22 3.05176e-06
    endloop
  endfacet
  facet normal 0 1 0
    outer loop
      vertex -0.764908 22 0.0253937
      vertex -0.733063 22 3.05176e-06
      vertex -0.735474 22 0.00181885
    endloop
  endfacet
  facet normal 0.852658 0 -0.522469
    outer loop
      vertex 1.03288 20 0.33916
      vertex 1.01318 22 0.30701
      vertex 1.03288 22 0.33916
    endloop
  endfacet
  facet normal 0.852658 0 -0.522469
    outer loop
      vertex 1.01318 22 0.30701
      vertex 1.03288 20 0.33916
      vertex 1.01318 20 0.30701
    endloop
  endfacet
  facet normal -0.835944 0 -0.548815
    outer loop
      vertex -0.992493 20 0.2755
      vertex -1.01318 22 0.30701
      vertex -0.992493 22 0.2755
    endloop
  endfacet
  facet normal -0.835944 -0 -0.548815
    outer loop
      vertex -1.01318 22 0.30701
      vertex -0.992493 20 0.2755
      vertex -1.01318 20 0.30701
    endloop
  endfacet
  facet normal -0.649532 6.16824e-19 0.760334
    outer loop
      vertex -0.793564 22 1.85013
      vertex -0.764908 20 1.87461
      vertex -0.764908 22 1.87461
    endloop
  endfacet
  facet normal -0.649532 6.16824e-19 0.760334
    outer loop
      vertex -0.764908 20 1.87461
      vertex -0.793564 22 1.85013
      vertex -0.793564 20 1.85013
    endloop
  endfacet
  facet normal 0.739526 0 -0.673128
    outer loop
      vertex 0.900131 20 0.156436
      vertex 0.874756 22 0.128558
      vertex 0.900131 22 0.156436
    endloop
  endfacet
  facet normal 0.739526 0 -0.673128
    outer loop
      vertex 0.874756 22 0.128558
      vertex 0.900131 20 0.156436
      vertex 0.874756 20 0.128558
    endloop
  endfacet
  facet normal 0.868609 0 -0.495499
    outer loop
      vertex 1.05156 20 0.371906
      vertex 1.03288 22 0.33916
      vertex 1.05156 22 0.371906
    endloop
  endfacet
  facet normal 0.868609 0 -0.495499
    outer loop
      vertex 1.03288 22 0.33916
      vertex 1.05156 20 0.371906
      vertex 1.03288 20 0.33916
    endloop
  endfacet
  facet normal 0.673133 6.03096e-19 -0.739522
    outer loop
      vertex 0.793564 20 0.0498688
      vertex 0.821442 22 0.0752441
      vertex 0.821442 20 0.0752441
    endloop
  endfacet
  facet normal 0.673133 6.03096e-19 -0.739522
    outer loop
      vertex 0.821442 22 0.0752441
      vertex 0.793564 20 0.0498688
      vertex 0.793564 22 0.0498688
    endloop
  endfacet
  facet normal 0.495499 6.52091e-19 0.868609
    outer loop
      vertex 0.578094 22 2.00156
      vertex 0.61084 20 1.98288
      vertex 0.61084 22 1.98288
    endloop
  endfacet
  facet normal 0.495499 6.52091e-19 0.868609
    outer loop
      vertex 0.61084 20 1.98288
      vertex 0.578094 22 2.00156
      vertex 0.578094 20 2.00156
    endloop
  endfacet
  facet normal -0.979243 0 -0.202688
    outer loop
      vertex -1.1711 20 0.688235
      vertex -1.17874 22 0.725146
      vertex -1.1711 22 0.688235
    endloop
  endfacet
  facet normal -0.979243 -0 -0.202688
    outer loop
      vertex -1.17874 22 0.725146
      vertex -1.1711 20 0.688235
      vertex -1.17874 20 0.725146
    endloop
  endfacet
  facet normal -0.993982 0 -0.109541
    outer loop
      vertex -1.19054 20 0.799609
      vertex -1.19467 22 0.837085
      vertex -1.19054 22 0.799609
    endloop
  endfacet
  facet normal -0.993982 -0 -0.109541
    outer loop
      vertex -1.19467 22 0.837085
      vertex -1.19054 20 0.799609
      vertex -1.19467 20 0.837085
    endloop
  endfacet
  facet normal 0.600475 -1.15725e-19 0.799643
    outer loop
      vertex 0.705338 22 1.92081
      vertex 0.735474 20 1.89818
      vertex 0.735474 22 1.89818
    endloop
  endfacet
  facet normal 0.600475 -1.15725e-19 0.799643
    outer loop
      vertex 0.735474 20 1.89818
      vertex 0.705338 22 1.92081
      vertex 0.705338 20 1.92081
    endloop
  endfacet
  facet normal -0.868609 0 -0.495499
    outer loop
      vertex -1.03288 20 0.33916
      vertex -1.05156 22 0.371906
      vertex -1.03288 22 0.33916
    endloop
  endfacet
  facet normal -0.868609 -0 -0.495499
    outer loop
      vertex -1.05156 22 0.371906
      vertex -1.03288 20 0.33916
      vertex -1.05156 20 0.371906
    endloop
  endfacet
  facet normal -0.868635 0 0.495453
    outer loop
      vertex -1.05156 20 1.52809
      vertex -1.03288 22 1.56084
      vertex -1.05156 22 1.52809
    endloop
  endfacet
  facet normal -0.868635 0 0.495453
    outer loop
      vertex -1.03288 22 1.56084
      vertex -1.05156 20 1.52809
      vertex -1.03288 20 1.56084
    endloop
  endfacet
  facet normal -0.998897 0 -0.0469489
    outer loop
      vertex -1.19763 20 0.874652
      vertex -1.1994 22 0.912311
      vertex -1.19763 22 0.874652
    endloop
  endfacet
  facet normal -0.998897 -0 -0.0469489
    outer loop
      vertex -1.1994 22 0.912311
      vertex -1.19763 20 0.874652
      vertex -1.1994 20 0.912311
    endloop
  endfacet
  facet normal -0.601599 8.57213e-21 -0.798798
    outer loop
      vertex -0.735474 20 0.00181885
      vertex -0.733063 22 3.05176e-06
      vertex -0.733063 20 3.05176e-06
    endloop
  endfacet
  facet normal -0.601599 8.57213e-21 -0.798798
    outer loop
      vertex -0.733063 22 3.05176e-06
      vertex -0.735474 20 0.00181885
      vertex -0.735474 22 0.00181885
    endloop
  endfacet
  facet normal 0.141373 8.89682e-20 0.989956
    outer loop
      vertex 0.150391 22 2.14054
      vertex 0.187714 20 2.13521
      vertex 0.187714 22 2.13521
    endloop
  endfacet
  facet normal 0.141373 8.89682e-20 0.989956
    outer loop
      vertex 0.187714 20 2.13521
      vertex 0.150391 22 2.14054
      vertex 0.150391 20 2.14054
    endloop
  endfacet
  facet normal 0.73955 -0 0.673102
    outer loop
      vertex 0.874756 20 1.77144
      vertex 0.900131 22 1.74356
      vertex 0.874756 22 1.77144
    endloop
  endfacet
  facet normal 0.73955 0 0.673102
    outer loop
      vertex 0.900131 22 1.74356
      vertex 0.874756 20 1.77144
      vertex 0.900131 20 1.74356
    endloop
  endfacet
  facet normal -0.955925 0 -0.293612
    outer loop
      vertex -1.14127 20 0.579181
      vertex -1.15234 22 0.615222
      vertex -1.14127 22 0.579181
    endloop
  endfacet
  facet normal -0.955925 -0 -0.293612
    outer loop
      vertex -1.15234 22 0.615222
      vertex -1.14127 20 0.579181
      vertex -1.15234 20 0.615222
    endloop
  endfacet
  facet normal 0.985163 -0 0.171621
    outer loop
      vertex 1.17874 20 1.17485
      vertex 1.18521 22 1.13771
      vertex 1.17874 22 1.17485
    endloop
  endfacet
  facet normal 0.985163 0 0.171621
    outer loop
      vertex 1.18521 22 1.13771
      vertex 1.17874 20 1.17485
      vertex 1.18521 20 1.13771
    endloop
  endfacet
  facet normal 0.998897 0 -0.0469489
    outer loop
      vertex 1.1994 20 0.912311
      vertex 1.19763 22 0.874652
      vertex 1.1994 22 0.912311
    endloop
  endfacet
  facet normal 0.998897 0 -0.0469489
    outer loop
      vertex 1.19763 22 0.874652
      vertex 1.1994 20 0.912311
      vertex 1.19763 20 0.874652
    endloop
  endfacet
  facet normal 0.923911 0 -0.382608
    outer loop
      vertex 1.11572 20 0.508258
      vertex 1.1013 22 0.473437
      vertex 1.11572 22 0.508258
    endloop
  endfacet
  facet normal 0.923911 0 -0.382608
    outer loop
      vertex 1.1013 22 0.473437
      vertex 1.11572 20 0.508258
      vertex 1.1013 20 0.473437
    endloop
  endfacet
  facet normal -0.141373 -8.89682e-20 0.989956
    outer loop
      vertex -0.187714 22 2.13521
      vertex -0.150391 20 2.14054
      vertex -0.150391 22 2.14054
    endloop
  endfacet
  facet normal -0.141373 -8.89682e-20 0.989956
    outer loop
      vertex -0.150391 20 2.14054
      vertex -0.187714 22 2.13521
      vertex -0.187714 20 2.13521
    endloop
  endfacet
  facet normal 0.818046 -0 0.575152
    outer loop
      vertex 0.97081 20 1.65534
      vertex 0.992493 22 1.6245
      vertex 0.97081 22 1.65534
    endloop
  endfacet
  facet normal 0.818046 0 0.575152
    outer loop
      vertex 0.992493 22 1.6245
      vertex 0.97081 20 1.65534
      vertex 0.992493 20 1.6245
    endloop
  endfacet
  facet normal 0.911354 0 -0.411624
    outer loop
      vertex 1.1013 20 0.473437
      vertex 1.08578 22 0.439075
      vertex 1.1013 22 0.473437
    endloop
  endfacet
  facet normal 0.911354 0 -0.411624
    outer loop
      vertex 1.08578 22 0.439075
      vertex 1.1013 20 0.473437
      vertex 1.08578 20 0.439075
    endloop
  endfacet
  facet normal -0.382617 -4.80728e-19 0.923907
    outer loop
      vertex -0.476562 22 2.0513
      vertex -0.441742 20 2.06572
      vertex -0.441742 22 2.06572
    endloop
  endfacet
  facet normal -0.382617 -4.80728e-19 0.923907
    outer loop
      vertex -0.441742 20 2.06572
      vertex -0.476562 22 2.0513
      vertex -0.476562 20 2.0513
    endloop
  endfacet
  facet normal 0.964541 0 -0.263934
    outer loop
      vertex 1.16229 20 0.651584
      vertex 1.15234 22 0.615222
      vertex 1.16229 22 0.651584
    endloop
  endfacet
  facet normal 0.964541 0 -0.263934
    outer loop
      vertex 1.15234 22 0.615222
      vertex 1.16229 20 0.651584
      vertex 1.15234 20 0.615222
    endloop
  endfacet
  facet normal -0.468008 -3.73578e-19 0.883724
    outer loop
      vertex -0.578094 22 2.00156
      vertex -0.544785 20 2.0192
      vertex -0.544785 22 2.0192
    endloop
  endfacet
  facet normal -0.468008 -3.73578e-19 0.883724
    outer loop
      vertex -0.544785 20 2.0192
      vertex -0.578094 22 2.00156
      vertex -0.578094 20 2.00156
    endloop
  endfacet
  facet normal 0.799599 -0 0.600535
    outer loop
      vertex 0.948181 20 1.68547
      vertex 0.97081 22 1.65534
      vertex 0.948181 22 1.68547
    endloop
  endfacet
  facet normal 0.799599 0 0.600535
    outer loop
      vertex 0.97081 22 1.65534
      vertex 0.948181 20 1.68547
      vertex 0.97081 20 1.65534
    endloop
  endfacet
  facet normal 0.780571 -0 0.625067
    outer loop
      vertex 0.924606 20 1.71491
      vertex 0.948181 22 1.68547
      vertex 0.924606 22 1.71491
    endloop
  endfacet
  facet normal 0.780571 0 0.625067
    outer loop
      vertex 0.948181 22 1.68547
      vertex 0.924606 20 1.71491
      vertex 0.948181 20 1.68547
    endloop
  endfacet
  facet normal 0.972317 -0 0.233664
    outer loop
      vertex 1.16229 20 1.24842
      vertex 1.1711 22 1.21176
      vertex 1.16229 22 1.24842
    endloop
  endfacet
  facet normal 0.972317 0 0.233664
    outer loop
      vertex 1.1711 22 1.21176
      vertex 1.16229 20 1.24842
      vertex 1.1711 20 1.21176
    endloop
  endfacet
  facet normal -0.109541 5.42262e-20 0.993982
    outer loop
      vertex -0.150391 22 2.14054
      vertex -0.112915 20 2.14467
      vertex -0.112915 22 2.14467
    endloop
  endfacet
  facet normal -0.109541 5.42262e-20 0.993982
    outer loop
      vertex -0.112915 20 2.14467
      vertex -0.150391 22 2.14054
      vertex -0.150391 20 2.14054
    endloop
  endfacet
  facet normal -0.202688 1.51345e-19 0.979243
    outer loop
      vertex -0.261765 22 2.1211
      vertex -0.224854 20 2.12874
      vertex -0.224854 22 2.12874
    endloop
  endfacet
  facet normal -0.202688 1.51345e-19 0.979243
    outer loop
      vertex -0.224854 20 2.12874
      vertex -0.261765 22 2.1211
      vertex -0.261765 20 2.1211
    endloop
  endfacet
  facet normal 0.985163 0 -0.171621
    outer loop
      vertex 1.18521 20 0.762286
      vertex 1.17874 22 0.725146
      vertex 1.18521 22 0.762286
    endloop
  endfacet
  facet normal 0.985163 0 -0.171621
    outer loop
      vertex 1.17874 22 0.725146
      vertex 1.18521 20 0.762286
      vertex 1.17874 20 0.725146
    endloop
  endfacet
  facet normal 0.324412 -1.81327e-19 0.945916
    outer loop
      vertex 0.370819 22 2.09127
      vertex 0.406479 20 2.07904
      vertex 0.406479 22 2.07904
    endloop
  endfacet
  facet normal 0.324412 -1.81327e-19 0.945916
    outer loop
      vertex 0.406479 20 2.07904
      vertex 0.370819 22 2.09127
      vertex 0.370819 20 2.09127
    endloop
  endfacet
  facet normal 0.468008 3.73578e-19 0.883724
    outer loop
      vertex 0.544785 22 2.0192
      vertex 0.578094 20 2.00156
      vertex 0.578094 22 2.00156
    endloop
  endfacet
  facet normal 0.468008 3.73578e-19 0.883724
    outer loop
      vertex 0.578094 20 2.00156
      vertex 0.544785 22 2.0192
      vertex 0.544785 20 2.0192
    endloop
  endfacet
  facet normal 0.673056 5.77133e-19 0.739592
    outer loop
      vertex 0.793564 22 1.85013
      vertex 0.821442 20 1.82476
      vertex 0.821442 22 1.82476
    endloop
  endfacet
  facet normal 0.673056 5.77133e-19 0.739592
    outer loop
      vertex 0.821442 20 1.82476
      vertex 0.793564 22 1.85013
      vertex 0.793564 20 1.85013
    endloop
  endfacet
  facet normal -0.0469493 4.62492e-20 0.998897
    outer loop
      vertex -0.0753479 22 2.14763
      vertex -0.0376892 20 2.1494
      vertex -0.0376892 22 2.1494
    endloop
  endfacet
  facet normal -0.0469493 4.62492e-20 0.998897
    outer loop
      vertex -0.0376892 20 2.1494
      vertex -0.0753479 22 2.14763
      vertex -0.0753479 20 2.14763
    endloop
  endfacet
  facet normal 0.835944 -0 0.548815
    outer loop
      vertex 0.992493 20 1.6245
      vertex 1.01318 22 1.59299
      vertex 0.992493 22 1.6245
    endloop
  endfacet
  facet normal 0.835944 0 0.548815
    outer loop
      vertex 1.01318 22 1.59299
      vertex 0.992493 20 1.6245
      vertex 1.01318 20 1.59299
    endloop
  endfacet
  facet normal 0.171621 -1.47184e-19 0.985163
    outer loop
      vertex 0.187714 22 2.13521
      vertex 0.224854 20 2.12874
      vertex 0.224854 22 2.12874
    endloop
  endfacet
  facet normal 0.171621 -1.47184e-19 0.985163
    outer loop
      vertex 0.224854 20 2.12874
      vertex 0.187714 22 2.13521
      vertex 0.187714 20 2.13521
    endloop
  endfacet
  facet normal 0.353364 2.37184e-19 0.935486
    outer loop
      vertex 0.406479 22 2.07904
      vertex 0.441742 20 2.06572
      vertex 0.441742 22 2.06572
    endloop
  endfacet
  facet normal 0.353364 2.37184e-19 0.935486
    outer loop
      vertex 0.441742 20 2.06572
      vertex 0.406479 22 2.07904
      vertex 0.406479 20 2.07904
    endloop
  endfacet
  facet normal 0.718341 0 -0.695691
    outer loop
      vertex 0.874756 20 0.128558
      vertex 0.848526 22 0.101474
      vertex 0.874756 22 0.128558
    endloop
  endfacet
  facet normal 0.718341 0 -0.695691
    outer loop
      vertex 0.848526 22 0.101474
      vertex 0.874756 20 0.128558
      vertex 0.848526 20 0.101474
    endloop
  endfacet
  facet normal 0.979242 -0 0.202693
    outer loop
      vertex 1.1711 20 1.21176
      vertex 1.17874 22 1.17485
      vertex 1.1711 22 1.21176
    endloop
  endfacet
  facet normal 0.979242 0 0.202693
    outer loop
      vertex 1.17874 22 1.17485
      vertex 1.1711 20 1.21176
      vertex 1.17874 20 1.17485
    endloop
  endfacet
  facet normal 0.411614 1.98697e-19 0.911358
    outer loop
      vertex 0.476562 22 2.0513
      vertex 0.510925 20 2.03578
      vertex 0.510925 22 2.03578
    endloop
  endfacet
  facet normal 0.411614 1.98697e-19 0.911358
    outer loop
      vertex 0.510925 20 2.03578
      vertex 0.476562 22 2.0513
      vertex 0.476562 20 2.0513
    endloop
  endfacet
  facet normal 0.575124 -1.57258e-19 0.818066
    outer loop
      vertex 0.6745 22 1.94249
      vertex 0.705338 20 1.92081
      vertex 0.705338 22 1.92081
    endloop
  endfacet
  facet normal 0.575124 -1.57258e-19 0.818066
    outer loop
      vertex 0.705338 20 1.92081
      vertex 0.6745 22 1.94249
      vertex 0.6745 20 1.94249
    endloop
  endfacet
  facet normal -0.0159177 2.16522e-20 0.999873
    outer loop
      vertex -0.0376892 22 2.1494
      vertex 0 20 2.15
      vertex 0 22 2.15
    endloop
  endfacet
  facet normal -0.0159177 2.16522e-20 0.999873
    outer loop
      vertex 0 20 2.15
      vertex -0.0376892 22 2.1494
      vertex -0.0376892 20 2.1494
    endloop
  endfacet
  facet normal 0.996911 -0 0.0785429
    outer loop
      vertex 1.19467 20 1.06292
      vertex 1.19763 22 1.02535
      vertex 1.19467 22 1.06292
    endloop
  endfacet
  facet normal 0.996911 0 0.0785429
    outer loop
      vertex 1.19763 22 1.02535
      vertex 1.19467 20 1.06292
      vertex 1.19763 20 1.02535
    endloop
  endfacet
  facet normal -0.233718 -3.40112e-19 0.972304
    outer loop
      vertex -0.298416 22 2.11229
      vertex -0.261765 20 2.1211
      vertex -0.261765 22 2.1211
    endloop
  endfacet
  facet normal -0.233718 -3.40112e-19 0.972304
    outer loop
      vertex -0.261765 20 2.1211
      vertex -0.298416 22 2.11229
      vertex -0.298416 20 2.11229
    endloop
  endfacet
  facet normal 0.999873 -0 0.0159177
    outer loop
      vertex 1.1994 20 0.987689
      vertex 1.2 22 0.95
      vertex 1.1994 22 0.987689
    endloop
  endfacet
  facet normal 0.999873 0 0.0159177
    outer loop
      vertex 1.2 22 0.95
      vertex 1.1994 20 0.987689
      vertex 1.2 20 0.95
    endloop
  endfacet
  facet normal -0.964541 0 -0.263934
    outer loop
      vertex -1.15234 20 0.615222
      vertex -1.16229 22 0.651584
      vertex -1.15234 22 0.615222
    endloop
  endfacet
  facet normal -0.964541 -0 -0.263934
    outer loop
      vertex -1.16229 22 0.651584
      vertex -1.15234 20 0.615222
      vertex -1.16229 20 0.651584
    endloop
  endfacet
  facet normal 0.382617 4.80728e-19 0.923907
    outer loop
      vertex 0.441742 22 2.06572
      vertex 0.476562 20 2.0513
      vertex 0.476562 22 2.0513
    endloop
  endfacet
  facet normal 0.382617 4.80728e-19 0.923907
    outer loop
      vertex 0.476562 20 2.0513
      vertex 0.441742 22 2.06572
      vertex 0.441742 20 2.06572
    endloop
  endfacet
  facet normal 0.989955 -0 0.141384
    outer loop
      vertex 1.18521 20 1.13771
      vertex 1.19054 22 1.10039
      vertex 1.18521 22 1.13771
    endloop
  endfacet
  facet normal 0.989955 0 0.141384
    outer loop
      vertex 1.19054 22 1.10039
      vertex 1.18521 20 1.13771
      vertex 1.19054 20 1.10039
    endloop
  endfacet
  facet normal -0.324412 1.81327e-19 0.945916
    outer loop
      vertex -0.406479 22 2.07904
      vertex -0.370819 20 2.09127
      vertex -0.370819 22 2.09127
    endloop
  endfacet
  facet normal -0.324412 1.81327e-19 0.945916
    outer loop
      vertex -0.370819 20 2.09127
      vertex -0.406479 22 2.07904
      vertex -0.406479 20 2.07904
    endloop
  endfacet
  facet normal -0.945916 0 -0.324412
    outer loop
      vertex -1.12904 20 0.543521
      vertex -1.14127 22 0.579181
      vertex -1.12904 22 0.543521
    endloop
  endfacet
  facet normal -0.945916 -0 -0.324412
    outer loop
      vertex -1.14127 22 0.579181
      vertex -1.12904 20 0.543521
      vertex -1.14127 20 0.579181
    endloop
  endfacet
  facet normal 0.780509 0 -0.625144
    outer loop
      vertex 0.948181 20 0.214526
      vertex 0.924606 22 0.185092
      vertex 0.948181 22 0.214526
    endloop
  endfacet
  facet normal 0.780509 0 -0.625144
    outer loop
      vertex 0.924606 22 0.185092
      vertex 0.948181 20 0.214526
      vertex 0.924606 20 0.185092
    endloop
  endfacet
  facet normal 0.998897 -0 0.0469464
    outer loop
      vertex 1.19763 20 1.02535
      vertex 1.1994 22 0.987689
      vertex 1.19763 22 1.02535
    endloop
  endfacet
  facet normal 0.998897 0 0.0469464
    outer loop
      vertex 1.1994 22 0.987689
      vertex 1.19763 20 1.02535
      vertex 1.1994 20 0.987689
    endloop
  endfacet
  facet normal 0.945916 0 -0.324412
    outer loop
      vertex 1.14127 20 0.579181
      vertex 1.12904 22 0.543521
      vertex 1.14127 22 0.579181
    endloop
  endfacet
  facet normal 0.945916 0 -0.324412
    outer loop
      vertex 1.12904 22 0.543521
      vertex 1.14127 20 0.579181
      vertex 1.12904 20 0.543521
    endloop
  endfacet
  facet normal 0.898058 -0 0.439876
    outer loop
      vertex 1.0692 20 1.49478
      vertex 1.08578 22 1.46093
      vertex 1.0692 22 1.49478
    endloop
  endfacet
  facet normal 0.898058 0 0.439876
    outer loop
      vertex 1.08578 22 1.46093
      vertex 1.0692 20 1.49478
      vertex 1.08578 20 1.46093
    endloop
  endfacet
  facet normal -0.935486 0 -0.353364
    outer loop
      vertex -1.11572 20 0.508258
      vertex -1.12904 22 0.543521
      vertex -1.11572 22 0.508258
    endloop
  endfacet
  facet normal -0.935486 -0 -0.353364
    outer loop
      vertex -1.12904 22 0.543521
      vertex -1.11572 20 0.508258
      vertex -1.12904 20 0.543521
    endloop
  endfacet
  facet normal 0.263934 -7.58628e-22 0.964541
    outer loop
      vertex 0.298416 22 2.11229
      vertex 0.334778 20 2.10234
      vertex 0.334778 22 2.10234
    endloop
  endfacet
  facet normal 0.263934 -7.58628e-22 0.964541
    outer loop
      vertex 0.334778 20 2.10234
      vertex 0.298416 22 2.11229
      vertex 0.298416 20 2.11229
    endloop
  endfacet
  facet normal 0.293612 2.4469e-19 0.955925
    outer loop
      vertex 0.334778 22 2.10234
      vertex 0.370819 20 2.09127
      vertex 0.370819 22 2.09127
    endloop
  endfacet
  facet normal 0.293612 2.4469e-19 0.955925
    outer loop
      vertex 0.370819 20 2.09127
      vertex 0.334778 22 2.10234
      vertex 0.334778 20 2.10234
    endloop
  endfacet
  facet normal 0.935486 0 -0.353364
    outer loop
      vertex 1.12904 20 0.543521
      vertex 1.11572 22 0.508258
      vertex 1.12904 22 0.543521
    endloop
  endfacet
  facet normal 0.935486 0 -0.353364
    outer loop
      vertex 1.11572 22 0.508258
      vertex 1.12904 20 0.543521
      vertex 1.11572 20 0.508258
    endloop
  endfacet
  facet normal 0.868286 0 -0.496063
    outer loop
      vertex 1.70879 -4.5 0.0105927
      vertex 1.70274 20 3.05176e-06
      vertex 1.70879 20 0.0105927
    endloop
  endfacet
  facet normal 0.868286 0 -0.496063
    outer loop
      vertex 1.70274 20 3.05176e-06
      vertex 1.70879 -4.5 0.0105927
      vertex 1.70274 -4.5 3.05176e-06
    endloop
  endfacet
  facet normal 0.88373 0 -0.467998
    outer loop
      vertex 1.73746 -4.5 0.0647308
      vertex 1.70879 20 0.0105927
      vertex 1.73746 20 0.0647308
    endloop
  endfacet
  facet normal 0.88373 0 -0.467998
    outer loop
      vertex 1.70879 20 0.0105927
      vertex 1.73746 -4.5 0.0647308
      vertex 1.70879 -4.5 0.0105927
    endloop
  endfacet
  facet normal 0.495362 5.01133e-21 0.868687
    outer loop
      vertex 0.939407 20 2.65879
      vertex 0.99263 -4.5 2.62844
      vertex 0.99263 20 2.62844
    endloop
  endfacet
  facet normal 0.495362 5.01133e-21 0.868687
    outer loop
      vertex 0.99263 -4.5 2.62844
      vertex 0.939407 20 2.65879
      vertex 0.939407 -4.5 2.65879
    endloop
  endfacet
  facet normal -0.852688 0 0.52242
    outer loop
      vertex -1.67844 -4.5 1.94263
      vertex -1.64644 20 1.99486
      vertex -1.67844 20 1.94263
    endloop
  endfacet
  facet normal -0.852688 0 0.52242
    outer loop
      vertex -1.64644 20 1.99486
      vertex -1.67844 -4.5 1.94263
      vertex -1.64644 -4.5 1.99486
    endloop
  endfacet
  facet normal -0.868675 0 0.495383
    outer loop
      vertex -1.70879 -4.5 1.88941
      vertex -1.67844 20 1.94263
      vertex -1.70879 20 1.88941
    endloop
  endfacet
  facet normal -0.868675 0 0.495383
    outer loop
      vertex -1.67844 20 1.94263
      vertex -1.70879 -4.5 1.88941
      vertex -1.67844 -4.5 1.94263
    endloop
  endfacet
  facet normal 0.202761 -2.699e-20 0.979228
    outer loop
      vertex 0.365387 20 2.86545
      vertex 0.425369 -4.5 2.85303
      vertex 0.425369 20 2.85303
    endloop
  endfacet
  facet normal 0.202761 -2.699e-20 0.979228
    outer loop
      vertex 0.425369 -4.5 2.85303
      vertex 0.365387 20 2.86545
      vertex 0.365387 -4.5 2.86545
    endloop
  endfacet
  facet normal -0.993945 0 0.109876
    outer loop
      vertex -1.94135 -4.5 1.1335
      vertex -1.93462 20 1.19438
      vertex -1.94135 20 1.1335
    endloop
  endfacet
  facet normal -0.993945 0 0.109876
    outer loop
      vertex -1.93462 20 1.19438
      vertex -1.94135 -4.5 1.1335
      vertex -1.93462 -4.5 1.19438
    endloop
  endfacet
  facet normal -0.946173 0 0.323661
    outer loop
      vertex -1.85455 -4.5 1.55257
      vertex -1.83472 20 1.61054
      vertex -1.85455 20 1.55257
    endloop
  endfacet
  facet normal -0.946173 0 0.323661
    outer loop
      vertex -1.83472 20 1.61054
      vertex -1.85455 -4.5 1.55257
      vertex -1.83472 -4.5 1.61054
    endloop
  endfacet
  facet normal -0.911392 0 0.411539
    outer loop
      vertex -1.78961 -4.5 1.72443
      vertex -1.7644 20 1.78026
      vertex -1.78961 20 1.72443
    endloop
  endfacet
  facet normal -0.911392 0 0.411539
    outer loop
      vertex -1.7644 20 1.78026
      vertex -1.78961 -4.5 1.72443
      vertex -1.7644 -4.5 1.78026
    endloop
  endfacet
  facet normal 0.996924 -0 0.0783694
    outer loop
      vertex 1.94135 -4.5 1.1335
      vertex 1.94615 20 1.07244
      vertex 1.94135 20 1.1335
    endloop
  endfacet
  facet normal 0.996924 0 0.0783694
    outer loop
      vertex 1.94615 20 1.07244
      vertex 1.94135 -4.5 1.1335
      vertex 1.94615 -4.5 1.07244
    endloop
  endfacet
  facet normal -0.411526 6.99632e-20 0.911398
    outer loop
      vertex -0.830261 20 2.7144
      vertex -0.774429 -4.5 2.73961
      vertex -0.774429 20 2.73961
    endloop
  endfacet
  facet normal -0.411526 6.99632e-20 0.911398
    outer loop
      vertex -0.774429 -4.5 2.73961
      vertex -0.830261 20 2.7144
      vertex -0.830261 -4.5 2.7144
    endloop
  endfacet
  facet normal -0.996925 0 -0.078363
    outer loop
      vertex -1.94135 -4.5 0.766498
      vertex -1.94615 20 0.827563
      vertex -1.94135 20 0.766498
    endloop
  endfacet
  facet normal -0.996925 -0 -0.078363
    outer loop
      vertex -1.94615 20 0.827563
      vertex -1.94135 -4.5 0.766498
      vertex -1.94615 -4.5 0.827563
    endloop
  endfacet
  facet normal -0.955804 0 0.294006
    outer loop
      vertex -1.87256 -4.5 1.49402
      vertex -1.85455 20 1.55257
      vertex -1.87256 20 1.49402
    endloop
  endfacet
  facet normal -0.955804 0 0.294006
    outer loop
      vertex -1.85455 20 1.55257
      vertex -1.87256 -4.5 1.49402
      vertex -1.85455 -4.5 1.55257
    endloop
  endfacet
  facet normal -0.972376 0 -0.233419
    outer loop
      vertex -1.88873 -4.5 0.46506
      vertex -1.90303 20 0.524631
      vertex -1.88873 20 0.46506
    endloop
  endfacet
  facet normal -0.972376 -0 -0.233419
    outer loop
      vertex -1.90303 20 0.524631
      vertex -1.88873 -4.5 0.46506
      vertex -1.90303 -4.5 0.524631
    endloop
  endfacet
  facet normal -0.549302 -6.78255e-20 0.835624
    outer loop
      vertex -1.09605 20 2.56279
      vertex -1.04486 -4.5 2.59644
      vertex -1.04486 20 2.59644
    endloop
  endfacet
  facet normal -0.549302 -6.78255e-20 0.835624
    outer loop
      vertex -1.04486 -4.5 2.59644
      vertex -1.09605 20 2.56279
      vertex -1.09605 -4.5 2.56279
    endloop
  endfacet
  facet normal -0.993946 0 -0.109871
    outer loop
      vertex -1.93462 -4.5 0.705615
      vertex -1.94135 20 0.766498
      vertex -1.93462 20 0.705615
    endloop
  endfacet
  facet normal -0.993946 -0 -0.109871
    outer loop
      vertex -1.94135 20 0.766498
      vertex -1.93462 -4.5 0.705615
      vertex -1.94135 -4.5 0.766498
    endloop
  endfacet
  facet normal -0.985117 0 0.171885
    outer loop
      vertex -1.92598 -4.5 1.25504
      vertex -1.91545 20 1.31539
      vertex -1.92598 20 1.25504
    endloop
  endfacet
  facet normal -0.985117 0 0.171885
    outer loop
      vertex -1.91545 20 1.31539
      vertex -1.92598 -4.5 1.25504
      vertex -1.91545 -4.5 1.31539
    endloop
  endfacet
  facet normal -0.972375 0 0.233422
    outer loop
      vertex -1.90303 -4.5 1.37537
      vertex -1.88873 20 1.43494
      vertex -1.90303 20 1.37537
    endloop
  endfacet
  facet normal -0.972375 0 0.233422
    outer loop
      vertex -1.88873 20 1.43494
      vertex -1.90303 -4.5 1.37537
      vertex -1.88873 -4.5 1.43494
    endloop
  endfacet
  facet normal -0.998887 0 0.0471774
    outer loop
      vertex -1.94904 -4.5 1.01125
      vertex -1.94615 20 1.07244
      vertex -1.94904 20 1.01125
    endloop
  endfacet
  facet normal -0.998887 0 0.0471774
    outer loop
      vertex -1.94615 20 1.07244
      vertex -1.94904 -4.5 1.01125
      vertex -1.94615 -4.5 1.07244
    endloop
  endfacet
  facet normal -0.985116 0 -0.171888
    outer loop
      vertex -1.91545 -4.5 0.584613
      vertex -1.92598 20 0.644962
      vertex -1.91545 20 0.584613
    endloop
  endfacet
  facet normal -0.985116 -0 -0.171888
    outer loop
      vertex -1.92598 20 0.644962
      vertex -1.91545 -4.5 0.584613
      vertex -1.92598 -4.5 0.644962
    endloop
  endfacet
  facet normal -0.883736 0 0.467985
    outer loop
      vertex -1.73746 -4.5 1.83527
      vertex -1.70879 20 1.88941
      vertex -1.73746 20 1.83527
    endloop
  endfacet
  facet normal -0.883736 0 0.467985
    outer loop
      vertex -1.70879 20 1.88941
      vertex -1.73746 -4.5 1.83527
      vertex -1.70879 -4.5 1.88941
    endloop
  endfacet
  facet normal -0.935326 0 0.353788
    outer loop
      vertex -1.83472 -4.5 1.61054
      vertex -1.81305 20 1.66783
      vertex -1.83472 20 1.61054
    endloop
  endfacet
  facet normal -0.935326 0 0.353788
    outer loop
      vertex -1.81305 20 1.66783
      vertex -1.83472 -4.5 1.61054
      vertex -1.81305 -4.5 1.66783
    endloop
  endfacet
  facet normal 0.999877 0 -0.0156718
    outer loop
      vertex 1.95 -4.5 0.95
      vertex 1.94904 20 0.888751
      vertex 1.95 20 0.95
    endloop
  endfacet
  facet normal 0.999877 0 -0.0156718
    outer loop
      vertex 1.94904 20 0.888751
      vertex 1.95 -4.5 0.95
      vertex 1.94904 -4.5 0.888751
    endloop
  endfacet
  facet normal 0.935326 -0 0.353788
    outer loop
      vertex 1.81305 -4.5 1.66783
      vertex 1.83472 20 1.61054
      vertex 1.81305 20 1.66783
    endloop
  endfacet
  facet normal 0.935326 0 0.353788
    outer loop
      vertex 1.83472 20 1.61054
      vertex 1.81305 -4.5 1.66783
      vertex 1.83472 -4.5 1.61054
    endloop
  endfacet
  facet normal -0.233419 2.59949e-20 0.972376
    outer loop
      vertex -0.48494 20 2.83873
      vertex -0.425369 -4.5 2.85303
      vertex -0.425369 20 2.85303
    endloop
  endfacet
  facet normal -0.233419 2.59949e-20 0.972376
    outer loop
      vertex -0.425369 -4.5 2.85303
      vertex -0.48494 20 2.83873
      vertex -0.48494 -4.5 2.83873
    endloop
  endfacet
  facet normal 0.52242 -4.47768e-20 0.852688
    outer loop
      vertex 0.99263 20 2.62844
      vertex 1.04486 -4.5 2.59644
      vertex 1.04486 20 2.59644
    endloop
  endfacet
  facet normal 0.52242 -4.47768e-20 0.852688
    outer loop
      vertex 1.04486 -4.5 2.59644
      vertex 0.99263 20 2.62844
      vertex 0.99263 -4.5 2.62844
    endloop
  endfacet
  facet normal -0.998886 0 -0.0471789
    outer loop
      vertex -1.94615 -4.5 0.827563
      vertex -1.94904 20 0.888751
      vertex -1.94615 20 0.827563
    endloop
  endfacet
  facet normal -0.998886 -0 -0.0471789
    outer loop
      vertex -1.94904 20 0.888751
      vertex -1.94615 -4.5 0.827563
      vertex -1.94904 -4.5 0.888751
    endloop
  endfacet
  facet normal 0 -1 0
    outer loop
      vertex -0.0612488 -4.5 2.89904
      vertex 0.0612488 -4.5 2.89904
      vertex 0 -4.5 2.9
    endloop
  endfacet
  facet normal 0 -1 0
    outer loop
      vertex -0.122437 -4.5 2.89615
      vertex 0.0612488 -4.5 2.89904
      vertex -0.0612488 -4.5 2.89904
    endloop
  endfacet
  facet normal 0 -1 0
    outer loop
      vertex -0.122437 -4.5 2.89615
      vertex 0.122437 -4.5 2.89615
      vertex 0.0612488 -4.5 2.89904
    endloop
  endfacet
  facet normal 0 -1 0
    outer loop
      vertex -0.183502 -4.5 2.89135
      vertex 0.122437 -4.5 2.89615
      vertex -0.122437 -4.5 2.89615
    endloop
  endfacet
  facet normal 0 -1 0
    outer loop
      vertex -0.183502 -4.5 2.89135
      vertex 0.183502 -4.5 2.89135
      vertex 0.122437 -4.5 2.89615
    endloop
  endfacet
  facet normal 0 -1 0
    outer loop
      vertex -0.244385 -4.5 2.88462
      vertex 0.183502 -4.5 2.89135
      vertex -0.183502 -4.5 2.89135
    endloop
  endfacet
  facet normal 0 -1 0
    outer loop
      vertex -0.244385 -4.5 2.88462
      vertex 0.244385 -4.5 2.88462
      vertex 0.183502 -4.5 2.89135
    endloop
  endfacet
  facet normal 0 -1 0
    outer loop
      vertex -0.305038 -4.5 2.87598
      vertex 0.244385 -4.5 2.88462
      vertex -0.244385 -4.5 2.88462
    endloop
  endfacet
  facet normal 0 -1 0
    outer loop
      vertex -0.305038 -4.5 2.87598
      vertex 0.305038 -4.5 2.87598
      vertex 0.244385 -4.5 2.88462
    endloop
  endfacet
  facet normal 0 -1 0
    outer loop
      vertex -0.365387 -4.5 2.86545
      vertex 0.305038 -4.5 2.87598
      vertex -0.305038 -4.5 2.87598
    endloop
  endfacet
  facet normal 0 -1 0
    outer loop
      vertex -0.365387 -4.5 2.86545
      vertex 0.365387 -4.5 2.86545
      vertex 0.305038 -4.5 2.87598
    endloop
  endfacet
  facet normal 0 -1 0
    outer loop
      vertex -0.425369 -4.5 2.85303
      vertex 0.365387 -4.5 2.86545
      vertex -0.365387 -4.5 2.86545
    endloop
  endfacet
  facet normal 0 -1 0
    outer loop
      vertex -0.425369 -4.5 2.85303
      vertex 0.425369 -4.5 2.85303
      vertex 0.365387 -4.5 2.86545
    endloop
  endfacet
  facet normal 0 -1 0
    outer loop
      vertex -0.48494 -4.5 2.83873
      vertex 0.425369 -4.5 2.85303
      vertex -0.425369 -4.5 2.85303
    endloop
  endfacet
  facet normal 0 -1 0
    outer loop
      vertex -0.48494 -4.5 2.83873
      vertex 0.48494 -4.5 2.83873
      vertex 0.425369 -4.5 2.85303
    endloop
  endfacet
  facet normal 0 -1 0
    outer loop
      vertex -0.544022 -4.5 2.82256
      vertex 0.48494 -4.5 2.83873
      vertex -0.48494 -4.5 2.83873
    endloop
  endfacet
  facet normal 0 -1 0
    outer loop
      vertex -0.544022 -4.5 2.82256
      vertex 0.544022 -4.5 2.82256
      vertex 0.48494 -4.5 2.83873
    endloop
  endfacet
  facet normal 0 -1 0
    outer loop
      vertex -0.60257 -4.5 2.80455
      vertex 0.544022 -4.5 2.82256
      vertex -0.544022 -4.5 2.82256
    endloop
  endfacet
  facet normal 0 -1 0
    outer loop
      vertex -0.60257 -4.5 2.80455
      vertex 0.60257 -4.5 2.80455
      vertex 0.544022 -4.5 2.82256
    endloop
  endfacet
  facet normal 0 -1 0
    outer loop
      vertex -0.660538 -4.5 2.78472
      vertex 0.60257 -4.5 2.80455
      vertex -0.60257 -4.5 2.80455
    endloop
  endfacet
  facet normal 0 -1 0
    outer loop
      vertex -0.660538 -4.5 2.78472
      vertex 0.660538 -4.5 2.78472
      vertex 0.60257 -4.5 2.80455
    endloop
  endfacet
  facet normal 0 -1 0
    outer loop
      vertex -0.717834 -4.5 2.76305
      vertex 0.660538 -4.5 2.78472
      vertex -0.660538 -4.5 2.78472
    endloop
  endfacet
  facet normal 0 -1 0
    outer loop
      vertex -0.717834 -4.5 2.76305
      vertex 0.717834 -4.5 2.76305
      vertex 0.660538 -4.5 2.78472
    endloop
  endfacet
  facet normal 0 -1 0
    outer loop
      vertex -0.774429 -4.5 2.73961
      vertex 0.717834 -4.5 2.76305
      vertex -0.717834 -4.5 2.76305
    endloop
  endfacet
  facet normal 0 -1 0
    outer loop
      vertex -0.774429 -4.5 2.73961
      vertex 0.774429 -4.5 2.73961
      vertex 0.717834 -4.5 2.76305
    endloop
  endfacet
  facet normal 0 -1 0
    outer loop
      vertex -0.830261 -4.5 2.7144
      vertex 0.774429 -4.5 2.73961
      vertex -0.774429 -4.5 2.73961
    endloop
  endfacet
  facet normal 0 -1 0
    outer loop
      vertex -0.830261 -4.5 2.7144
      vertex 0.830261 -4.5 2.7144
      vertex 0.774429 -4.5 2.73961
    endloop
  endfacet
  facet normal 0 -1 0
    outer loop
      vertex -0.885269 -4.5 2.68746
      vertex 0.830261 -4.5 2.7144
      vertex -0.830261 -4.5 2.7144
    endloop
  endfacet
  facet normal 0 -1 0
    outer loop
      vertex -0.885269 -4.5 2.68746
      vertex 0.885269 -4.5 2.68746
      vertex 0.830261 -4.5 2.7144
    endloop
  endfacet
  facet normal 0 -1 0
    outer loop
      vertex -0.939407 -4.5 2.65879
      vertex 0.885269 -4.5 2.68746
      vertex -0.885269 -4.5 2.68746
    endloop
  endfacet
  facet normal 0 -1 0
    outer loop
      vertex -0.939407 -4.5 2.65879
      vertex 0.939407 -4.5 2.65879
      vertex 0.885269 -4.5 2.68746
    endloop
  endfacet
  facet normal 0 -1 0
    outer loop
      vertex -0.99263 -4.5 2.62844
      vertex 0.939407 -4.5 2.65879
      vertex -0.939407 -4.5 2.65879
    endloop
  endfacet
  facet normal 0 -1 0
    outer loop
      vertex -0.99263 -4.5 2.62844
      vertex 0.99263 -4.5 2.62844
      vertex 0.939407 -4.5 2.65879
    endloop
  endfacet
  facet normal 0 -1 0
    outer loop
      vertex -1.04486 -4.5 2.59644
      vertex 0.99263 -4.5 2.62844
      vertex -0.99263 -4.5 2.62844
    endloop
  endfacet
  facet normal 0 -1 0
    outer loop
      vertex -1.04486 -4.5 2.59644
      vertex 1.04486 -4.5 2.59644
      vertex 0.99263 -4.5 2.62844
    endloop
  endfacet
  facet normal 0 -1 0
    outer loop
      vertex -1.09605 -4.5 2.56279
      vertex 1.04486 -4.5 2.59644
      vertex -1.04486 -4.5 2.59644
    endloop
  endfacet
  facet normal 0 -1 0
    outer loop
      vertex -1.09605 -4.5 2.56279
      vertex 1.09605 -4.5 2.56279
      vertex 1.04486 -4.5 2.59644
    endloop
  endfacet
  facet normal 0 -1 0
    outer loop
      vertex -1.14618 -4.5 2.52758
      vertex 1.09605 -4.5 2.56279
      vertex -1.09605 -4.5 2.56279
    endloop
  endfacet
  facet normal 0 -1 0
    outer loop
      vertex -1.14618 -4.5 2.52758
      vertex 1.14618 -4.5 2.52758
      vertex 1.09605 -4.5 2.56279
    endloop
  endfacet
  facet normal 0 -1 0
    outer loop
      vertex -1.19516 -4.5 2.4908
      vertex 1.14618 -4.5 2.52758
      vertex -1.14618 -4.5 2.52758
    endloop
  endfacet
  facet normal 0 -1 0
    outer loop
      vertex -1.19516 -4.5 2.4908
      vertex 1.19516 -4.5 2.4908
      vertex 1.14618 -4.5 2.52758
    endloop
  endfacet
  facet normal 0 -1 0
    outer loop
      vertex -1.24297 -4.5 2.45249
      vertex 1.19516 -4.5 2.4908
      vertex -1.19516 -4.5 2.4908
    endloop
  endfacet
  facet normal 0 -1 0
    outer loop
      vertex -1.24297 -4.5 2.45249
      vertex 1.24297 -4.5 2.45249
      vertex 1.19516 -4.5 2.4908
    endloop
  endfacet
  facet normal 0 -1 0
    outer loop
      vertex -1.28955 -4.5 2.41271
      vertex 1.24297 -4.5 2.45249
      vertex -1.24297 -4.5 2.45249
    endloop
  endfacet
  facet normal 0 -1 0
    outer loop
      vertex -1.28955 -4.5 2.41271
      vertex 1.28955 -4.5 2.41271
      vertex 1.24297 -4.5 2.45249
    endloop
  endfacet
  facet normal 0 -1 0
    outer loop
      vertex -1.33485 -4.5 2.37148
      vertex 1.28955 -4.5 2.41271
      vertex -1.28955 -4.5 2.41271
    endloop
  endfacet
  facet normal 0 -1 0
    outer loop
      vertex -1.33485 -4.5 2.37148
      vertex 1.33485 -4.5 2.37148
      vertex 1.28955 -4.5 2.41271
    endloop
  endfacet
  facet normal 0 -1 0
    outer loop
      vertex -1.37885 -4.5 2.32885
      vertex 1.33485 -4.5 2.37148
      vertex -1.33485 -4.5 2.37148
    endloop
  endfacet
  facet normal 0 -1 0
    outer loop
      vertex -1.37885 -4.5 2.32885
      vertex 1.37885 -4.5 2.32885
      vertex 1.33485 -4.5 2.37148
    endloop
  endfacet
  facet normal 0 -1 0
    outer loop
      vertex -1.42148 -4.5 2.28485
      vertex 1.37885 -4.5 2.32885
      vertex -1.37885 -4.5 2.32885
    endloop
  endfacet
  facet normal 0 -1 0
    outer loop
      vertex -1.42148 -4.5 2.28485
      vertex 1.42148 -4.5 2.28485
      vertex 1.37885 -4.5 2.32885
    endloop
  endfacet
  facet normal 0 -1 0
    outer loop
      vertex -1.46271 -4.5 2.23955
      vertex 1.42148 -4.5 2.28485
      vertex -1.42148 -4.5 2.28485
    endloop
  endfacet
  facet normal 0 -1 0
    outer loop
      vertex -1.46271 -4.5 2.23955
      vertex 1.46271 -4.5 2.23955
      vertex 1.42148 -4.5 2.28485
    endloop
  endfacet
  facet normal 0 -1 0
    outer loop
      vertex -1.50249 -4.5 2.19297
      vertex 1.46271 -4.5 2.23955
      vertex -1.46271 -4.5 2.23955
    endloop
  endfacet
  facet normal 0 -1 0
    outer loop
      vertex -1.50249 -4.5 2.19297
      vertex 1.50249 -4.5 2.19297
      vertex 1.46271 -4.5 2.23955
    endloop
  endfacet
  facet normal 0 -1 0
    outer loop
      vertex -1.5408 -4.5 2.14516
      vertex 1.50249 -4.5 2.19297
      vertex -1.50249 -4.5 2.19297
    endloop
  endfacet
  facet normal 0 -1 0
    outer loop
      vertex -1.5408 -4.5 2.14516
      vertex 1.5408 -4.5 2.14516
      vertex 1.50249 -4.5 2.19297
    endloop
  endfacet
  facet normal 0 -1 0
    outer loop
      vertex -1.57758 -4.5 2.09618
      vertex 1.5408 -4.5 2.14516
      vertex -1.5408 -4.5 2.14516
    endloop
  endfacet
  facet normal 0 -1 0
    outer loop
      vertex -1.57758 -4.5 2.09618
      vertex 1.57758 -4.5 2.09618
      vertex 1.5408 -4.5 2.14516
    endloop
  endfacet
  facet normal 0 -1 0
    outer loop
      vertex -1.61279 -4.5 2.04605
      vertex 1.57758 -4.5 2.09618
      vertex -1.57758 -4.5 2.09618
    endloop
  endfacet
  facet normal 0 -1 0
    outer loop
      vertex -1.61279 -4.5 2.04605
      vertex 1.61279 -4.5 2.04605
      vertex 1.57758 -4.5 2.09618
    endloop
  endfacet
  facet normal 0 -1 0
    outer loop
      vertex -1.64644 -4.5 1.99486
      vertex 1.61279 -4.5 2.04605
      vertex -1.61279 -4.5 2.04605
    endloop
  endfacet
  facet normal 0 -1 0
    outer loop
      vertex -1.64644 -4.5 1.99486
      vertex 1.64644 -4.5 1.99486
      vertex 1.61279 -4.5 2.04605
    endloop
  endfacet
  facet normal 0 -1 0
    outer loop
      vertex -1.67844 -4.5 1.94263
      vertex 1.64644 -4.5 1.99486
      vertex -1.64644 -4.5 1.99486
    endloop
  endfacet
  facet normal 0 -1 0
    outer loop
      vertex -1.67844 -4.5 1.94263
      vertex 1.67844 -4.5 1.94263
      vertex 1.64644 -4.5 1.99486
    endloop
  endfacet
  facet normal 0 -1 0
    outer loop
      vertex -1.70879 -4.5 1.88941
      vertex 1.67844 -4.5 1.94263
      vertex -1.67844 -4.5 1.94263
    endloop
  endfacet
  facet normal 0 -1 0
    outer loop
      vertex -1.70879 -4.5 1.88941
      vertex 1.70879 -4.5 1.88941
      vertex 1.67844 -4.5 1.94263
    endloop
  endfacet
  facet normal 0 -1 0
    outer loop
      vertex -1.73746 -4.5 1.83527
      vertex 1.70879 -4.5 1.88941
      vertex -1.70879 -4.5 1.88941
    endloop
  endfacet
  facet normal 0 -1 0
    outer loop
      vertex -1.73746 -4.5 1.83527
      vertex 1.73746 -4.5 1.83527
      vertex 1.70879 -4.5 1.88941
    endloop
  endfacet
  facet normal 0 -1 0
    outer loop
      vertex -1.7644 -4.5 1.78026
      vertex 1.73746 -4.5 1.83527
      vertex -1.73746 -4.5 1.83527
    endloop
  endfacet
  facet normal 0 -1 0
    outer loop
      vertex -1.7644 -4.5 1.78026
      vertex 1.7644 -4.5 1.78026
      vertex 1.73746 -4.5 1.83527
    endloop
  endfacet
  facet normal 0 -1 0
    outer loop
      vertex -1.78961 -4.5 1.72443
      vertex 1.7644 -4.5 1.78026
      vertex -1.7644 -4.5 1.78026
    endloop
  endfacet
  facet normal 0 -1 0
    outer loop
      vertex -1.78961 -4.5 1.72443
      vertex 1.78961 -4.5 1.72443
      vertex 1.7644 -4.5 1.78026
    endloop
  endfacet
  facet normal 0 -1 0
    outer loop
      vertex -1.81305 -4.5 1.66783
      vertex 1.78961 -4.5 1.72443
      vertex -1.78961 -4.5 1.72443
    endloop
  endfacet
  facet normal 0 -1 0
    outer loop
      vertex -1.81305 -4.5 1.66783
      vertex 1.81305 -4.5 1.66783
      vertex 1.78961 -4.5 1.72443
    endloop
  endfacet
  facet normal 0 -1 0
    outer loop
      vertex -1.83472 -4.5 1.61054
      vertex 1.81305 -4.5 1.66783
      vertex -1.81305 -4.5 1.66783
    endloop
  endfacet
  facet normal 0 -1 0
    outer loop
      vertex -1.83472 -4.5 1.61054
      vertex 1.83472 -4.5 1.61054
      vertex 1.81305 -4.5 1.66783
    endloop
  endfacet
  facet normal 0 -1 0
    outer loop
      vertex -1.85455 -4.5 1.55257
      vertex 1.83472 -4.5 1.61054
      vertex -1.83472 -4.5 1.61054
    endloop
  endfacet
  facet normal 0 -1 0
    outer loop
      vertex -1.85455 -4.5 1.55257
      vertex 1.85455 -4.5 1.55257
      vertex 1.83472 -4.5 1.61054
    endloop
  endfacet
  facet normal 0 -1 0
    outer loop
      vertex -1.87256 -4.5 1.49402
      vertex 1.85455 -4.5 1.55257
      vertex -1.85455 -4.5 1.55257
    endloop
  endfacet
  facet normal 0 -1 0
    outer loop
      vertex -1.87256 -4.5 1.49402
      vertex 1.87256 -4.5 1.49402
      vertex 1.85455 -4.5 1.55257
    endloop
  endfacet
  facet normal 0 -1 0
    outer loop
      vertex -1.88873 -4.5 1.43494
      vertex 1.87256 -4.5 1.49402
      vertex -1.87256 -4.5 1.49402
    endloop
  endfacet
  facet normal 0 -1 0
    outer loop
      vertex -1.88873 -4.5 1.43494
      vertex 1.88873 -4.5 1.43494
      vertex 1.87256 -4.5 1.49402
    endloop
  endfacet
  facet normal 0 -1 0
    outer loop
      vertex -1.90303 -4.5 1.37537
      vertex 1.88873 -4.5 1.43494
      vertex -1.88873 -4.5 1.43494
    endloop
  endfacet
  facet normal 0 -1 0
    outer loop
      vertex -1.90303 -4.5 1.37537
      vertex 1.90303 -4.5 1.37537
      vertex 1.88873 -4.5 1.43494
    endloop
  endfacet
  facet normal 0 -1 0
    outer loop
      vertex -1.91545 -4.5 1.31539
      vertex 1.90303 -4.5 1.37537
      vertex -1.90303 -4.5 1.37537
    endloop
  endfacet
  facet normal 0 -1 0
    outer loop
      vertex -1.91545 -4.5 1.31539
      vertex 1.91545 -4.5 1.31539
      vertex 1.90303 -4.5 1.37537
    endloop
  endfacet
  facet normal 0 -1 0
    outer loop
      vertex -1.92598 -4.5 1.25504
      vertex 1.91545 -4.5 1.31539
      vertex -1.91545 -4.5 1.31539
    endloop
  endfacet
  facet normal 0 -1 0
    outer loop
      vertex -1.92598 -4.5 1.25504
      vertex 1.92598 -4.5 1.25504
      vertex 1.91545 -4.5 1.31539
    endloop
  endfacet
  facet normal 0 -1 0
    outer loop
      vertex -1.93462 -4.5 1.19438
      vertex 1.92598 -4.5 1.25504
      vertex -1.92598 -4.5 1.25504
    endloop
  endfacet
  facet normal 0 -1 0
    outer loop
      vertex -1.93462 -4.5 1.19438
      vertex 1.93462 -4.5 1.19438
      vertex 1.92598 -4.5 1.25504
    endloop
  endfacet
  facet normal 0 -1 0
    outer loop
      vertex -1.94135 -4.5 1.1335
      vertex 1.93462 -4.5 1.19438
      vertex -1.93462 -4.5 1.19438
    endloop
  endfacet
  facet normal 0 -1 0
    outer loop
      vertex -1.94135 -4.5 1.1335
      vertex 1.94135 -4.5 1.1335
      vertex 1.93462 -4.5 1.19438
    endloop
  endfacet
  facet normal 0 -1 0
    outer loop
      vertex -1.94615 -4.5 1.07244
      vertex 1.94135 -4.5 1.1335
      vertex -1.94135 -4.5 1.1335
    endloop
  endfacet
  facet normal 0 -1 0
    outer loop
      vertex -1.94615 -4.5 1.07244
      vertex 1.94615 -4.5 1.07244
      vertex 1.94135 -4.5 1.1335
    endloop
  endfacet
  facet normal 0 -1 0
    outer loop
      vertex -1.94904 -4.5 1.01125
      vertex 1.94615 -4.5 1.07244
      vertex -1.94615 -4.5 1.07244
    endloop
  endfacet
  facet normal 0 -1 0
    outer loop
      vertex -1.94904 -4.5 1.01125
      vertex 1.94904 -4.5 1.01125
      vertex 1.94615 -4.5 1.07244
    endloop
  endfacet
  facet normal 0 -1 0
    outer loop
      vertex -1.95 -4.5 0.95
      vertex 1.94904 -4.5 1.01125
      vertex -1.94904 -4.5 1.01125
    endloop
  endfacet
  facet normal 0 -1 0
    outer loop
      vertex -1.95 -4.5 0.95
      vertex 1.95 -4.5 0.95
      vertex 1.94904 -4.5 1.01125
    endloop
  endfacet
  facet normal 0 -1 0
    outer loop
      vertex -1.94904 -4.5 0.888751
      vertex 1.95 -4.5 0.95
      vertex -1.95 -4.5 0.95
    endloop
  endfacet
  facet normal 0 -1 0
    outer loop
      vertex -1.94904 -4.5 0.888751
      vertex 1.94904 -4.5 0.888751
      vertex 1.95 -4.5 0.95
    endloop
  endfacet
  facet normal 0 -1 0
    outer loop
      vertex -1.94615 -4.5 0.827563
      vertex 1.94904 -4.5 0.888751
      vertex -1.94904 -4.5 0.888751
    endloop
  endfacet
  facet normal 0 -1 0
    outer loop
      vertex -1.94615 -4.5 0.827563
      vertex 1.94615 -4.5 0.827563
      vertex 1.94904 -4.5 0.888751
    endloop
  endfacet
  facet normal 0 -1 0
    outer loop
      vertex -1.94135 -4.5 0.766498
      vertex 1.94615 -4.5 0.827563
      vertex -1.94615 -4.5 0.827563
    endloop
  endfacet
  facet normal 0 -1 0
    outer loop
      vertex -1.94135 -4.5 0.766498
      vertex 1.94135 -4.5 0.766498
      vertex 1.94615 -4.5 0.827563
    endloop
  endfacet
  facet normal 0 -1 0
    outer loop
      vertex -1.93462 -4.5 0.705615
      vertex 1.94135 -4.5 0.766498
      vertex -1.94135 -4.5 0.766498
    endloop
  endfacet
  facet normal 0 -1 0
    outer loop
      vertex -1.93462 -4.5 0.705615
      vertex 1.93462 -4.5 0.705615
      vertex 1.94135 -4.5 0.766498
    endloop
  endfacet
  facet normal 0 -1 0
    outer loop
      vertex -1.92598 -4.5 0.644962
      vertex 1.93462 -4.5 0.705615
      vertex -1.93462 -4.5 0.705615
    endloop
  endfacet
  facet normal 0 -1 0
    outer loop
      vertex -1.92598 -4.5 0.644962
      vertex 1.92598 -4.5 0.644962
      vertex 1.93462 -4.5 0.705615
    endloop
  endfacet
  facet normal 0 -1 0
    outer loop
      vertex -1.91545 -4.5 0.584613
      vertex 1.92598 -4.5 0.644962
      vertex -1.92598 -4.5 0.644962
    endloop
  endfacet
  facet normal 0 -1 0
    outer loop
      vertex -1.91545 -4.5 0.584613
      vertex 1.91545 -4.5 0.584613
      vertex 1.92598 -4.5 0.644962
    endloop
  endfacet
  facet normal 0 -1 0
    outer loop
      vertex -1.90303 -4.5 0.524631
      vertex 1.91545 -4.5 0.584613
      vertex -1.91545 -4.5 0.584613
    endloop
  endfacet
  facet normal 0 -1 0
    outer loop
      vertex -1.90303 -4.5 0.524631
      vertex 1.90303 -4.5 0.524631
      vertex 1.91545 -4.5 0.584613
    endloop
  endfacet
  facet normal 0 -1 0
    outer loop
      vertex -1.88873 -4.5 0.46506
      vertex 1.90303 -4.5 0.524631
      vertex -1.90303 -4.5 0.524631
    endloop
  endfacet
  facet normal 0 -1 0
    outer loop
      vertex -1.88873 -4.5 0.46506
      vertex 1.88873 -4.5 0.46506
      vertex 1.90303 -4.5 0.524631
    endloop
  endfacet
  facet normal 0 -1 0
    outer loop
      vertex -1.87256 -4.5 0.405978
      vertex 1.88873 -4.5 0.46506
      vertex -1.88873 -4.5 0.46506
    endloop
  endfacet
  facet normal 0 -1 0
    outer loop
      vertex -1.87256 -4.5 0.405978
      vertex 1.87256 -4.5 0.405978
      vertex 1.88873 -4.5 0.46506
    endloop
  endfacet
  facet normal 0 -1 0
    outer loop
      vertex -1.85455 -4.5 0.34743
      vertex 1.87256 -4.5 0.405978
      vertex -1.87256 -4.5 0.405978
    endloop
  endfacet
  facet normal 0 -1 0
    outer loop
      vertex -1.85455 -4.5 0.34743
      vertex 1.85455 -4.5 0.34743
      vertex 1.87256 -4.5 0.405978
    endloop
  endfacet
  facet normal 0 -1 0
    outer loop
      vertex -1.83472 -4.5 0.289462
      vertex 1.85455 -4.5 0.34743
      vertex -1.85455 -4.5 0.34743
    endloop
  endfacet
  facet normal 0 -1 0
    outer loop
      vertex -1.83472 -4.5 0.289462
      vertex 1.83472 -4.5 0.289462
      vertex 1.85455 -4.5 0.34743
    endloop
  endfacet
  facet normal 0 -1 0
    outer loop
      vertex -1.81305 -4.5 0.232166
      vertex 1.83472 -4.5 0.289462
      vertex -1.83472 -4.5 0.289462
    endloop
  endfacet
  facet normal 0 -1 0
    outer loop
      vertex -1.81305 -4.5 0.232166
      vertex 1.81305 -4.5 0.232166
      vertex 1.83472 -4.5 0.289462
    endloop
  endfacet
  facet normal 0 -1 0
    outer loop
      vertex -1.78961 -4.5 0.175571
      vertex 1.81305 -4.5 0.232166
      vertex -1.81305 -4.5 0.232166
    endloop
  endfacet
  facet normal 0 -1 0
    outer loop
      vertex -1.78961 -4.5 0.175571
      vertex 1.78961 -4.5 0.175571
      vertex 1.81305 -4.5 0.232166
    endloop
  endfacet
  facet normal 0 -1 0
    outer loop
      vertex -1.7644 -4.5 0.119739
      vertex 1.78961 -4.5 0.175571
      vertex -1.78961 -4.5 0.175571
    endloop
  endfacet
  facet normal 0 -1 0
    outer loop
      vertex -1.7644 -4.5 0.119739
      vertex 1.7644 -4.5 0.119739
      vertex 1.78961 -4.5 0.175571
    endloop
  endfacet
  facet normal 0 -1 0
    outer loop
      vertex -1.73746 -4.5 0.0647308
      vertex 1.7644 -4.5 0.119739
      vertex -1.7644 -4.5 0.119739
    endloop
  endfacet
  facet normal 0 -1 0
    outer loop
      vertex -1.73746 -4.5 0.0647308
      vertex 1.73746 -4.5 0.0647308
      vertex 1.7644 -4.5 0.119739
    endloop
  endfacet
  facet normal 0 -1 0
    outer loop
      vertex -1.70274 -4.5 3.05176e-06
      vertex -1.73746 -4.5 0.0647308
      vertex -1.70879 -4.5 0.0105927
    endloop
  endfacet
  facet normal 0 -1 0
    outer loop
      vertex -1.73746 -4.5 0.0647308
      vertex -1.70274 -4.5 3.05176e-06
      vertex 1.73746 -4.5 0.0647308
    endloop
  endfacet
  facet normal 0 -1 0
    outer loop
      vertex 1.70274 -4.5 3.05176e-06
      vertex 1.73746 -4.5 0.0647308
      vertex -1.70274 -4.5 3.05176e-06
    endloop
  endfacet
  facet normal 0 -1 0
    outer loop
      vertex 1.73746 -4.5 0.0647308
      vertex 1.70274 -4.5 3.05176e-06
      vertex 1.70879 -4.5 0.0105927
    endloop
  endfacet
  facet normal -0.439832 -9.98743e-21 0.89808
    outer loop
      vertex -0.885269 20 2.68746
      vertex -0.830261 -4.5 2.7144
      vertex -0.830261 20 2.7144
    endloop
  endfacet
  facet normal -0.439832 -9.98743e-21 0.89808
    outer loop
      vertex -0.830261 -4.5 2.7144
      vertex -0.885269 20 2.68746
      vertex -0.885269 -4.5 2.68746
    endloop
  endfacet
  facet normal 0.0156719 1.8542e-21 0.999877
    outer loop
      vertex 0 20 2.9
      vertex 0.0612488 -4.5 2.89904
      vertex 0.0612488 20 2.89904
    endloop
  endfacet
  facet normal 0.0156719 1.8542e-21 0.999877
    outer loop
      vertex 0.0612488 -4.5 2.89904
      vertex 0 20 2.9
      vertex 0 -4.5 2.9
    endloop
  endfacet
  facet normal 0.883736 -0 0.467985
    outer loop
      vertex 1.70879 -4.5 1.88941
      vertex 1.73746 20 1.83527
      vertex 1.70879 20 1.88941
    endloop
  endfacet
  facet normal 0.883736 0 0.467985
    outer loop
      vertex 1.73746 20 1.83527
      vertex 1.70879 -4.5 1.88941
      vertex 1.73746 -4.5 1.83527
    endloop
  endfacet
  facet normal -0.818318 0 0.574765
    outer loop
      vertex -1.61279 -4.5 2.04605
      vertex -1.57758 20 2.09618
      vertex -1.61279 20 2.04605
    endloop
  endfacet
  facet normal -0.818318 0 0.574765
    outer loop
      vertex -1.57758 20 2.09618
      vertex -1.61279 -4.5 2.04605
      vertex -1.57758 -4.5 2.09618
    endloop
  endfacet
  facet normal -0.935338 0 -0.353755
    outer loop
      vertex -1.81305 -4.5 0.232166
      vertex -1.83472 20 0.289462
      vertex -1.81305 20 0.232166
    endloop
  endfacet
  facet normal -0.935338 -0 -0.353755
    outer loop
      vertex -1.83472 20 0.289462
      vertex -1.81305 -4.5 0.232166
      vertex -1.83472 -4.5 0.289462
    endloop
  endfacet
  facet normal -0.294015 3.51793e-20 0.955801
    outer loop
      vertex -0.60257 20 2.80455
      vertex -0.544022 -4.5 2.82256
      vertex -0.544022 20 2.82256
    endloop
  endfacet
  facet normal -0.294015 3.51793e-20 0.955801
    outer loop
      vertex -0.544022 -4.5 2.82256
      vertex -0.60257 20 2.80455
      vertex -0.60257 -4.5 2.80455
    endloop
  endfacet
  facet normal -0.799647 0 0.60047
    outer loop
      vertex -1.57758 -4.5 2.09618
      vertex -1.5408 20 2.14516
      vertex -1.57758 20 2.09618
    endloop
  endfacet
  facet normal -0.799647 0 0.60047
    outer loop
      vertex -1.5408 20 2.14516
      vertex -1.57758 -4.5 2.09618
      vertex -1.5408 -4.5 2.14516
    endloop
  endfacet
  facet normal -0.979227 0 0.202768
    outer loop
      vertex -1.91545 -4.5 1.31539
      vertex -1.90303 20 1.37537
      vertex -1.91545 20 1.31539
    endloop
  endfacet
  facet normal -0.979227 0 0.202768
    outer loop
      vertex -1.90303 20 1.37537
      vertex -1.91545 -4.5 1.31539
      vertex -1.90303 -4.5 1.37537
    endloop
  endfacet
  facet normal 0.760431 -0 0.649419
    outer loop
      vertex 1.46271 -4.5 2.23955
      vertex 1.50249 20 2.19297
      vertex 1.46271 20 2.23955
    endloop
  endfacet
  facet normal 0.760431 0 0.649419
    outer loop
      vertex 1.50249 20 2.19297
      vertex 1.46271 -4.5 2.23955
      vertex 1.50249 -4.5 2.19297
    endloop
  endfacet
  facet normal -0.835624 0 0.549302
    outer loop
      vertex -1.64644 -4.5 1.99486
      vertex -1.61279 20 2.04605
      vertex -1.64644 20 1.99486
    endloop
  endfacet
  facet normal -0.835624 0 0.549302
    outer loop
      vertex -1.61279 20 2.04605
      vertex -1.64644 -4.5 1.99486
      vertex -1.61279 -4.5 2.04605
    endloop
  endfacet
  facet normal 0.078363 -1.23053e-20 0.996925
    outer loop
      vertex 0.122437 20 2.89615
      vertex 0.183502 -4.5 2.89135
      vertex 0.183502 20 2.89135
    endloop
  endfacet
  facet normal 0.078363 -1.23053e-20 0.996925
    outer loop
      vertex 0.183502 -4.5 2.89135
      vertex 0.122437 20 2.89615
      vertex 0.122437 -4.5 2.89615
    endloop
  endfacet
  facet normal -0.996924 0 0.0783694
    outer loop
      vertex -1.94615 -4.5 1.07244
      vertex -1.94135 20 1.1335
      vertex -1.94615 20 1.07244
    endloop
  endfacet
  facet normal -0.996924 0 0.0783694
    outer loop
      vertex -1.94135 20 1.1335
      vertex -1.94615 -4.5 1.07244
      vertex -1.94135 -4.5 1.1335
    endloop
  endfacet
  facet normal 0.673103 2.80012e-20 0.739548
    outer loop
      vertex 1.28955 20 2.41271
      vertex 1.33485 -4.5 2.37148
      vertex 1.33485 20 2.37148
    endloop
  endfacet
  facet normal 0.673103 2.80012e-20 0.739548
    outer loop
      vertex 1.33485 -4.5 2.37148
      vertex 1.28955 20 2.41271
      vertex 1.28955 -4.5 2.41271
    endloop
  endfacet
  facet normal -0.625312 4.6891e-20 0.780375
    outer loop
      vertex -1.24297 20 2.45249
      vertex -1.19516 -4.5 2.4908
      vertex -1.19516 20 2.4908
    endloop
  endfacet
  facet normal -0.625312 4.6891e-20 0.780375
    outer loop
      vertex -1.19516 -4.5 2.4908
      vertex -1.24297 20 2.45249
      vertex -1.24297 -4.5 2.45249
    endloop
  endfacet
  facet normal -0.999877 0 0.0156715
    outer loop
      vertex -1.95 -4.5 0.95
      vertex -1.94904 20 1.01125
      vertex -1.95 20 0.95
    endloop
  endfacet
  facet normal -0.999877 0 0.0156715
    outer loop
      vertex -1.94904 20 1.01125
      vertex -1.95 -4.5 0.95
      vertex -1.94904 -4.5 1.01125
    endloop
  endfacet
  facet normal -0.898086 0 0.439819
    outer loop
      vertex -1.7644 -4.5 1.78026
      vertex -1.73746 20 1.83527
      vertex -1.7644 20 1.78026
    endloop
  endfacet
  facet normal -0.898086 0 0.439819
    outer loop
      vertex -1.73746 20 1.83527
      vertex -1.7644 -4.5 1.78026
      vertex -1.73746 -4.5 1.83527
    endloop
  endfacet
  facet normal -0.94617 0 -0.323671
    outer loop
      vertex -1.83472 -4.5 0.289462
      vertex -1.85455 20 0.34743
      vertex -1.83472 20 0.289462
    endloop
  endfacet
  facet normal -0.94617 -0 -0.323671
    outer loop
      vertex -1.85455 20 0.34743
      vertex -1.83472 -4.5 0.289462
      vertex -1.85455 -4.5 0.34743
    endloop
  endfacet
  facet normal -0.780375 0 0.625312
    outer loop
      vertex -1.5408 -4.5 2.14516
      vertex -1.50249 20 2.19297
      vertex -1.5408 20 2.14516
    endloop
  endfacet
  facet normal -0.780375 0 0.625312
    outer loop
      vertex -1.50249 20 2.19297
      vertex -1.5408 -4.5 2.14516
      vertex -1.50249 -4.5 2.19297
    endloop
  endfacet
  facet normal 0.141026 -3.07828e-20 0.990006
    outer loop
      vertex 0.244385 20 2.88462
      vertex 0.305038 -4.5 2.87598
      vertex 0.305038 20 2.87598
    endloop
  endfacet
  facet normal 0.141026 -3.07828e-20 0.990006
    outer loop
      vertex 0.305038 -4.5 2.87598
      vertex 0.244385 20 2.88462
      vertex 0.244385 -4.5 2.88462
    endloop
  endfacet
  facet normal 0.649419 1.00171e-20 0.760431
    outer loop
      vertex 1.24297 20 2.45249
      vertex 1.28955 -4.5 2.41271
      vertex 1.28955 20 2.41271
    endloop
  endfacet
  facet normal 0.649419 1.00171e-20 0.760431
    outer loop
      vertex 1.28955 -4.5 2.41271
      vertex 1.24297 20 2.45249
      vertex 1.24297 -4.5 2.45249
    endloop
  endfacet
  facet normal 0.353755 -1.30263e-20 0.935338
    outer loop
      vertex 0.660538 20 2.78472
      vertex 0.717834 -4.5 2.76305
      vertex 0.717834 20 2.76305
    endloop
  endfacet
  facet normal 0.353755 -1.30263e-20 0.935338
    outer loop
      vertex 0.717834 -4.5 2.76305
      vertex 0.660538 20 2.78472
      vertex 0.660538 -4.5 2.78472
    endloop
  endfacet
  facet normal 0.323671 3.8896e-20 0.94617
    outer loop
      vertex 0.60257 20 2.80455
      vertex 0.660538 -4.5 2.78472
      vertex 0.660538 20 2.78472
    endloop
  endfacet
  facet normal 0.323671 3.8896e-20 0.94617
    outer loop
      vertex 0.660538 -4.5 2.78472
      vertex 0.60257 20 2.80455
      vertex 0.60257 -4.5 2.80455
    endloop
  endfacet
  facet normal -0.353755 1.30263e-20 0.935338
    outer loop
      vertex -0.717834 20 2.76305
      vertex -0.660538 -4.5 2.78472
      vertex -0.660538 20 2.78472
    endloop
  endfacet
  facet normal -0.353755 1.30263e-20 0.935338
    outer loop
      vertex -0.660538 -4.5 2.78472
      vertex -0.717834 20 2.76305
      vertex -0.717834 -4.5 2.76305
    endloop
  endfacet
  facet normal -0.60047 -6.41624e-20 0.799647
    outer loop
      vertex -1.19516 20 2.4908
      vertex -1.14618 -4.5 2.52758
      vertex -1.14618 20 2.52758
    endloop
  endfacet
  facet normal -0.60047 -6.41624e-20 0.799647
    outer loop
      vertex -1.14618 -4.5 2.52758
      vertex -1.19516 20 2.4908
      vertex -1.19516 -4.5 2.4908
    endloop
  endfacet
  facet normal -0.574765 3.96727e-20 0.818318
    outer loop
      vertex -1.14618 20 2.52758
      vertex -1.09605 -4.5 2.56279
      vertex -1.09605 20 2.56279
    endloop
  endfacet
  facet normal -0.574765 3.96727e-20 0.818318
    outer loop
      vertex -1.09605 -4.5 2.56279
      vertex -1.14618 20 2.52758
      vertex -1.14618 -4.5 2.52758
    endloop
  endfacet
  facet normal 0.979228 0 -0.202761
    outer loop
      vertex 1.91545 -4.5 0.584613
      vertex 1.90303 20 0.524631
      vertex 1.91545 20 0.584613
    endloop
  endfacet
  facet normal 0.979228 0 -0.202761
    outer loop
      vertex 1.90303 20 0.524631
      vertex 1.91545 -4.5 0.584613
      vertex 1.90303 -4.5 0.524631
    endloop
  endfacet
  facet normal 0.233419 -2.59949e-20 0.972376
    outer loop
      vertex 0.425369 20 2.85303
      vertex 0.48494 -4.5 2.83873
      vertex 0.48494 20 2.83873
    endloop
  endfacet
  facet normal 0.233419 -2.59949e-20 0.972376
    outer loop
      vertex 0.48494 -4.5 2.83873
      vertex 0.425369 20 2.85303
      vertex 0.425369 -4.5 2.85303
    endloop
  endfacet
  facet normal 0.263979 -8.30369e-21 0.964528
    outer loop
      vertex 0.48494 20 2.83873
      vertex 0.544022 -4.5 2.82256
      vertex 0.544022 20 2.82256
    endloop
  endfacet
  facet normal 0.263979 -8.30369e-21 0.964528
    outer loop
      vertex 0.544022 -4.5 2.82256
      vertex 0.48494 20 2.83873
      vertex 0.48494 -4.5 2.83873
    endloop
  endfacet
  facet normal 0.852688 -0 0.52242
    outer loop
      vertex 1.64644 -4.5 1.99486
      vertex 1.67844 20 1.94263
      vertex 1.64644 20 1.99486
    endloop
  endfacet
  facet normal 0.852688 0 0.52242
    outer loop
      vertex 1.67844 20 1.94263
      vertex 1.64644 -4.5 1.99486
      vertex 1.67844 -4.5 1.94263
    endloop
  endfacet
  facet normal -0.109871 -6.94014e-21 0.993946
    outer loop
      vertex -0.244385 20 2.88462
      vertex -0.183502 -4.5 2.89135
      vertex -0.183502 20 2.89135
    endloop
  endfacet
  facet normal -0.109871 -6.94014e-21 0.993946
    outer loop
      vertex -0.183502 -4.5 2.89135
      vertex -0.244385 20 2.88462
      vertex -0.244385 -4.5 2.88462
    endloop
  endfacet
  facet normal 0.998887 -0 0.0471774
    outer loop
      vertex 1.94615 -4.5 1.07244
      vertex 1.94904 20 1.01125
      vertex 1.94615 20 1.07244
    endloop
  endfacet
  facet normal 0.998887 0 0.0471774
    outer loop
      vertex 1.94904 20 1.01125
      vertex 1.94615 -4.5 1.07244
      vertex 1.94904 -4.5 1.01125
    endloop
  endfacet
  facet normal -0.979228 0 -0.202761
    outer loop
      vertex -1.90303 -4.5 0.524631
      vertex -1.91545 20 0.584613
      vertex -1.90303 20 0.524631
    endloop
  endfacet
  facet normal -0.979228 -0 -0.202761
    outer loop
      vertex -1.91545 20 0.584613
      vertex -1.90303 -4.5 0.524631
      vertex -1.91545 -4.5 0.584613
    endloop
  endfacet
  facet normal 0.38265 6.592e-20 0.923893
    outer loop
      vertex 0.717834 20 2.76305
      vertex 0.774429 -4.5 2.73961
      vertex 0.774429 20 2.73961
    endloop
  endfacet
  facet normal 0.38265 6.592e-20 0.923893
    outer loop
      vertex 0.774429 -4.5 2.73961
      vertex 0.717834 20 2.76305
      vertex 0.717834 -4.5 2.76305
    endloop
  endfacet
  facet normal 0.109871 6.94014e-21 0.993946
    outer loop
      vertex 0.183502 20 2.89135
      vertex 0.244385 -4.5 2.88462
      vertex 0.244385 20 2.88462
    endloop
  endfacet
  facet normal 0.109871 6.94014e-21 0.993946
    outer loop
      vertex 0.244385 -4.5 2.88462
      vertex 0.183502 20 2.89135
      vertex 0.183502 -4.5 2.89135
    endloop
  endfacet
  facet normal 0.739548 -0 0.673103
    outer loop
      vertex 1.42148 -4.5 2.28485
      vertex 1.46271 20 2.23955
      vertex 1.42148 20 2.28485
    endloop
  endfacet
  facet normal 0.739548 0 0.673103
    outer loop
      vertex 1.46271 20 2.23955
      vertex 1.42148 -4.5 2.28485
      vertex 1.46271 -4.5 2.23955
    endloop
  endfacet
  facet normal -0.760431 0 0.649419
    outer loop
      vertex -1.50249 -4.5 2.19297
      vertex -1.46271 20 2.23955
      vertex -1.50249 20 2.19297
    endloop
  endfacet
  facet normal -0.760431 0 0.649419
    outer loop
      vertex -1.46271 20 2.23955
      vertex -1.50249 -4.5 2.19297
      vertex -1.46271 -4.5 2.23955
    endloop
  endfacet
  facet normal -0.467999 -6.81193e-20 0.883729
    outer loop
      vertex -0.939407 20 2.65879
      vertex -0.885269 -4.5 2.68746
      vertex -0.885269 20 2.68746
    endloop
  endfacet
  facet normal -0.467999 -6.81193e-20 0.883729
    outer loop
      vertex -0.885269 -4.5 2.68746
      vertex -0.939407 20 2.65879
      vertex -0.939407 -4.5 2.65879
    endloop
  endfacet
  facet normal -0.923905 0 0.382621
    outer loop
      vertex -1.81305 -4.5 1.66783
      vertex -1.78961 20 1.72443
      vertex -1.81305 20 1.66783
    endloop
  endfacet
  facet normal -0.923905 0 0.382621
    outer loop
      vertex -1.78961 20 1.72443
      vertex -1.81305 -4.5 1.66783
      vertex -1.78961 -4.5 1.72443
    endloop
  endfacet
  facet normal 0.60047 6.41624e-20 0.799647
    outer loop
      vertex 1.14618 20 2.52758
      vertex 1.19516 -4.5 2.4908
      vertex 1.19516 20 2.4908
    endloop
  endfacet
  facet normal 0.60047 6.41624e-20 0.799647
    outer loop
      vertex 1.19516 -4.5 2.4908
      vertex 1.14618 20 2.52758
      vertex 1.14618 -4.5 2.52758
    endloop
  endfacet
  facet normal 0.718199 -0 0.695837
    outer loop
      vertex 1.37885 -4.5 2.32885
      vertex 1.42148 20 2.28485
      vertex 1.37885 20 2.32885
    endloop
  endfacet
  facet normal 0.718199 0 0.695837
    outer loop
      vertex 1.42148 20 2.28485
      vertex 1.37885 -4.5 2.32885
      vertex 1.42148 -4.5 2.28485
    endloop
  endfacet
  facet normal 0.955804 -0 0.294006
    outer loop
      vertex 1.85455 -4.5 1.55257
      vertex 1.87256 20 1.49402
      vertex 1.85455 20 1.55257
    endloop
  endfacet
  facet normal 0.955804 0 0.294006
    outer loop
      vertex 1.87256 20 1.49402
      vertex 1.85455 -4.5 1.55257
      vertex 1.87256 -4.5 1.49402
    endloop
  endfacet
  facet normal 0.94617 0 -0.323671
    outer loop
      vertex 1.85455 -4.5 0.34743
      vertex 1.83472 20 0.289462
      vertex 1.85455 20 0.34743
    endloop
  endfacet
  facet normal 0.94617 0 -0.323671
    outer loop
      vertex 1.83472 20 0.289462
      vertex 1.85455 -4.5 0.34743
      vertex 1.83472 -4.5 0.289462
    endloop
  endfacet
  facet normal -0.0156719 -1.8542e-21 0.999877
    outer loop
      vertex -0.0612488 20 2.89904
      vertex 0 -4.5 2.9
      vertex 0 20 2.9
    endloop
  endfacet
  facet normal -0.0156719 -1.8542e-21 0.999877
    outer loop
      vertex 0 -4.5 2.9
      vertex -0.0612488 20 2.89904
      vertex -0.0612488 -4.5 2.89904
    endloop
  endfacet
  facet normal 0.985116 0 -0.171888
    outer loop
      vertex 1.92598 -4.5 0.644962
      vertex 1.91545 20 0.584613
      vertex 1.92598 20 0.644962
    endloop
  endfacet
  facet normal 0.985116 0 -0.171888
    outer loop
      vertex 1.91545 20 0.584613
      vertex 1.92598 -4.5 0.644962
      vertex 1.91545 -4.5 0.584613
    endloop
  endfacet
  facet normal -0.999877 0 -0.0156718
    outer loop
      vertex -1.94904 -4.5 0.888751
      vertex -1.95 20 0.95
      vertex -1.94904 20 0.888751
    endloop
  endfacet
  facet normal -0.999877 -0 -0.0156718
    outer loop
      vertex -1.95 20 0.95
      vertex -1.94904 -4.5 0.888751
      vertex -1.95 -4.5 0.95
    endloop
  endfacet
  facet normal -0.495362 -5.01133e-21 0.868687
    outer loop
      vertex -0.99263 20 2.62844
      vertex -0.939407 -4.5 2.65879
      vertex -0.939407 20 2.65879
    endloop
  endfacet
  facet normal -0.495362 -5.01133e-21 0.868687
    outer loop
      vertex -0.939407 -4.5 2.65879
      vertex -0.99263 20 2.62844
      vertex -0.99263 -4.5 2.62844
    endloop
  endfacet
  facet normal -0.718199 0 0.695837
    outer loop
      vertex -1.42148 -4.5 2.28485
      vertex -1.37885 20 2.32885
      vertex -1.42148 20 2.28485
    endloop
  endfacet
  facet normal -0.718199 0 0.695837
    outer loop
      vertex -1.37885 20 2.32885
      vertex -1.42148 -4.5 2.28485
      vertex -1.37885 -4.5 2.32885
    endloop
  endfacet
  facet normal 0.964526 -0 0.263988
    outer loop
      vertex 1.87256 -4.5 1.49402
      vertex 1.88873 20 1.43494
      vertex 1.87256 20 1.49402
    endloop
  endfacet
  facet normal 0.964526 0 0.263988
    outer loop
      vertex 1.88873 20 1.43494
      vertex 1.87256 -4.5 1.49402
      vertex 1.88873 -4.5 1.43494
    endloop
  endfacet
  facet normal -0.0471787 -7.82276e-21 0.998886
    outer loop
      vertex -0.122437 20 2.89615
      vertex -0.0612488 -4.5 2.89904
      vertex -0.0612488 20 2.89904
    endloop
  endfacet
  facet normal -0.0471787 -7.82276e-21 0.998886
    outer loop
      vertex -0.0612488 -4.5 2.89904
      vertex -0.122437 20 2.89615
      vertex -0.122437 -4.5 2.89615
    endloop
  endfacet
  facet normal 0.439832 9.98743e-21 0.89808
    outer loop
      vertex 0.830261 20 2.7144
      vertex 0.885269 -4.5 2.68746
      vertex 0.885269 20 2.68746
    endloop
  endfacet
  facet normal 0.439832 9.98743e-21 0.89808
    outer loop
      vertex 0.885269 -4.5 2.68746
      vertex 0.830261 20 2.7144
      vertex 0.830261 -4.5 2.7144
    endloop
  endfacet
  facet normal 0.467999 6.81193e-20 0.883729
    outer loop
      vertex 0.885269 20 2.68746
      vertex 0.939407 -4.5 2.65879
      vertex 0.939407 20 2.65879
    endloop
  endfacet
  facet normal 0.467999 6.81193e-20 0.883729
    outer loop
      vertex 0.939407 -4.5 2.65879
      vertex 0.885269 20 2.68746
      vertex 0.885269 -4.5 2.68746
    endloop
  endfacet
  facet normal -0.202761 2.699e-20 0.979228
    outer loop
      vertex -0.425369 20 2.85303
      vertex -0.365387 -4.5 2.86545
      vertex -0.365387 20 2.86545
    endloop
  endfacet
  facet normal -0.202761 2.699e-20 0.979228
    outer loop
      vertex -0.365387 -4.5 2.86545
      vertex -0.425369 20 2.85303
      vertex -0.425369 -4.5 2.85303
    endloop
  endfacet
  facet normal -0.141026 3.07828e-20 0.990006
    outer loop
      vertex -0.305038 20 2.87598
      vertex -0.244385 -4.5 2.88462
      vertex -0.244385 20 2.88462
    endloop
  endfacet
  facet normal -0.141026 3.07828e-20 0.990006
    outer loop
      vertex -0.244385 -4.5 2.88462
      vertex -0.305038 20 2.87598
      vertex -0.305038 -4.5 2.87598
    endloop
  endfacet
  facet normal -0.649419 -1.00171e-20 0.760431
    outer loop
      vertex -1.28955 20 2.41271
      vertex -1.24297 -4.5 2.45249
      vertex -1.24297 20 2.45249
    endloop
  endfacet
  facet normal -0.649419 -1.00171e-20 0.760431
    outer loop
      vertex -1.24297 -4.5 2.45249
      vertex -1.28955 20 2.41271
      vertex -1.28955 -4.5 2.41271
    endloop
  endfacet
  facet normal -0.990008 0 0.14101
    outer loop
      vertex -1.93462 -4.5 1.19438
      vertex -1.92598 20 1.25504
      vertex -1.93462 20 1.19438
    endloop
  endfacet
  facet normal -0.990008 0 0.14101
    outer loop
      vertex -1.92598 20 1.25504
      vertex -1.93462 -4.5 1.19438
      vertex -1.92598 -4.5 1.25504
    endloop
  endfacet
  facet normal -0.323671 -3.8896e-20 0.94617
    outer loop
      vertex -0.660538 20 2.78472
      vertex -0.60257 -4.5 2.80455
      vertex -0.60257 20 2.80455
    endloop
  endfacet
  facet normal -0.323671 -3.8896e-20 0.94617
    outer loop
      vertex -0.60257 -4.5 2.80455
      vertex -0.660538 20 2.78472
      vertex -0.660538 -4.5 2.78472
    endloop
  endfacet
  facet normal -0.923893 0 -0.38265
    outer loop
      vertex -1.78961 -4.5 0.175571
      vertex -1.81305 20 0.232166
      vertex -1.78961 20 0.175571
    endloop
  endfacet
  facet normal -0.923893 -0 -0.38265
    outer loop
      vertex -1.81305 20 0.232166
      vertex -1.78961 -4.5 0.175571
      vertex -1.81305 -4.5 0.232166
    endloop
  endfacet
  facet normal 0.998886 0 -0.0471789
    outer loop
      vertex 1.94904 -4.5 0.888751
      vertex 1.94615 20 0.827563
      vertex 1.94904 20 0.888751
    endloop
  endfacet
  facet normal 0.998886 0 -0.0471789
    outer loop
      vertex 1.94615 20 0.827563
      vertex 1.94904 -4.5 0.888751
      vertex 1.94615 -4.5 0.827563
    endloop
  endfacet
  facet normal 0.911398 0 -0.411526
    outer loop
      vertex 1.78961 -4.5 0.175571
      vertex 1.7644 20 0.119739
      vertex 1.78961 20 0.175571
    endloop
  endfacet
  facet normal 0.911398 0 -0.411526
    outer loop
      vertex 1.7644 20 0.119739
      vertex 1.78961 -4.5 0.175571
      vertex 1.7644 -4.5 0.119739
    endloop
  endfacet
  facet normal 0.972376 0 -0.233419
    outer loop
      vertex 1.90303 -4.5 0.524631
      vertex 1.88873 20 0.46506
      vertex 1.90303 20 0.524631
    endloop
  endfacet
  facet normal 0.972376 0 -0.233419
    outer loop
      vertex 1.88873 20 0.46506
      vertex 1.90303 -4.5 0.524631
      vertex 1.88873 -4.5 0.46506
    endloop
  endfacet
  facet normal 0.923905 -0 0.382621
    outer loop
      vertex 1.78961 -4.5 1.72443
      vertex 1.81305 20 1.66783
      vertex 1.78961 20 1.72443
    endloop
  endfacet
  facet normal 0.923905 0 0.382621
    outer loop
      vertex 1.81305 20 1.66783
      vertex 1.78961 -4.5 1.72443
      vertex 1.81305 -4.5 1.66783
    endloop
  endfacet
  facet normal 0.898086 -0 0.439819
    outer loop
      vertex 1.73746 -4.5 1.83527
      vertex 1.7644 20 1.78026
      vertex 1.73746 20 1.83527
    endloop
  endfacet
  facet normal 0.898086 0 0.439819
    outer loop
      vertex 1.7644 20 1.78026
      vertex 1.73746 -4.5 1.83527
      vertex 1.7644 -4.5 1.78026
    endloop
  endfacet
  facet normal -0.911398 0 -0.411526
    outer loop
      vertex -1.7644 -4.5 0.119739
      vertex -1.78961 20 0.175571
      vertex -1.7644 20 0.119739
    endloop
  endfacet
  facet normal -0.911398 -0 -0.411526
    outer loop
      vertex -1.78961 20 0.175571
      vertex -1.7644 -4.5 0.119739
      vertex -1.78961 -4.5 0.175571
    endloop
  endfacet
  facet normal 0.411526 -6.99632e-20 0.911398
    outer loop
      vertex 0.774429 20 2.73961
      vertex 0.830261 -4.5 2.7144
      vertex 0.830261 20 2.7144
    endloop
  endfacet
  facet normal 0.411526 -6.99632e-20 0.911398
    outer loop
      vertex 0.830261 -4.5 2.7144
      vertex 0.774429 20 2.73961
      vertex 0.774429 -4.5 2.73961
    endloop
  endfacet
  facet normal -0.739548 0 0.673103
    outer loop
      vertex -1.46271 -4.5 2.23955
      vertex -1.42148 20 2.28485
      vertex -1.46271 20 2.23955
    endloop
  endfacet
  facet normal -0.739548 0 0.673103
    outer loop
      vertex -1.42148 20 2.28485
      vertex -1.46271 -4.5 2.23955
      vertex -1.42148 -4.5 2.28485
    endloop
  endfacet
  facet normal 0.780375 -0 0.625312
    outer loop
      vertex 1.50249 -4.5 2.19297
      vertex 1.5408 20 2.14516
      vertex 1.50249 20 2.19297
    endloop
  endfacet
  facet normal 0.780375 0 0.625312
    outer loop
      vertex 1.5408 20 2.14516
      vertex 1.50249 -4.5 2.19297
      vertex 1.5408 -4.5 2.14516
    endloop
  endfacet
  facet normal 0.171888 -1.94982e-20 0.985116
    outer loop
      vertex 0.305038 20 2.87598
      vertex 0.365387 -4.5 2.86545
      vertex 0.365387 20 2.86545
    endloop
  endfacet
  facet normal 0.171888 -1.94982e-20 0.985116
    outer loop
      vertex 0.365387 -4.5 2.86545
      vertex 0.305038 20 2.87598
      vertex 0.305038 -4.5 2.87598
    endloop
  endfacet
  facet normal 0.990008 -0 0.14101
    outer loop
      vertex 1.92598 -4.5 1.25504
      vertex 1.93462 20 1.19438
      vertex 1.92598 20 1.25504
    endloop
  endfacet
  facet normal 0.990008 0 0.14101
    outer loop
      vertex 1.93462 20 1.19438
      vertex 1.92598 -4.5 1.25504
      vertex 1.93462 -4.5 1.19438
    endloop
  endfacet
  facet normal -0.078363 1.23053e-20 0.996925
    outer loop
      vertex -0.183502 20 2.89135
      vertex -0.122437 -4.5 2.89615
      vertex -0.122437 20 2.89615
    endloop
  endfacet
  facet normal -0.078363 1.23053e-20 0.996925
    outer loop
      vertex -0.122437 -4.5 2.89615
      vertex -0.183502 20 2.89135
      vertex -0.183502 -4.5 2.89135
    endloop
  endfacet
  facet normal -0.990006 0 -0.141026
    outer loop
      vertex -1.92598 -4.5 0.644962
      vertex -1.93462 20 0.705615
      vertex -1.92598 20 0.644962
    endloop
  endfacet
  facet normal -0.990006 -0 -0.141026
    outer loop
      vertex -1.93462 20 0.705615
      vertex -1.92598 -4.5 0.644962
      vertex -1.93462 -4.5 0.705615
    endloop
  endfacet
  facet normal 0.996925 0 -0.078363
    outer loop
      vertex 1.94615 -4.5 0.827563
      vertex 1.94135 20 0.766498
      vertex 1.94615 20 0.827563
    endloop
  endfacet
  facet normal 0.996925 0 -0.078363
    outer loop
      vertex 1.94135 20 0.766498
      vertex 1.94615 -4.5 0.827563
      vertex 1.94135 -4.5 0.766498
    endloop
  endfacet
  facet normal -0.673103 -2.80012e-20 0.739548
    outer loop
      vertex -1.33485 20 2.37148
      vertex -1.28955 -4.5 2.41271
      vertex -1.28955 20 2.41271
    endloop
  endfacet
  facet normal -0.673103 -2.80012e-20 0.739548
    outer loop
      vertex -1.28955 -4.5 2.41271
      vertex -1.33485 20 2.37148
      vertex -1.33485 -4.5 2.37148
    endloop
  endfacet
  facet normal 0.935338 0 -0.353755
    outer loop
      vertex 1.83472 -4.5 0.289462
      vertex 1.81305 20 0.232166
      vertex 1.83472 20 0.289462
    endloop
  endfacet
  facet normal 0.935338 0 -0.353755
    outer loop
      vertex 1.81305 20 0.232166
      vertex 1.83472 -4.5 0.289462
      vertex 1.81305 -4.5 0.232166
    endloop
  endfacet
  facet normal -0.263979 8.30369e-21 0.964528
    outer loop
      vertex -0.544022 20 2.82256
      vertex -0.48494 -4.5 2.83873
      vertex -0.48494 20 2.83873
    endloop
  endfacet
  facet normal -0.263979 8.30369e-21 0.964528
    outer loop
      vertex -0.48494 -4.5 2.83873
      vertex -0.544022 20 2.82256
      vertex -0.544022 -4.5 2.82256
    endloop
  endfacet
  facet normal 0.835624 -0 0.549302
    outer loop
      vertex 1.61279 -4.5 2.04605
      vertex 1.64644 20 1.99486
      vertex 1.61279 20 2.04605
    endloop
  endfacet
  facet normal 0.835624 0 0.549302
    outer loop
      vertex 1.64644 20 1.99486
      vertex 1.61279 -4.5 2.04605
      vertex 1.64644 -4.5 1.99486
    endloop
  endfacet
  facet normal 0.946173 -0 0.323661
    outer loop
      vertex 1.83472 -4.5 1.61054
      vertex 1.85455 20 1.55257
      vertex 1.83472 20 1.61054
    endloop
  endfacet
  facet normal 0.946173 0 0.323661
    outer loop
      vertex 1.85455 20 1.55257
      vertex 1.83472 -4.5 1.61054
      vertex 1.85455 -4.5 1.55257
    endloop
  endfacet
  facet normal -0.171888 1.94982e-20 0.985116
    outer loop
      vertex -0.365387 20 2.86545
      vertex -0.305038 -4.5 2.87598
      vertex -0.305038 20 2.87598
    endloop
  endfacet
  facet normal -0.171888 1.94982e-20 0.985116
    outer loop
      vertex -0.305038 -4.5 2.87598
      vertex -0.365387 20 2.86545
      vertex -0.365387 -4.5 2.86545
    endloop
  endfacet
  facet normal 0.294015 -3.51793e-20 0.955801
    outer loop
      vertex 0.544022 20 2.82256
      vertex 0.60257 -4.5 2.80455
      vertex 0.60257 20 2.80455
    endloop
  endfacet
  facet normal 0.294015 -3.51793e-20 0.955801
    outer loop
      vertex 0.60257 -4.5 2.80455
      vertex 0.544022 20 2.82256
      vertex 0.544022 -4.5 2.82256
    endloop
  endfacet
  facet normal 0.923893 0 -0.38265
    outer loop
      vertex 1.81305 -4.5 0.232166
      vertex 1.78961 20 0.175571
      vertex 1.81305 20 0.232166
    endloop
  endfacet
  facet normal 0.923893 0 -0.38265
    outer loop
      vertex 1.78961 20 0.175571
      vertex 1.81305 -4.5 0.232166
      vertex 1.78961 -4.5 0.175571
    endloop
  endfacet
  facet normal 0.911392 -0 0.411539
    outer loop
      vertex 1.7644 -4.5 1.78026
      vertex 1.78961 20 1.72443
      vertex 1.7644 20 1.78026
    endloop
  endfacet
  facet normal 0.911392 0 0.411539
    outer loop
      vertex 1.78961 20 1.72443
      vertex 1.7644 -4.5 1.78026
      vertex 1.78961 -4.5 1.72443
    endloop
  endfacet
  facet normal 0.972375 -0 0.233422
    outer loop
      vertex 1.88873 -4.5 1.43494
      vertex 1.90303 20 1.37537
      vertex 1.88873 20 1.43494
    endloop
  endfacet
  facet normal 0.972375 0 0.233422
    outer loop
      vertex 1.90303 20 1.37537
      vertex 1.88873 -4.5 1.43494
      vertex 1.90303 -4.5 1.37537
    endloop
  endfacet
  facet normal -0.695837 7.77649e-21 0.718199
    outer loop
      vertex -1.37885 20 2.32885
      vertex -1.33485 -4.5 2.37148
      vertex -1.33485 20 2.37148
    endloop
  endfacet
  facet normal -0.695837 7.77649e-21 0.718199
    outer loop
      vertex -1.33485 -4.5 2.37148
      vertex -1.37885 20 2.32885
      vertex -1.37885 -4.5 2.32885
    endloop
  endfacet
  facet normal -0.38265 -6.592e-20 0.923893
    outer loop
      vertex -0.774429 20 2.73961
      vertex -0.717834 -4.5 2.76305
      vertex -0.717834 20 2.76305
    endloop
  endfacet
  facet normal -0.38265 -6.592e-20 0.923893
    outer loop
      vertex -0.717834 -4.5 2.76305
      vertex -0.774429 20 2.73961
      vertex -0.774429 -4.5 2.73961
    endloop
  endfacet
  facet normal 0.985117 -0 0.171885
    outer loop
      vertex 1.91545 -4.5 1.31539
      vertex 1.92598 20 1.25504
      vertex 1.91545 20 1.31539
    endloop
  endfacet
  facet normal 0.985117 0 0.171885
    outer loop
      vertex 1.92598 20 1.25504
      vertex 1.91545 -4.5 1.31539
      vertex 1.92598 -4.5 1.25504
    endloop
  endfacet
  facet normal -0.898081 0 -0.439831
    outer loop
      vertex -1.73746 -4.5 0.0647308
      vertex -1.7644 20 0.119739
      vertex -1.73746 20 0.0647308
    endloop
  endfacet
  facet normal -0.898081 -0 -0.439831
    outer loop
      vertex -1.7644 20 0.119739
      vertex -1.73746 -4.5 0.0647308
      vertex -1.7644 -4.5 0.119739
    endloop
  endfacet
  facet normal 0.868675 -0 0.495383
    outer loop
      vertex 1.67844 -4.5 1.94263
      vertex 1.70879 20 1.88941
      vertex 1.67844 20 1.94263
    endloop
  endfacet
  facet normal 0.868675 0 0.495383
    outer loop
      vertex 1.70879 20 1.88941
      vertex 1.67844 -4.5 1.94263
      vertex 1.70879 -4.5 1.88941
    endloop
  endfacet
  facet normal -0.52242 4.47768e-20 0.852688
    outer loop
      vertex -1.04486 20 2.59644
      vertex -0.99263 -4.5 2.62844
      vertex -0.99263 20 2.62844
    endloop
  endfacet
  facet normal -0.52242 4.47768e-20 0.852688
    outer loop
      vertex -0.99263 -4.5 2.62844
      vertex -1.04486 20 2.59644
      vertex -1.04486 -4.5 2.59644
    endloop
  endfacet
  facet normal 0.898081 0 -0.439831
    outer loop
      vertex 1.7644 -4.5 0.119739
      vertex 1.73746 20 0.0647308
      vertex 1.7644 20 0.119739
    endloop
  endfacet
  facet normal 0.898081 0 -0.439831
    outer loop
      vertex 1.73746 20 0.0647308
      vertex 1.7644 -4.5 0.119739
      vertex 1.73746 -4.5 0.0647308
    endloop
  endfacet
  facet normal 0.695837 -7.77649e-21 0.718199
    outer loop
      vertex 1.33485 20 2.37148
      vertex 1.37885 -4.5 2.32885
      vertex 1.37885 20 2.32885
    endloop
  endfacet
  facet normal 0.695837 -7.77649e-21 0.718199
    outer loop
      vertex 1.37885 -4.5 2.32885
      vertex 1.33485 20 2.37148
      vertex 1.33485 -4.5 2.37148
    endloop
  endfacet
  facet normal 0.625312 -4.6891e-20 0.780375
    outer loop
      vertex 1.19516 20 2.4908
      vertex 1.24297 -4.5 2.45249
      vertex 1.24297 20 2.45249
    endloop
  endfacet
  facet normal 0.625312 -4.6891e-20 0.780375
    outer loop
      vertex 1.24297 -4.5 2.45249
      vertex 1.19516 20 2.4908
      vertex 1.19516 -4.5 2.4908
    endloop
  endfacet
  facet normal -0.955801 0 -0.294015
    outer loop
      vertex -1.85455 -4.5 0.34743
      vertex -1.87256 20 0.405978
      vertex -1.85455 20 0.34743
    endloop
  endfacet
  facet normal -0.955801 -0 -0.294015
    outer loop
      vertex -1.87256 20 0.405978
      vertex -1.85455 -4.5 0.34743
      vertex -1.87256 -4.5 0.405978
    endloop
  endfacet
  facet normal -0.964528 0 -0.263979
    outer loop
      vertex -1.87256 -4.5 0.405978
      vertex -1.88873 20 0.46506
      vertex -1.87256 20 0.405978
    endloop
  endfacet
  facet normal -0.964528 -0 -0.263979
    outer loop
      vertex -1.88873 20 0.46506
      vertex -1.87256 -4.5 0.405978
      vertex -1.88873 -4.5 0.46506
    endloop
  endfacet
  facet normal -0.964526 0 0.263988
    outer loop
      vertex -1.88873 -4.5 1.43494
      vertex -1.87256 20 1.49402
      vertex -1.88873 20 1.43494
    endloop
  endfacet
  facet normal -0.964526 0 0.263988
    outer loop
      vertex -1.87256 20 1.49402
      vertex -1.88873 -4.5 1.43494
      vertex -1.87256 -4.5 1.49402
    endloop
  endfacet
  facet normal 0.0471787 7.82276e-21 0.998886
    outer loop
      vertex 0.0612488 20 2.89904
      vertex 0.122437 -4.5 2.89615
      vertex 0.122437 20 2.89615
    endloop
  endfacet
  facet normal 0.0471787 7.82276e-21 0.998886
    outer loop
      vertex 0.122437 -4.5 2.89615
      vertex 0.0612488 20 2.89904
      vertex 0.0612488 -4.5 2.89904
    endloop
  endfacet
  facet normal 0.993946 0 -0.109871
    outer loop
      vertex 1.94135 -4.5 0.766498
      vertex 1.93462 20 0.705615
      vertex 1.94135 20 0.766498
    endloop
  endfacet
  facet normal 0.993946 0 -0.109871
    outer loop
      vertex 1.93462 20 0.705615
      vertex 1.94135 -4.5 0.766498
      vertex 1.93462 -4.5 0.705615
    endloop
  endfacet
  facet normal 0.979227 -0 0.202768
    outer loop
      vertex 1.90303 -4.5 1.37537
      vertex 1.91545 20 1.31539
      vertex 1.90303 20 1.37537
    endloop
  endfacet
  facet normal 0.979227 0 0.202768
    outer loop
      vertex 1.91545 20 1.31539
      vertex 1.90303 -4.5 1.37537
      vertex 1.91545 -4.5 1.31539
    endloop
  endfacet
  facet normal 0.990006 0 -0.141026
    outer loop
      vertex 1.93462 -4.5 0.705615
      vertex 1.92598 20 0.644962
      vertex 1.93462 20 0.705615
    endloop
  endfacet
  facet normal 0.990006 0 -0.141026
    outer loop
      vertex 1.92598 20 0.644962
      vertex 1.93462 -4.5 0.705615
      vertex 1.92598 -4.5 0.644962
    endloop
  endfacet
  facet normal 0.799647 -0 0.60047
    outer loop
      vertex 1.5408 -4.5 2.14516
      vertex 1.57758 20 2.09618
      vertex 1.5408 20 2.14516
    endloop
  endfacet
  facet normal 0.799647 0 0.60047
    outer loop
      vertex 1.57758 20 2.09618
      vertex 1.5408 -4.5 2.14516
      vertex 1.57758 -4.5 2.09618
    endloop
  endfacet
  facet normal 0.818318 -0 0.574765
    outer loop
      vertex 1.57758 -4.5 2.09618
      vertex 1.61279 20 2.04605
      vertex 1.57758 20 2.09618
    endloop
  endfacet
  facet normal 0.818318 0 0.574765
    outer loop
      vertex 1.61279 20 2.04605
      vertex 1.57758 -4.5 2.09618
      vertex 1.61279 -4.5 2.04605
    endloop
  endfacet
  facet normal 0.993945 -0 0.109876
    outer loop
      vertex 1.93462 -4.5 1.19438
      vertex 1.94135 20 1.1335
      vertex 1.93462 20 1.19438
    endloop
  endfacet
  facet normal 0.993945 0 0.109876
    outer loop
      vertex 1.94135 20 1.1335
      vertex 1.93462 -4.5 1.19438
      vertex 1.94135 -4.5 1.1335
    endloop
  endfacet
  facet normal 0.574765 -3.96727e-20 0.818318
    outer loop
      vertex 1.09605 20 2.56279
      vertex 1.14618 -4.5 2.52758
      vertex 1.14618 20 2.52758
    endloop
  endfacet
  facet normal 0.574765 -3.96727e-20 0.818318
    outer loop
      vertex 1.14618 -4.5 2.52758
      vertex 1.09605 20 2.56279
      vertex 1.09605 -4.5 2.56279
    endloop
  endfacet
  facet normal 0.549302 6.78255e-20 0.835624
    outer loop
      vertex 1.04486 20 2.59644
      vertex 1.09605 -4.5 2.56279
      vertex 1.09605 20 2.56279
    endloop
  endfacet
  facet normal 0.549302 6.78255e-20 0.835624
    outer loop
      vertex 1.09605 -4.5 2.56279
      vertex 1.04486 20 2.59644
      vertex 1.04486 -4.5 2.59644
    endloop
  endfacet
  facet normal 0.964528 0 -0.263979
    outer loop
      vertex 1.88873 -4.5 0.46506
      vertex 1.87256 20 0.405978
      vertex 1.88873 20 0.46506
    endloop
  endfacet
  facet normal 0.964528 0 -0.263979
    outer loop
      vertex 1.87256 20 0.405978
      vertex 1.88873 -4.5 0.46506
      vertex 1.87256 -4.5 0.405978
    endloop
  endfacet
  facet normal -0.88373 0 -0.467998
    outer loop
      vertex -1.70879 -4.5 0.0105927
      vertex -1.73746 20 0.0647308
      vertex -1.70879 20 0.0105927
    endloop
  endfacet
  facet normal -0.88373 -0 -0.467998
    outer loop
      vertex -1.73746 20 0.0647308
      vertex -1.70879 -4.5 0.0105927
      vertex -1.73746 -4.5 0.0647308
    endloop
  endfacet
  facet normal 0.955801 0 -0.294015
    outer loop
      vertex 1.87256 -4.5 0.405978
      vertex 1.85455 20 0.34743
      vertex 1.87256 20 0.405978
    endloop
  endfacet
  facet normal 0.955801 0 -0.294015
    outer loop
      vertex 1.85455 20 0.34743
      vertex 1.87256 -4.5 0.405978
      vertex 1.85455 -4.5 0.34743
    endloop
  endfacet
  facet normal 0.999877 -0 0.0156715
    outer loop
      vertex 1.94904 -4.5 1.01125
      vertex 1.95 20 0.95
      vertex 1.94904 20 1.01125
    endloop
  endfacet
  facet normal 0.999877 0 0.0156715
    outer loop
      vertex 1.95 20 0.95
      vertex 1.94904 -4.5 1.01125
      vertex 1.95 -4.5 0.95
    endloop
  endfacet
  facet normal -0.868286 0 -0.496063
    outer loop
      vertex -1.70274 -4.5 3.05176e-06
      vertex -1.70879 20 0.0105927
      vertex -1.70274 20 3.05176e-06
    endloop
  endfacet
  facet normal -0.868286 -0 -0.496063
    outer loop
      vertex -1.70879 20 0.0105927
      vertex -1.70274 -4.5 3.05176e-06
      vertex -1.70879 -4.5 0.0105927
    endloop
  endfacet
  facet normal -0.818084 0 0.575099
    outer loop
      vertex 7.00751 20 1.6245
      vertex 7.02919 22.5 1.65534
      vertex 7.00751 22.5 1.6245
    endloop
  endfacet
  facet normal -0.818084 0 0.575099
    outer loop
      vertex 7.02919 22.5 1.65534
      vertex 7.00751 20 1.6245
      vertex 7.02919 20 1.65534
    endloop
  endfacet
  facet normal 0.601759 -1.45359e-20 -0.798678
    outer loop
      vertex 8.73306 20 3.05176e-06
      vertex 8.73547 22.5 0.00181885
      vertex 8.73547 20 0.00181885
    endloop
  endfacet
  facet normal 0.601759 -1.45359e-20 -0.798678
    outer loop
      vertex 8.73547 22.5 0.00181885
      vertex 8.73306 20 3.05176e-06
      vertex 8.73306 22.5 3.05176e-06
    endloop
  endfacet
  facet normal -0.852658 0 -0.522469
    outer loop
      vertex 6.98682 20 0.30701
      vertex 6.96712 22.5 0.33916
      vertex 6.98682 22.5 0.30701
    endloop
  endfacet
  facet normal -0.852658 -0 -0.522469
    outer loop
      vertex 6.96712 22.5 0.33916
      vertex 6.98682 20 0.30701
      vertex 6.96712 20 0.33916
    endloop
  endfacet
  facet normal -0.625064 9.29255e-20 -0.780573
    outer loop
      vertex 7.23509 20 0.0253937
      vertex 7.26453 22.5 0.00181885
      vertex 7.26453 20 0.00181885
    endloop
  endfacet
  facet normal -0.625064 9.29255e-20 -0.780573
    outer loop
      vertex 7.26453 22.5 0.00181885
      vertex 7.23509 20 0.0253937
      vertex 7.23509 22.5 0.0253937
    endloop
  endfacet
  facet normal 0.233664 1.22153e-19 0.972317
    outer loop
      vertex 8.26176 22.5 2.1211
      vertex 8.29842 20 2.11229
      vertex 8.29842 22.5 2.11229
    endloop
  endfacet
  facet normal 0.233664 1.22153e-19 0.972317
    outer loop
      vertex 8.29842 20 2.11229
      vertex 8.26176 22.5 2.1211
      vertex 8.26176 20 2.1211
    endloop
  endfacet
  facet normal -0.29362 9.03992e-20 0.955922
    outer loop
      vertex 7.62918 22.5 2.09127
      vertex 7.66522 20 2.10234
      vertex 7.66522 22.5 2.10234
    endloop
  endfacet
  facet normal -0.29362 9.03992e-20 0.955922
    outer loop
      vertex 7.66522 20 2.10234
      vertex 7.62918 22.5 2.09127
      vertex 7.62918 20 2.09127
    endloop
  endfacet
  facet normal -0.979242 0 0.202693
    outer loop
      vertex 6.82126 20 1.17485
      vertex 6.8289 22.5 1.21176
      vertex 6.82126 22.5 1.17485
    endloop
  endfacet
  facet normal -0.979242 0 0.202693
    outer loop
      vertex 6.8289 22.5 1.21176
      vertex 6.82126 20 1.17485
      vertex 6.8289 20 1.21176
    endloop
  endfacet
  facet normal -0.898058 0 0.439876
    outer loop
      vertex 6.91422 20 1.46093
      vertex 6.9308 22.5 1.49478
      vertex 6.91422 22.5 1.46093
    endloop
  endfacet
  facet normal -0.898058 0 0.439876
    outer loop
      vertex 6.9308 22.5 1.49478
      vertex 6.91422 20 1.46093
      vertex 6.9308 20 1.49478
    endloop
  endfacet
  facet normal -0.171621 4.5688e-20 0.985163
    outer loop
      vertex 7.77515 22.5 2.12874
      vertex 7.81229 20 2.13521
      vertex 7.81229 22.5 2.13521
    endloop
  endfacet
  facet normal -0.171621 4.5688e-20 0.985163
    outer loop
      vertex 7.81229 20 2.13521
      vertex 7.77515 22.5 2.12874
      vertex 7.77515 20 2.12874
    endloop
  endfacet
  facet normal 0.99398 -0 0.109558
    outer loop
      vertex 9.19054 20 1.10039
      vertex 9.19467 22.5 1.06292
      vertex 9.19054 22.5 1.10039
    endloop
  endfacet
  facet normal 0.99398 0 0.109558
    outer loop
      vertex 9.19467 22.5 1.06292
      vertex 9.19054 20 1.10039
      vertex 9.19467 20 1.06292
    endloop
  endfacet
  facet normal -0.495453 -9.89408e-22 0.868635
    outer loop
      vertex 7.38916 22.5 1.98288
      vertex 7.42191 20 2.00156
      vertex 7.42191 22.5 2.00156
    endloop
  endfacet
  facet normal -0.495453 -9.89408e-22 0.868635
    outer loop
      vertex 7.42191 20 2.00156
      vertex 7.38916 22.5 1.98288
      vertex 7.38916 20 1.98288
    endloop
  endfacet
  facet normal -0.739592 0 -0.673056
    outer loop
      vertex 7.12524 20 0.128558
      vertex 7.09987 22.5 0.156436
      vertex 7.12524 22.5 0.128558
    endloop
  endfacet
  facet normal -0.739592 -0 -0.673056
    outer loop
      vertex 7.09987 22.5 0.156436
      vertex 7.12524 20 0.128558
      vertex 7.09987 20 0.156436
    endloop
  endfacet
  facet normal 0 0 -1
    outer loop
      vertex 9.70274 -4 3.05176e-06
      vertex 8.73306 20 3.05176e-06
      vertex 9.70274 20 3.05176e-06
    endloop
  endfacet
  facet normal 0 0 -1
    outer loop
      vertex 8.73306 20 3.05176e-06
      vertex 7.26694 20 3.05176e-06
      vertex 8.73306 22.5 3.05176e-06
    endloop
  endfacet
  facet normal 0 0 -1
    outer loop
      vertex 9.70274 -4 3.05176e-06
      vertex 7.26694 20 3.05176e-06
      vertex 8.73306 20 3.05176e-06
    endloop
  endfacet
  facet normal 0 0 -1
    outer loop
      vertex 6.29726 -4 3.05176e-06
      vertex 7.26694 20 3.05176e-06
      vertex 9.70274 -4 3.05176e-06
    endloop
  endfacet
  facet normal -0 0 -1
    outer loop
      vertex 7.26694 20 3.05176e-06
      vertex 6.29726 -4 3.05176e-06
      vertex 6.29726 20 3.05176e-06
    endloop
  endfacet
  facet normal -0 0 -1
    outer loop
      vertex 8.73306 22.5 3.05176e-06
      vertex 7.26694 20 3.05176e-06
      vertex 7.26694 22.5 3.05176e-06
    endloop
  endfacet
  facet normal -0.989956 0 -0.141373
    outer loop
      vertex 6.81479 20 0.762286
      vertex 6.80946 22.5 0.799609
      vertex 6.81479 22.5 0.762286
    endloop
  endfacet
  facet normal -0.989956 -0 -0.141373
    outer loop
      vertex 6.80946 22.5 0.799609
      vertex 6.81479 20 0.762286
      vertex 6.80946 20 0.799609
    endloop
  endfacet
  facet normal 0.989956 0 -0.141373
    outer loop
      vertex 9.19054 20 0.799609
      vertex 9.18521 22.5 0.762286
      vertex 9.19054 22.5 0.799609
    endloop
  endfacet
  facet normal 0.989956 0 -0.141373
    outer loop
      vertex 9.18521 22.5 0.762286
      vertex 9.19054 20 0.799609
      vertex 9.18521 20 0.762286
    endloop
  endfacet
  facet normal 0.695611 3.1365e-19 0.718418
    outer loop
      vertex 8.82144 22.5 1.82476
      vertex 8.84853 20 1.79853
      vertex 8.84853 22.5 1.79853
    endloop
  endfacet
  facet normal 0.695611 3.1365e-19 0.718418
    outer loop
      vertex 8.84853 20 1.79853
      vertex 8.82144 22.5 1.82476
      vertex 8.82144 20 1.82476
    endloop
  endfacet
  facet normal -0.718341 0 -0.695691
    outer loop
      vertex 7.15147 20 0.101474
      vertex 7.12524 22.5 0.128558
      vertex 7.15147 22.5 0.101474
    endloop
  endfacet
  facet normal -0.718341 -0 -0.695691
    outer loop
      vertex 7.12524 22.5 0.128558
      vertex 7.15147 20 0.101474
      vertex 7.12524 20 0.128558
    endloop
  endfacet
  facet normal -0.989955 0 0.141384
    outer loop
      vertex 6.80946 20 1.10039
      vertex 6.81479 22.5 1.13771
      vertex 6.80946 22.5 1.10039
    endloop
  endfacet
  facet normal -0.989955 0 0.141384
    outer loop
      vertex 6.81479 22.5 1.13771
      vertex 6.80946 20 1.10039
      vertex 6.81479 20 1.13771
    endloop
  endfacet
  facet normal -0.739616 0 0.673029
    outer loop
      vertex 7.09987 20 1.74356
      vertex 7.12524 22.5 1.77144
      vertex 7.09987 22.5 1.74356
    endloop
  endfacet
  facet normal -0.739616 0 0.673029
    outer loop
      vertex 7.12524 22.5 1.77144
      vertex 7.09987 20 1.74356
      vertex 7.12524 20 1.77144
    endloop
  endfacet
  facet normal 0.993982 0 -0.109541
    outer loop
      vertex 9.19467 20 0.837085
      vertex 9.19054 22.5 0.799609
      vertex 9.19467 22.5 0.837085
    endloop
  endfacet
  facet normal 0.993982 0 -0.109541
    outer loop
      vertex 9.19054 22.5 0.799609
      vertex 9.19467 20 0.837085
      vertex 9.19054 20 0.799609
    endloop
  endfacet
  facet normal -0.935476 0 0.35339
    outer loop
      vertex 6.87096 20 1.35648
      vertex 6.88428 22.5 1.39174
      vertex 6.87096 22.5 1.35648
    endloop
  endfacet
  facet normal -0.935476 0 0.35339
    outer loop
      vertex 6.88428 22.5 1.39174
      vertex 6.87096 20 1.35648
      vertex 6.88428 20 1.39174
    endloop
  endfacet
  facet normal 0.852658 -0 0.522469
    outer loop
      vertex 9.01318 20 1.59299
      vertex 9.03288 22.5 1.56084
      vertex 9.01318 22.5 1.59299
    endloop
  endfacet
  facet normal 0.852658 0 0.522469
    outer loop
      vertex 9.03288 22.5 1.56084
      vertex 9.01318 20 1.59299
      vertex 9.03288 20 1.56084
    endloop
  endfacet
  facet normal -0.673106 5.42206e-19 -0.739546
    outer loop
      vertex 7.17856 20 0.0752441
      vertex 7.20644 22.5 0.0498688
      vertex 7.20644 20 0.0498688
    endloop
  endfacet
  facet normal -0.673106 5.42206e-19 -0.739546
    outer loop
      vertex 7.20644 22.5 0.0498688
      vertex 7.17856 20 0.0752441
      vertex 7.17856 22.5 0.0752441
    endloop
  endfacet
  facet normal -0.649535 -2.78981e-19 -0.760331
    outer loop
      vertex 7.20644 20 0.0498688
      vertex 7.23509 22.5 0.0253937
      vertex 7.23509 20 0.0253937
    endloop
  endfacet
  facet normal -0.649535 -2.78981e-19 -0.760331
    outer loop
      vertex 7.23509 22.5 0.0253937
      vertex 7.20644 20 0.0498688
      vertex 7.20644 22.5 0.0498688
    endloop
  endfacet
  facet normal -0.0785429 -4.58411e-20 0.996911
    outer loop
      vertex 7.88708 22.5 2.14467
      vertex 7.92465 20 2.14763
      vertex 7.92465 22.5 2.14763
    endloop
  endfacet
  facet normal -0.0785429 -4.58411e-20 0.996911
    outer loop
      vertex 7.92465 20 2.14763
      vertex 7.88708 22.5 2.14467
      vertex 7.88708 20 2.14467
    endloop
  endfacet
  facet normal -0.985163 0 -0.171621
    outer loop
      vertex 6.82126 20 0.725146
      vertex 6.81479 22.5 0.762286
      vertex 6.82126 22.5 0.725146
    endloop
  endfacet
  facet normal -0.985163 -0 -0.171621
    outer loop
      vertex 6.81479 22.5 0.762286
      vertex 6.82126 20 0.725146
      vertex 6.81479 20 0.762286
    endloop
  endfacet
  facet normal -0.263948 2.20782e-19 0.964537
    outer loop
      vertex 7.66522 22.5 2.10234
      vertex 7.70158 20 2.11229
      vertex 7.70158 22.5 2.11229
    endloop
  endfacet
  facet normal -0.263948 2.20782e-19 0.964537
    outer loop
      vertex 7.70158 20 2.11229
      vertex 7.66522 22.5 2.10234
      vertex 7.66522 20 2.10234
    endloop
  endfacet
  facet normal 0.868635 -0 0.495453
    outer loop
      vertex 9.03288 20 1.56084
      vertex 9.05156 22.5 1.52809
      vertex 9.03288 22.5 1.56084
    endloop
  endfacet
  facet normal 0.868635 0 0.495453
    outer loop
      vertex 9.05156 22.5 1.52809
      vertex 9.03288 20 1.56084
      vertex 9.05156 20 1.52809
    endloop
  endfacet
  facet normal -0.999873 0 -0.0159177
    outer loop
      vertex 6.8006 20 0.912311
      vertex 6.8 22.5 0.95
      vertex 6.8006 22.5 0.912311
    endloop
  endfacet
  facet normal -0.999873 -0 -0.0159177
    outer loop
      vertex 6.8 22.5 0.95
      vertex 6.8006 20 0.912311
      vertex 6.8 20 0.95
    endloop
  endfacet
  facet normal 0.64961 3.45356e-19 0.760267
    outer loop
      vertex 8.76491 22.5 1.87461
      vertex 8.79356 20 1.85013
      vertex 8.79356 22.5 1.85013
    endloop
  endfacet
  facet normal 0.64961 3.45356e-19 0.760267
    outer loop
      vertex 8.79356 20 1.85013
      vertex 8.76491 22.5 1.87461
      vertex 8.76491 20 1.87461
    endloop
  endfacet
  facet normal 0.69561 1.20539e-19 -0.71842
    outer loop
      vertex 8.82144 20 0.0752441
      vertex 8.84853 22.5 0.101474
      vertex 8.84853 20 0.101474
    endloop
  endfacet
  facet normal 0.69561 1.20539e-19 -0.71842
    outer loop
      vertex 8.84853 22.5 0.101474
      vertex 8.82144 20 0.0752441
      vertex 8.82144 22.5 0.0752441
    endloop
  endfacet
  facet normal -0.923907 0 0.382617
    outer loop
      vertex 6.88428 20 1.39174
      vertex 6.8987 22.5 1.42656
      vertex 6.88428 22.5 1.39174
    endloop
  endfacet
  facet normal -0.923907 0 0.382617
    outer loop
      vertex 6.8987 22.5 1.42656
      vertex 6.88428 20 1.39174
      vertex 6.8987 20 1.42656
    endloop
  endfacet
  facet normal 0.923907 -0 0.382617
    outer loop
      vertex 9.1013 20 1.42656
      vertex 9.11572 22.5 1.39174
      vertex 9.1013 22.5 1.42656
    endloop
  endfacet
  facet normal 0.923907 0 0.382617
    outer loop
      vertex 9.11572 22.5 1.39174
      vertex 9.1013 20 1.42656
      vertex 9.11572 20 1.39174
    endloop
  endfacet
  facet normal -0.945916 0 0.324412
    outer loop
      vertex 6.85873 20 1.32082
      vertex 6.87096 22.5 1.35648
      vertex 6.85873 22.5 1.32082
    endloop
  endfacet
  facet normal -0.945916 0 0.324412
    outer loop
      vertex 6.87096 22.5 1.35648
      vertex 6.85873 20 1.32082
      vertex 6.87096 20 1.35648
    endloop
  endfacet
  facet normal -0.99398 0 0.109558
    outer loop
      vertex 6.80533 20 1.06292
      vertex 6.80946 22.5 1.10039
      vertex 6.80533 22.5 1.06292
    endloop
  endfacet
  facet normal -0.99398 0 0.109558
    outer loop
      vertex 6.80946 22.5 1.10039
      vertex 6.80533 20 1.06292
      vertex 6.80946 20 1.10039
    endloop
  endfacet
  facet normal -0.911354 0 -0.411624
    outer loop
      vertex 6.91422 20 0.439075
      vertex 6.8987 22.5 0.473437
      vertex 6.91422 22.5 0.439075
    endloop
  endfacet
  facet normal -0.911354 -0 -0.411624
    outer loop
      vertex 6.8987 22.5 0.473437
      vertex 6.91422 20 0.439075
      vertex 6.8987 20 0.473437
    endloop
  endfacet
  facet normal -0.69561 2.28324e-20 -0.71842
    outer loop
      vertex 7.15147 20 0.101474
      vertex 7.17856 22.5 0.0752441
      vertex 7.17856 20 0.0752441
    endloop
  endfacet
  facet normal -0.69561 2.28324e-20 -0.71842
    outer loop
      vertex 7.17856 22.5 0.0752441
      vertex 7.15147 20 0.101474
      vertex 7.15147 22.5 0.101474
    endloop
  endfacet
  facet normal -0.780574 0 -0.625064
    outer loop
      vertex 7.07539 20 0.185092
      vertex 7.05182 22.5 0.214526
      vertex 7.07539 22.5 0.185092
    endloop
  endfacet
  facet normal -0.780574 -0 -0.625064
    outer loop
      vertex 7.05182 22.5 0.214526
      vertex 7.07539 20 0.185092
      vertex 7.05182 20 0.214526
    endloop
  endfacet
  facet normal -0.760334 0 -0.649532
    outer loop
      vertex 7.09987 20 0.156436
      vertex 7.07539 22.5 0.185092
      vertex 7.09987 22.5 0.156436
    endloop
  endfacet
  facet normal -0.760334 -0 -0.649532
    outer loop
      vertex 7.07539 22.5 0.185092
      vertex 7.09987 20 0.156436
      vertex 7.07539 20 0.185092
    endloop
  endfacet
  facet normal 0.964537 -0 0.263948
    outer loop
      vertex 9.15234 20 1.28478
      vertex 9.16229 22.5 1.24842
      vertex 9.15234 22.5 1.28478
    endloop
  endfacet
  facet normal 0.964537 0 0.263948
    outer loop
      vertex 9.16229 22.5 1.24842
      vertex 9.15234 20 1.28478
      vertex 9.16229 20 1.24842
    endloop
  endfacet
  facet normal -0.624986 -3.96357e-19 0.780636
    outer loop
      vertex 7.23509 22.5 1.87461
      vertex 7.26453 20 1.89818
      vertex 7.26453 22.5 1.89818
    endloop
  endfacet
  facet normal -0.624986 -3.96357e-19 0.780636
    outer loop
      vertex 7.26453 20 1.89818
      vertex 7.23509 22.5 1.87461
      vertex 7.23509 20 1.87461
    endloop
  endfacet
  facet normal 0.835907 0 -0.548871
    outer loop
      vertex 9.01318 20 0.30701
      vertex 8.99249 22.5 0.2755
      vertex 9.01318 22.5 0.30701
    endloop
  endfacet
  facet normal 0.835907 0 -0.548871
    outer loop
      vertex 8.99249 22.5 0.2755
      vertex 9.01318 20 0.30701
      vertex 8.99249 20 0.2755
    endloop
  endfacet
  facet normal 0.0785429 4.77743e-20 0.996911
    outer loop
      vertex 8.07535 22.5 2.14763
      vertex 8.11292 20 2.14467
      vertex 8.11292 22.5 2.14467
    endloop
  endfacet
  facet normal 0.0785429 4.77743e-20 0.996911
    outer loop
      vertex 8.11292 20 2.14467
      vertex 8.07535 22.5 2.14763
      vertex 8.07535 20 2.14763
    endloop
  endfacet
  facet normal 0.999873 0 -0.0159177
    outer loop
      vertex 9.2 20 0.95
      vertex 9.1994 22.5 0.912311
      vertex 9.2 22.5 0.95
    endloop
  endfacet
  facet normal 0.999873 0 -0.0159177
    outer loop
      vertex 9.1994 22.5 0.912311
      vertex 9.2 20 0.95
      vertex 9.1994 20 0.912311
    endloop
  endfacet
  facet normal -0.985163 0 0.171621
    outer loop
      vertex 6.81479 20 1.13771
      vertex 6.82126 22.5 1.17485
      vertex 6.81479 22.5 1.13771
    endloop
  endfacet
  facet normal -0.985163 0 0.171621
    outer loop
      vertex 6.82126 22.5 1.17485
      vertex 6.81479 20 1.13771
      vertex 6.82126 20 1.17485
    endloop
  endfacet
  facet normal 0.99691 0 -0.0785491
    outer loop
      vertex 9.19763 20 0.874652
      vertex 9.19467 22.5 0.837085
      vertex 9.19763 22.5 0.874652
    endloop
  endfacet
  facet normal 0.99691 0 -0.0785491
    outer loop
      vertex 9.19467 22.5 0.837085
      vertex 9.19763 20 0.874652
      vertex 9.19467 20 0.837085
    endloop
  endfacet
  facet normal -0.972304 0 -0.233718
    outer loop
      vertex 6.83771 20 0.651584
      vertex 6.8289 22.5 0.688235
      vertex 6.83771 22.5 0.651584
    endloop
  endfacet
  facet normal -0.972304 -0 -0.233718
    outer loop
      vertex 6.8289 22.5 0.688235
      vertex 6.83771 20 0.651584
      vertex 6.8289 20 0.688235
    endloop
  endfacet
  facet normal -0.673029 1.52991e-19 0.739616
    outer loop
      vertex 7.17856 22.5 1.82476
      vertex 7.20644 20 1.85013
      vertex 7.20644 22.5 1.85013
    endloop
  endfacet
  facet normal -0.673029 1.52991e-19 0.739616
    outer loop
      vertex 7.20644 20 1.85013
      vertex 7.17856 22.5 1.82476
      vertex 7.17856 20 1.82476
    endloop
  endfacet
  facet normal 0.439876 4.73499e-19 0.898058
    outer loop
      vertex 8.51093 22.5 2.03578
      vertex 8.54478 20 2.0192
      vertex 8.54478 22.5 2.0192
    endloop
  endfacet
  facet normal 0.439876 4.73499e-19 0.898058
    outer loop
      vertex 8.54478 20 2.0192
      vertex 8.51093 22.5 2.03578
      vertex 8.51093 20 2.03578
    endloop
  endfacet
  facet normal -0.780636 0 0.624986
    outer loop
      vertex 7.05182 20 1.68547
      vertex 7.07539 22.5 1.71491
      vertex 7.05182 22.5 1.68547
    endloop
  endfacet
  facet normal -0.780636 0 0.624986
    outer loop
      vertex 7.07539 22.5 1.71491
      vertex 7.05182 20 1.68547
      vertex 7.07539 20 1.71491
    endloop
  endfacet
  facet normal 0.945916 -0 0.324412
    outer loop
      vertex 9.12904 20 1.35648
      vertex 9.14127 22.5 1.32082
      vertex 9.12904 22.5 1.35648
    endloop
  endfacet
  facet normal 0.945916 0 0.324412
    outer loop
      vertex 9.14127 22.5 1.32082
      vertex 9.12904 20 1.35648
      vertex 9.14127 20 1.32082
    endloop
  endfacet
  facet normal -0.522469 -4.33244e-19 0.852658
    outer loop
      vertex 7.35701 22.5 1.96318
      vertex 7.38916 20 1.98288
      vertex 7.38916 22.5 1.98288
    endloop
  endfacet
  facet normal -0.522469 -4.33244e-19 0.852658
    outer loop
      vertex 7.38916 20 1.98288
      vertex 7.35701 22.5 1.96318
      vertex 7.35701 20 1.96318
    endloop
  endfacet
  facet normal 0.799643 0 -0.600475
    outer loop
      vertex 8.97081 20 0.244662
      vertex 8.94818 22.5 0.214526
      vertex 8.97081 22.5 0.244662
    endloop
  endfacet
  facet normal 0.799643 0 -0.600475
    outer loop
      vertex 8.94818 22.5 0.214526
      vertex 8.97081 20 0.244662
      vertex 8.94818 20 0.214526
    endloop
  endfacet
  facet normal 0.649535 -2.96505e-19 -0.760331
    outer loop
      vertex 8.76491 20 0.0253937
      vertex 8.79356 22.5 0.0498688
      vertex 8.79356 20 0.0498688
    endloop
  endfacet
  facet normal 0.649535 -2.96505e-19 -0.760331
    outer loop
      vertex 8.79356 22.5 0.0498688
      vertex 8.76491 20 0.0253937
      vertex 8.76491 22.5 0.0253937
    endloop
  endfacet
  facet normal 0.109558 -1.86125e-20 0.99398
    outer loop
      vertex 8.11292 22.5 2.14467
      vertex 8.15039 20 2.14054
      vertex 8.15039 22.5 2.14054
    endloop
  endfacet
  facet normal 0.109558 -1.86125e-20 0.99398
    outer loop
      vertex 8.15039 20 2.14054
      vertex 8.11292 22.5 2.14467
      vertex 8.11292 20 2.14467
    endloop
  endfacet
  facet normal -0.760267 0 0.64961
    outer loop
      vertex 7.07539 20 1.71491
      vertex 7.09987 22.5 1.74356
      vertex 7.07539 22.5 1.71491
    endloop
  endfacet
  facet normal -0.760267 0 0.64961
    outer loop
      vertex 7.09987 22.5 1.74356
      vertex 7.07539 20 1.71491
      vertex 7.09987 20 1.74356
    endloop
  endfacet
  facet normal 0.202693 5.77589e-20 0.979242
    outer loop
      vertex 8.22485 22.5 2.12874
      vertex 8.26176 20 2.1211
      vertex 8.26176 22.5 2.1211
    endloop
  endfacet
  facet normal 0.202693 5.77589e-20 0.979242
    outer loop
      vertex 8.26176 20 2.1211
      vertex 8.22485 22.5 2.12874
      vertex 8.22485 20 2.12874
    endloop
  endfacet
  facet normal -0.835907 0 0.548871
    outer loop
      vertex 6.98682 20 1.59299
      vertex 7.00751 22.5 1.6245
      vertex 6.98682 22.5 1.59299
    endloop
  endfacet
  facet normal -0.835907 0 0.548871
    outer loop
      vertex 7.00751 22.5 1.6245
      vertex 6.98682 20 1.59299
      vertex 7.00751 20 1.6245
    endloop
  endfacet
  facet normal -0.35339 1.7656e-19 0.935476
    outer loop
      vertex 7.55826 22.5 2.06572
      vertex 7.59352 20 2.07904
      vertex 7.59352 22.5 2.07904
    endloop
  endfacet
  facet normal -0.35339 1.7656e-19 0.935476
    outer loop
      vertex 7.59352 20 2.07904
      vertex 7.55826 22.5 2.06572
      vertex 7.55826 20 2.06572
    endloop
  endfacet
  facet normal 0.89811 0 -0.439771
    outer loop
      vertex 9.08578 20 0.439075
      vertex 9.0692 22.5 0.405215
      vertex 9.08578 22.5 0.439075
    endloop
  endfacet
  facet normal 0.89811 0 -0.439771
    outer loop
      vertex 9.0692 22.5 0.405215
      vertex 9.08578 20 0.439075
      vertex 9.0692 20 0.405215
    endloop
  endfacet
  facet normal -0.88373 0 0.467997
    outer loop
      vertex 6.9308 20 1.49478
      vertex 6.94844 22.5 1.52809
      vertex 6.9308 22.5 1.49478
    endloop
  endfacet
  facet normal -0.88373 0 0.467997
    outer loop
      vertex 6.94844 22.5 1.52809
      vertex 6.9308 20 1.49478
      vertex 6.94844 20 1.52809
    endloop
  endfacet
  facet normal 0.718418 -0 0.695611
    outer loop
      vertex 8.84853 20 1.79853
      vertex 8.87476 22.5 1.77144
      vertex 8.84853 22.5 1.79853
    endloop
  endfacet
  facet normal 0.718418 0 0.695611
    outer loop
      vertex 8.87476 22.5 1.77144
      vertex 8.84853 20 1.79853
      vertex 8.87476 20 1.77144
    endloop
  endfacet
  facet normal -0.964537 0 0.263948
    outer loop
      vertex 6.83771 20 1.24842
      vertex 6.84766 22.5 1.28478
      vertex 6.83771 22.5 1.24842
    endloop
  endfacet
  facet normal -0.964537 0 0.263948
    outer loop
      vertex 6.84766 22.5 1.28478
      vertex 6.83771 20 1.24842
      vertex 6.84766 20 1.28478
    endloop
  endfacet
  facet normal -0.998897 0 0.0469464
    outer loop
      vertex 6.8006 20 0.987689
      vertex 6.80237 22.5 1.02535
      vertex 6.8006 22.5 0.987689
    endloop
  endfacet
  facet normal -0.998897 0 0.0469464
    outer loop
      vertex 6.80237 22.5 1.02535
      vertex 6.8006 20 0.987689
      vertex 6.80237 20 1.02535
    endloop
  endfacet
  facet normal -0.955922 0 0.29362
    outer loop
      vertex 6.84766 20 1.28478
      vertex 6.85873 22.5 1.32082
      vertex 6.84766 22.5 1.28478
    endloop
  endfacet
  facet normal -0.955922 0 0.29362
    outer loop
      vertex 6.85873 22.5 1.32082
      vertex 6.84766 20 1.28478
      vertex 6.85873 20 1.32082
    endloop
  endfacet
  facet normal -0.718418 0 0.695611
    outer loop
      vertex 7.12524 20 1.77144
      vertex 7.15147 22.5 1.79853
      vertex 7.12524 22.5 1.77144
    endloop
  endfacet
  facet normal -0.718418 0 0.695611
    outer loop
      vertex 7.15147 22.5 1.79853
      vertex 7.12524 20 1.77144
      vertex 7.15147 20 1.79853
    endloop
  endfacet
  facet normal -0.695611 -4.5608e-19 0.718418
    outer loop
      vertex 7.15147 22.5 1.79853
      vertex 7.17856 20 1.82476
      vertex 7.17856 22.5 1.82476
    endloop
  endfacet
  facet normal -0.695611 -4.5608e-19 0.718418
    outer loop
      vertex 7.17856 20 1.82476
      vertex 7.15147 22.5 1.79853
      vertex 7.15147 20 1.79853
    endloop
  endfacet
  facet normal -0.439876 4.73841e-19 0.898058
    outer loop
      vertex 7.45522 22.5 2.0192
      vertex 7.48907 20 2.03578
      vertex 7.48907 22.5 2.03578
    endloop
  endfacet
  facet normal -0.439876 4.73841e-19 0.898058
    outer loop
      vertex 7.48907 20 2.03578
      vertex 7.45522 22.5 2.0192
      vertex 7.45522 20 2.0192
    endloop
  endfacet
  facet normal -0.91139 0 0.411544
    outer loop
      vertex 6.8987 20 1.42656
      vertex 6.91422 22.5 1.46093
      vertex 6.8987 22.5 1.42656
    endloop
  endfacet
  facet normal -0.91139 0 0.411544
    outer loop
      vertex 6.91422 22.5 1.46093
      vertex 6.8987 20 1.42656
      vertex 6.91422 20 1.46093
    endloop
  endfacet
  facet normal 0.0159173 -1.07778e-20 0.999873
    outer loop
      vertex 8 22.5 2.15
      vertex 8.03769 20 2.1494
      vertex 8.03769 22.5 2.1494
    endloop
  endfacet
  facet normal 0.0159173 -1.07778e-20 0.999873
    outer loop
      vertex 8.03769 20 2.1494
      vertex 8 22.5 2.15
      vertex 8 20 2.15
    endloop
  endfacet
  facet normal 0.522469 -2.77105e-19 0.852658
    outer loop
      vertex 8.61084 22.5 1.98288
      vertex 8.64299 20 1.96318
      vertex 8.64299 22.5 1.96318
    endloop
  endfacet
  facet normal 0.522469 -2.77105e-19 0.852658
    outer loop
      vertex 8.64299 20 1.96318
      vertex 8.61084 22.5 1.98288
      vertex 8.61084 20 1.98288
    endloop
  endfacet
  facet normal -0.999873 0 0.0159177
    outer loop
      vertex 6.8 20 0.95
      vertex 6.8006 22.5 0.987689
      vertex 6.8 22.5 0.95
    endloop
  endfacet
  facet normal -0.999873 0 0.0159177
    outer loop
      vertex 6.8006 22.5 0.987689
      vertex 6.8 20 0.95
      vertex 6.8006 20 0.987689
    endloop
  endfacet
  facet normal -0.799586 0 0.600552
    outer loop
      vertex 7.02919 20 1.65534
      vertex 7.05182 22.5 1.68547
      vertex 7.02919 22.5 1.65534
    endloop
  endfacet
  facet normal -0.799586 0 0.600552
    outer loop
      vertex 7.05182 22.5 1.68547
      vertex 7.02919 20 1.65534
      vertex 7.05182 20 1.68547
    endloop
  endfacet
  facet normal 0.818066 0 -0.575124
    outer loop
      vertex 8.99249 20 0.2755
      vertex 8.97081 22.5 0.244662
      vertex 8.99249 22.5 0.2755
    endloop
  endfacet
  facet normal 0.818066 0 -0.575124
    outer loop
      vertex 8.97081 22.5 0.244662
      vertex 8.99249 20 0.2755
      vertex 8.97081 20 0.244662
    endloop
  endfacet
  facet normal 0.548871 1.89808e-19 0.835907
    outer loop
      vertex 8.64299 22.5 1.96318
      vertex 8.6745 20 1.94249
      vertex 8.6745 22.5 1.94249
    endloop
  endfacet
  facet normal 0.548871 1.89808e-19 0.835907
    outer loop
      vertex 8.6745 20 1.94249
      vertex 8.64299 22.5 1.96318
      vertex 8.64299 20 1.96318
    endloop
  endfacet
  facet normal -0.852658 0 0.522469
    outer loop
      vertex 6.96712 20 1.56084
      vertex 6.98682 22.5 1.59299
      vertex 6.96712 22.5 1.56084
    endloop
  endfacet
  facet normal -0.852658 0 0.522469
    outer loop
      vertex 6.98682 22.5 1.59299
      vertex 6.96712 20 1.56084
      vertex 6.98682 20 1.59299
    endloop
  endfacet
  facet normal -0.883724 0 -0.468008
    outer loop
      vertex 6.94844 20 0.371906
      vertex 6.9308 22.5 0.405215
      vertex 6.94844 22.5 0.371906
    endloop
  endfacet
  facet normal -0.883724 -0 -0.468008
    outer loop
      vertex 6.9308 22.5 0.405215
      vertex 6.94844 20 0.371906
      vertex 6.9308 20 0.405215
    endloop
  endfacet
  facet normal 0.883724 0 -0.468008
    outer loop
      vertex 9.0692 20 0.405215
      vertex 9.05156 22.5 0.371906
      vertex 9.0692 22.5 0.405215
    endloop
  endfacet
  facet normal 0.883724 0 -0.468008
    outer loop
      vertex 9.05156 22.5 0.371906
      vertex 9.0692 20 0.405215
      vertex 9.05156 20 0.371906
    endloop
  endfacet
  facet normal 0.625064 5.10042e-20 -0.780573
    outer loop
      vertex 8.73547 20 0.00181885
      vertex 8.76491 22.5 0.0253937
      vertex 8.76491 20 0.0253937
    endloop
  endfacet
  facet normal 0.625064 5.10042e-20 -0.780573
    outer loop
      vertex 8.76491 22.5 0.0253937
      vertex 8.73547 20 0.00181885
      vertex 8.73547 22.5 0.00181885
    endloop
  endfacet
  facet normal 0.972304 0 -0.233718
    outer loop
      vertex 9.1711 20 0.688235
      vertex 9.16229 22.5 0.651584
      vertex 9.1711 22.5 0.688235
    endloop
  endfacet
  facet normal 0.972304 0 -0.233718
    outer loop
      vertex 9.16229 22.5 0.651584
      vertex 9.1711 20 0.688235
      vertex 9.16229 20 0.651584
    endloop
  endfacet
  facet normal -0.89811 0 -0.439771
    outer loop
      vertex 6.9308 20 0.405215
      vertex 6.91422 22.5 0.439075
      vertex 6.9308 22.5 0.405215
    endloop
  endfacet
  facet normal -0.89811 -0 -0.439771
    outer loop
      vertex 6.91422 22.5 0.439075
      vertex 6.9308 20 0.405215
      vertex 6.91422 20 0.439075
    endloop
  endfacet
  facet normal 0.91139 -0 0.411544
    outer loop
      vertex 9.08578 20 1.46093
      vertex 9.1013 22.5 1.42656
      vertex 9.08578 22.5 1.46093
    endloop
  endfacet
  facet normal 0.91139 0 0.411544
    outer loop
      vertex 9.1013 22.5 1.42656
      vertex 9.08578 20 1.46093
      vertex 9.1013 20 1.42656
    endloop
  endfacet
  facet normal 0 1 0
    outer loop
      vertex 8 20 2.15
      vertex 8 20 2.9
      vertex 8.06125 20 2.89904
    endloop
  endfacet
  facet normal 0 1 0
    outer loop
      vertex 8.03769 20 2.1494
      vertex 8.06125 20 2.89904
      vertex 8.12244 20 2.89615
    endloop
  endfacet
  facet normal 0 1 0
    outer loop
      vertex 8 20 2.9
      vertex 8 20 2.15
      vertex 7.93875 20 2.89904
    endloop
  endfacet
  facet normal 0 1 0
    outer loop
      vertex 8.07535 20 2.14763
      vertex 8.12244 20 2.89615
      vertex 8.1835 20 2.89135
    endloop
  endfacet
  facet normal 0 1 -0
    outer loop
      vertex 7.96231 20 2.1494
      vertex 7.93875 20 2.89904
      vertex 8 20 2.15
    endloop
  endfacet
  facet normal 0 1 0
    outer loop
      vertex 8.11292 20 2.14467
      vertex 8.1835 20 2.89135
      vertex 8.24438 20 2.88462
    endloop
  endfacet
  facet normal 0 1 0
    outer loop
      vertex 7.93875 20 2.89904
      vertex 7.96231 20 2.1494
      vertex 7.87756 20 2.89615
    endloop
  endfacet
  facet normal 0 1 0
    outer loop
      vertex 8.15039 20 2.14054
      vertex 8.24438 20 2.88462
      vertex 8.30504 20 2.87598
    endloop
  endfacet
  facet normal 0 1 -0
    outer loop
      vertex 7.92465 20 2.14763
      vertex 7.87756 20 2.89615
      vertex 7.96231 20 2.1494
    endloop
  endfacet
  facet normal 0 1 0
    outer loop
      vertex 8.18771 20 2.13521
      vertex 8.30504 20 2.87598
      vertex 8.36539 20 2.86545
    endloop
  endfacet
  facet normal 0 1 0
    outer loop
      vertex 7.87756 20 2.89615
      vertex 7.92465 20 2.14763
      vertex 7.8165 20 2.89135
    endloop
  endfacet
  facet normal 0 1 0
    outer loop
      vertex 8.22485 20 2.12874
      vertex 8.36539 20 2.86545
      vertex 8.42537 20 2.85303
    endloop
  endfacet
  facet normal 0 1 -0
    outer loop
      vertex 7.88708 20 2.14467
      vertex 7.8165 20 2.89135
      vertex 7.92465 20 2.14763
    endloop
  endfacet
  facet normal 0 1 0
    outer loop
      vertex 8.26176 20 2.1211
      vertex 8.42537 20 2.85303
      vertex 8.48494 20 2.83873
    endloop
  endfacet
  facet normal 0 1 0
    outer loop
      vertex 7.8165 20 2.89135
      vertex 7.88708 20 2.14467
      vertex 7.75562 20 2.88462
    endloop
  endfacet
  facet normal 0 1 0
    outer loop
      vertex 8.29842 20 2.11229
      vertex 8.48494 20 2.83873
      vertex 8.54402 20 2.82256
    endloop
  endfacet
  facet normal 0 1 -0
    outer loop
      vertex 7.84961 20 2.14054
      vertex 7.75562 20 2.88462
      vertex 7.88708 20 2.14467
    endloop
  endfacet
  facet normal 0 1 0
    outer loop
      vertex 8.33478 20 2.10234
      vertex 8.54402 20 2.82256
      vertex 8.60257 20 2.80455
    endloop
  endfacet
  facet normal 0 1 0
    outer loop
      vertex 7.75562 20 2.88462
      vertex 7.84961 20 2.14054
      vertex 7.69496 20 2.87598
    endloop
  endfacet
  facet normal 0 1 0
    outer loop
      vertex 8.37082 20 2.09127
      vertex 8.60257 20 2.80455
      vertex 8.66054 20 2.78472
    endloop
  endfacet
  facet normal 0 1 -0
    outer loop
      vertex 7.81229 20 2.13521
      vertex 7.69496 20 2.87598
      vertex 7.84961 20 2.14054
    endloop
  endfacet
  facet normal 0 1 0
    outer loop
      vertex 8.40648 20 2.07904
      vertex 8.66054 20 2.78472
      vertex 8.71783 20 2.76305
    endloop
  endfacet
  facet normal 0 1 0
    outer loop
      vertex 7.69496 20 2.87598
      vertex 7.81229 20 2.13521
      vertex 7.63461 20 2.86545
    endloop
  endfacet
  facet normal 0 1 0
    outer loop
      vertex 8.44174 20 2.06572
      vertex 8.71783 20 2.76305
      vertex 8.77443 20 2.73961
    endloop
  endfacet
  facet normal 0 1 -0
    outer loop
      vertex 7.77515 20 2.12874
      vertex 7.63461 20 2.86545
      vertex 7.81229 20 2.13521
    endloop
  endfacet
  facet normal 0 1 0
    outer loop
      vertex 8.47656 20 2.0513
      vertex 8.77443 20 2.73961
      vertex 8.83026 20 2.7144
    endloop
  endfacet
  facet normal 0 1 0
    outer loop
      vertex 7.63461 20 2.86545
      vertex 7.77515 20 2.12874
      vertex 7.57463 20 2.85303
    endloop
  endfacet
  facet normal 0 1 0
    outer loop
      vertex 8.51093 20 2.03578
      vertex 8.83026 20 2.7144
      vertex 8.88527 20 2.68746
    endloop
  endfacet
  facet normal 0 1 -0
    outer loop
      vertex 7.73824 20 2.1211
      vertex 7.57463 20 2.85303
      vertex 7.77515 20 2.12874
    endloop
  endfacet
  facet normal 0 1 0
    outer loop
      vertex 8.54478 20 2.0192
      vertex 8.88527 20 2.68746
      vertex 8.93941 20 2.65879
    endloop
  endfacet
  facet normal 0 1 0
    outer loop
      vertex 7.57463 20 2.85303
      vertex 7.73824 20 2.1211
      vertex 7.51506 20 2.83873
    endloop
  endfacet
  facet normal 0 1 0
    outer loop
      vertex 8.57809 20 2.00156
      vertex 8.93941 20 2.65879
      vertex 8.99263 20 2.62844
    endloop
  endfacet
  facet normal 0 1 -0
    outer loop
      vertex 7.70158 20 2.11229
      vertex 7.51506 20 2.83873
      vertex 7.73824 20 2.1211
    endloop
  endfacet
  facet normal 0 1 0
    outer loop
      vertex 8.61084 20 1.98288
      vertex 8.99263 20 2.62844
      vertex 9.04486 20 2.59644
    endloop
  endfacet
  facet normal 0 1 0
    outer loop
      vertex 7.51506 20 2.83873
      vertex 7.70158 20 2.11229
      vertex 7.45598 20 2.82256
    endloop
  endfacet
  facet normal 0 1 0
    outer loop
      vertex 8.64299 20 1.96318
      vertex 9.04486 20 2.59644
      vertex 9.09605 20 2.56279
    endloop
  endfacet
  facet normal 0 1 -0
    outer loop
      vertex 7.66522 20 2.10234
      vertex 7.45598 20 2.82256
      vertex 7.70158 20 2.11229
    endloop
  endfacet
  facet normal 0 1 0
    outer loop
      vertex 8.6745 20 1.94249
      vertex 9.09605 20 2.56279
      vertex 9.14618 20 2.52758
    endloop
  endfacet
  facet normal 0 1 0
    outer loop
      vertex 7.45598 20 2.82256
      vertex 7.66522 20 2.10234
      vertex 7.39743 20 2.80455
    endloop
  endfacet
  facet normal 0 1 0
    outer loop
      vertex 8.70534 20 1.92081
      vertex 9.14618 20 2.52758
      vertex 9.19516 20 2.4908
    endloop
  endfacet
  facet normal 0 1 -0
    outer loop
      vertex 7.62918 20 2.09127
      vertex 7.39743 20 2.80455
      vertex 7.66522 20 2.10234
    endloop
  endfacet
  facet normal 0 1 0
    outer loop
      vertex 8.73547 20 1.89818
      vertex 9.19516 20 2.4908
      vertex 9.24297 20 2.45249
    endloop
  endfacet
  facet normal 0 1 0
    outer loop
      vertex 7.39743 20 2.80455
      vertex 7.62918 20 2.09127
      vertex 7.33946 20 2.78472
    endloop
  endfacet
  facet normal 0 1 0
    outer loop
      vertex 8.76491 20 1.87461
      vertex 9.24297 20 2.45249
      vertex 9.28955 20 2.41271
    endloop
  endfacet
  facet normal 0 1 -0
    outer loop
      vertex 7.59352 20 2.07904
      vertex 7.33946 20 2.78472
      vertex 7.62918 20 2.09127
    endloop
  endfacet
  facet normal 0 1 0
    outer loop
      vertex 8.79356 20 1.85013
      vertex 9.28955 20 2.41271
      vertex 9.33485 20 2.37148
    endloop
  endfacet
  facet normal 0 1 0
    outer loop
      vertex 7.33946 20 2.78472
      vertex 7.59352 20 2.07904
      vertex 7.28217 20 2.76305
    endloop
  endfacet
  facet normal 0 1 0
    outer loop
      vertex 8.82144 20 1.82476
      vertex 9.33485 20 2.37148
      vertex 9.37885 20 2.32885
    endloop
  endfacet
  facet normal 0 1 -0
    outer loop
      vertex 7.55826 20 2.06572
      vertex 7.28217 20 2.76305
      vertex 7.59352 20 2.07904
    endloop
  endfacet
  facet normal 0 1 0
    outer loop
      vertex 8.84853 20 1.79853
      vertex 9.37885 20 2.32885
      vertex 9.42148 20 2.28485
    endloop
  endfacet
  facet normal 0 1 0
    outer loop
      vertex 7.28217 20 2.76305
      vertex 7.55826 20 2.06572
      vertex 7.22557 20 2.73961
    endloop
  endfacet
  facet normal 0 1 0
    outer loop
      vertex 8.87476 20 1.77144
      vertex 9.42148 20 2.28485
      vertex 9.46271 20 2.23955
    endloop
  endfacet
  facet normal 0 1 -0
    outer loop
      vertex 7.52344 20 2.0513
      vertex 7.22557 20 2.73961
      vertex 7.55826 20 2.06572
    endloop
  endfacet
  facet normal 0 1 0
    outer loop
      vertex 8.90013 20 1.74356
      vertex 9.46271 20 2.23955
      vertex 9.50249 20 2.19297
    endloop
  endfacet
  facet normal 0 1 0
    outer loop
      vertex 7.22557 20 2.73961
      vertex 7.52344 20 2.0513
      vertex 7.16974 20 2.7144
    endloop
  endfacet
  facet normal 0 1 -0
    outer loop
      vertex 7.48907 20 2.03578
      vertex 7.16974 20 2.7144
      vertex 7.52344 20 2.0513
    endloop
  endfacet
  facet normal 0 1 0
    outer loop
      vertex 8.06125 20 2.89904
      vertex 8.03769 20 2.1494
      vertex 8 20 2.15
    endloop
  endfacet
  facet normal 0 1 0
    outer loop
      vertex 8.12244 20 2.89615
      vertex 8.07535 20 2.14763
      vertex 8.03769 20 2.1494
    endloop
  endfacet
  facet normal 0 1 0
    outer loop
      vertex 8.92461 20 1.71491
      vertex 9.50249 20 2.19297
      vertex 9.5408 20 2.14516
    endloop
  endfacet
  facet normal 0 1 0
    outer loop
      vertex 8.1835 20 2.89135
      vertex 8.11292 20 2.14467
      vertex 8.07535 20 2.14763
    endloop
  endfacet
  facet normal 0 1 0
    outer loop
      vertex 8.24438 20 2.88462
      vertex 8.15039 20 2.14054
      vertex 8.11292 20 2.14467
    endloop
  endfacet
  facet normal 0 1 0
    outer loop
      vertex 8.30504 20 2.87598
      vertex 8.18771 20 2.13521
      vertex 8.15039 20 2.14054
    endloop
  endfacet
  facet normal 0 1 0
    outer loop
      vertex 8.36539 20 2.86545
      vertex 8.22485 20 2.12874
      vertex 8.18771 20 2.13521
    endloop
  endfacet
  facet normal 0 1 0
    outer loop
      vertex 8.42537 20 2.85303
      vertex 8.26176 20 2.1211
      vertex 8.22485 20 2.12874
    endloop
  endfacet
  facet normal 0 1 0
    outer loop
      vertex 8.48494 20 2.83873
      vertex 8.29842 20 2.11229
      vertex 8.26176 20 2.1211
    endloop
  endfacet
  facet normal 0 1 0
    outer loop
      vertex 8.54402 20 2.82256
      vertex 8.33478 20 2.10234
      vertex 8.29842 20 2.11229
    endloop
  endfacet
  facet normal 0 1 0
    outer loop
      vertex 8.94818 20 1.68547
      vertex 9.5408 20 2.14516
      vertex 9.57758 20 2.09618
    endloop
  endfacet
  facet normal 0 1 0
    outer loop
      vertex 8.60257 20 2.80455
      vertex 8.37082 20 2.09127
      vertex 8.33478 20 2.10234
    endloop
  endfacet
  facet normal 0 1 0
    outer loop
      vertex 8.66054 20 2.78472
      vertex 8.40648 20 2.07904
      vertex 8.37082 20 2.09127
    endloop
  endfacet
  facet normal 0 1 0
    outer loop
      vertex 8.71783 20 2.76305
      vertex 8.44174 20 2.06572
      vertex 8.40648 20 2.07904
    endloop
  endfacet
  facet normal 0 1 0
    outer loop
      vertex 8.77443 20 2.73961
      vertex 8.47656 20 2.0513
      vertex 8.44174 20 2.06572
    endloop
  endfacet
  facet normal 0 1 0
    outer loop
      vertex 8.97081 20 1.65534
      vertex 9.57758 20 2.09618
      vertex 9.61279 20 2.04605
    endloop
  endfacet
  facet normal 0 1 0
    outer loop
      vertex 8.83026 20 2.7144
      vertex 8.51093 20 2.03578
      vertex 8.47656 20 2.0513
    endloop
  endfacet
  facet normal 0 1 0
    outer loop
      vertex 8.88527 20 2.68746
      vertex 8.54478 20 2.0192
      vertex 8.51093 20 2.03578
    endloop
  endfacet
  facet normal 0 1 0
    outer loop
      vertex 8.93941 20 2.65879
      vertex 8.57809 20 2.00156
      vertex 8.54478 20 2.0192
    endloop
  endfacet
  facet normal 0 1 0
    outer loop
      vertex 8.99249 20 1.6245
      vertex 9.61279 20 2.04605
      vertex 9.64644 20 1.99486
    endloop
  endfacet
  facet normal 0 1 0
    outer loop
      vertex 8.99263 20 2.62844
      vertex 8.61084 20 1.98288
      vertex 8.57809 20 2.00156
    endloop
  endfacet
  facet normal 0 1 0
    outer loop
      vertex 9.04486 20 2.59644
      vertex 8.64299 20 1.96318
      vertex 8.61084 20 1.98288
    endloop
  endfacet
  facet normal 0 1 0
    outer loop
      vertex 9.01318 20 1.59299
      vertex 9.64644 20 1.99486
      vertex 9.67844 20 1.94263
    endloop
  endfacet
  facet normal 0 1 0
    outer loop
      vertex 9.09605 20 2.56279
      vertex 8.6745 20 1.94249
      vertex 8.64299 20 1.96318
    endloop
  endfacet
  facet normal 0 1 0
    outer loop
      vertex 9.14618 20 2.52758
      vertex 8.70534 20 1.92081
      vertex 8.6745 20 1.94249
    endloop
  endfacet
  facet normal 0 1 0
    outer loop
      vertex 9.19516 20 2.4908
      vertex 8.73547 20 1.89818
      vertex 8.70534 20 1.92081
    endloop
  endfacet
  facet normal 0 1 0
    outer loop
      vertex 9.03288 20 1.56084
      vertex 9.67844 20 1.94263
      vertex 9.70879 20 1.88941
    endloop
  endfacet
  facet normal 0 1 0
    outer loop
      vertex 9.24297 20 2.45249
      vertex 8.76491 20 1.87461
      vertex 8.73547 20 1.89818
    endloop
  endfacet
  facet normal 0 1 0
    outer loop
      vertex 9.28955 20 2.41271
      vertex 8.79356 20 1.85013
      vertex 8.76491 20 1.87461
    endloop
  endfacet
  facet normal 0 1 0
    outer loop
      vertex 9.05156 20 1.52809
      vertex 9.70879 20 1.88941
      vertex 9.73746 20 1.83527
    endloop
  endfacet
  facet normal 0 1 0
    outer loop
      vertex 9.33485 20 2.37148
      vertex 8.82144 20 1.82476
      vertex 8.79356 20 1.85013
    endloop
  endfacet
  facet normal 0 1 0
    outer loop
      vertex 9.37885 20 2.32885
      vertex 8.84853 20 1.79853
      vertex 8.82144 20 1.82476
    endloop
  endfacet
  facet normal 0 1 0
    outer loop
      vertex 9.0692 20 1.49478
      vertex 9.73746 20 1.83527
      vertex 9.7644 20 1.78026
    endloop
  endfacet
  facet normal 0 1 0
    outer loop
      vertex 9.42148 20 2.28485
      vertex 8.87476 20 1.77144
      vertex 8.84853 20 1.79853
    endloop
  endfacet
  facet normal 0 1 0
    outer loop
      vertex 9.46271 20 2.23955
      vertex 8.90013 20 1.74356
      vertex 8.87476 20 1.77144
    endloop
  endfacet
  facet normal 0 1 0
    outer loop
      vertex 9.08578 20 1.46093
      vertex 9.7644 20 1.78026
      vertex 9.78961 20 1.72443
    endloop
  endfacet
  facet normal 0 1 0
    outer loop
      vertex 9.50249 20 2.19297
      vertex 8.92461 20 1.71491
      vertex 8.90013 20 1.74356
    endloop
  endfacet
  facet normal 0 1 0
    outer loop
      vertex 9.5408 20 2.14516
      vertex 8.94818 20 1.68547
      vertex 8.92461 20 1.71491
    endloop
  endfacet
  facet normal 0 1 0
    outer loop
      vertex 9.1013 20 1.42656
      vertex 9.78961 20 1.72443
      vertex 9.81305 20 1.66783
    endloop
  endfacet
  facet normal 0 1 0
    outer loop
      vertex 9.57758 20 2.09618
      vertex 8.97081 20 1.65534
      vertex 8.94818 20 1.68547
    endloop
  endfacet
  facet normal 0 1 0
    outer loop
      vertex 9.61279 20 2.04605
      vertex 8.99249 20 1.6245
      vertex 8.97081 20 1.65534
    endloop
  endfacet
  facet normal 0 1 0
    outer loop
      vertex 9.11572 20 1.39174
      vertex 9.81305 20 1.66783
      vertex 9.83472 20 1.61054
    endloop
  endfacet
  facet normal 0 1 0
    outer loop
      vertex 9.64644 20 1.99486
      vertex 9.01318 20 1.59299
      vertex 8.99249 20 1.6245
    endloop
  endfacet
  facet normal 0 1 0
    outer loop
      vertex 9.67844 20 1.94263
      vertex 9.03288 20 1.56084
      vertex 9.01318 20 1.59299
    endloop
  endfacet
  facet normal 0 1 0
    outer loop
      vertex 9.12904 20 1.35648
      vertex 9.83472 20 1.61054
      vertex 9.85455 20 1.55257
    endloop
  endfacet
  facet normal 0 1 0
    outer loop
      vertex 9.70879 20 1.88941
      vertex 9.05156 20 1.52809
      vertex 9.03288 20 1.56084
    endloop
  endfacet
  facet normal 0 1 0
    outer loop
      vertex 9.73746 20 1.83527
      vertex 9.0692 20 1.49478
      vertex 9.05156 20 1.52809
    endloop
  endfacet
  facet normal 0 1 0
    outer loop
      vertex 9.14127 20 1.32082
      vertex 9.85455 20 1.55257
      vertex 9.87256 20 1.49402
    endloop
  endfacet
  facet normal 0 1 0
    outer loop
      vertex 9.7644 20 1.78026
      vertex 9.08578 20 1.46093
      vertex 9.0692 20 1.49478
    endloop
  endfacet
  facet normal 0 1 0
    outer loop
      vertex 9.15234 20 1.28478
      vertex 9.87256 20 1.49402
      vertex 9.88873 20 1.43494
    endloop
  endfacet
  facet normal 0 1 0
    outer loop
      vertex 9.78961 20 1.72443
      vertex 9.1013 20 1.42656
      vertex 9.08578 20 1.46093
    endloop
  endfacet
  facet normal 0 1 0
    outer loop
      vertex 9.81305 20 1.66783
      vertex 9.11572 20 1.39174
      vertex 9.1013 20 1.42656
    endloop
  endfacet
  facet normal 0 1 0
    outer loop
      vertex 9.16229 20 1.24842
      vertex 9.88873 20 1.43494
      vertex 9.90303 20 1.37537
    endloop
  endfacet
  facet normal 0 1 0
    outer loop
      vertex 9.83472 20 1.61054
      vertex 9.12904 20 1.35648
      vertex 9.11572 20 1.39174
    endloop
  endfacet
  facet normal 0 1 0
    outer loop
      vertex 9.85455 20 1.55257
      vertex 9.14127 20 1.32082
      vertex 9.12904 20 1.35648
    endloop
  endfacet
  facet normal 0 1 0
    outer loop
      vertex 9.1711 20 1.21176
      vertex 9.90303 20 1.37537
      vertex 9.91545 20 1.31539
    endloop
  endfacet
  facet normal 0 1 0
    outer loop
      vertex 9.87256 20 1.49402
      vertex 9.15234 20 1.28478
      vertex 9.14127 20 1.32082
    endloop
  endfacet
  facet normal 0 1 0
    outer loop
      vertex 9.17874 20 1.17485
      vertex 9.91545 20 1.31539
      vertex 9.92598 20 1.25504
    endloop
  endfacet
  facet normal 0 1 0
    outer loop
      vertex 9.88873 20 1.43494
      vertex 9.16229 20 1.24842
      vertex 9.15234 20 1.28478
    endloop
  endfacet
  facet normal 0 1 0
    outer loop
      vertex 9.90303 20 1.37537
      vertex 9.1711 20 1.21176
      vertex 9.16229 20 1.24842
    endloop
  endfacet
  facet normal 0 1 0
    outer loop
      vertex 9.18521 20 1.13771
      vertex 9.92598 20 1.25504
      vertex 9.93462 20 1.19438
    endloop
  endfacet
  facet normal 0 1 0
    outer loop
      vertex 9.91545 20 1.31539
      vertex 9.17874 20 1.17485
      vertex 9.1711 20 1.21176
    endloop
  endfacet
  facet normal 0 1 0
    outer loop
      vertex 9.92598 20 1.25504
      vertex 9.18521 20 1.13771
      vertex 9.17874 20 1.17485
    endloop
  endfacet
  facet normal 0 1 0
    outer loop
      vertex 9.19054 20 1.10039
      vertex 9.93462 20 1.19438
      vertex 9.94135 20 1.1335
    endloop
  endfacet
  facet normal 0 1 0
    outer loop
      vertex 9.93462 20 1.19438
      vertex 9.19054 20 1.10039
      vertex 9.18521 20 1.13771
    endloop
  endfacet
  facet normal 0 1 0
    outer loop
      vertex 9.19467 20 1.06292
      vertex 9.94135 20 1.1335
      vertex 9.94615 20 1.07244
    endloop
  endfacet
  facet normal 0 1 0
    outer loop
      vertex 9.94135 20 1.1335
      vertex 9.19467 20 1.06292
      vertex 9.19054 20 1.10039
    endloop
  endfacet
  facet normal 0 1 0
    outer loop
      vertex 9.94615 20 1.07244
      vertex 9.19763 20 1.02535
      vertex 9.19467 20 1.06292
    endloop
  endfacet
  facet normal 0 1 0
    outer loop
      vertex 9.94904 20 1.01125
      vertex 9.19763 20 1.02535
      vertex 9.94615 20 1.07244
    endloop
  endfacet
  facet normal 0 1 0
    outer loop
      vertex 9.94904 20 1.01125
      vertex 9.1994 20 0.987689
      vertex 9.19763 20 1.02535
    endloop
  endfacet
  facet normal 0 1 0
    outer loop
      vertex 9.95 20 0.95
      vertex 9.1994 20 0.987689
      vertex 9.94904 20 1.01125
    endloop
  endfacet
  facet normal 0 1 0
    outer loop
      vertex 9.95 20 0.95
      vertex 9.2 20 0.95
      vertex 9.1994 20 0.987689
    endloop
  endfacet
  facet normal 0 1 0
    outer loop
      vertex 9.95 20 0.95
      vertex 9.1994 20 0.912311
      vertex 9.2 20 0.95
    endloop
  endfacet
  facet normal 0 1 -0
    outer loop
      vertex 9.94904 20 0.888751
      vertex 9.1994 20 0.912311
      vertex 9.95 20 0.95
    endloop
  endfacet
  facet normal 0 1 0
    outer loop
      vertex 9.94904 20 0.888751
      vertex 9.19763 20 0.874652
      vertex 9.1994 20 0.912311
    endloop
  endfacet
  facet normal 0 1 -0
    outer loop
      vertex 9.94615 20 0.827563
      vertex 9.19763 20 0.874652
      vertex 9.94904 20 0.888751
    endloop
  endfacet
  facet normal 0 1 0
    outer loop
      vertex 9.19763 20 0.874652
      vertex 9.94615 20 0.827563
      vertex 9.19467 20 0.837085
    endloop
  endfacet
  facet normal 0 1 -0
    outer loop
      vertex 9.94135 20 0.766498
      vertex 9.19467 20 0.837085
      vertex 9.94615 20 0.827563
    endloop
  endfacet
  facet normal 0 1 0
    outer loop
      vertex 9.19467 20 0.837085
      vertex 9.94135 20 0.766498
      vertex 9.19054 20 0.799609
    endloop
  endfacet
  facet normal 0 1 -0
    outer loop
      vertex 9.93462 20 0.705615
      vertex 9.19054 20 0.799609
      vertex 9.94135 20 0.766498
    endloop
  endfacet
  facet normal 0 1 0
    outer loop
      vertex 9.19054 20 0.799609
      vertex 9.93462 20 0.705615
      vertex 9.18521 20 0.762286
    endloop
  endfacet
  facet normal 0 1 -0
    outer loop
      vertex 9.92598 20 0.644962
      vertex 9.18521 20 0.762286
      vertex 9.93462 20 0.705615
    endloop
  endfacet
  facet normal 0 1 0
    outer loop
      vertex 9.18521 20 0.762286
      vertex 9.92598 20 0.644962
      vertex 9.17874 20 0.725146
    endloop
  endfacet
  facet normal 0 1 -0
    outer loop
      vertex 9.91545 20 0.584613
      vertex 9.17874 20 0.725146
      vertex 9.92598 20 0.644962
    endloop
  endfacet
  facet normal 0 1 0
    outer loop
      vertex 9.17874 20 0.725146
      vertex 9.91545 20 0.584613
      vertex 9.1711 20 0.688235
    endloop
  endfacet
  facet normal 0 1 -0
    outer loop
      vertex 9.90303 20 0.524631
      vertex 9.1711 20 0.688235
      vertex 9.91545 20 0.584613
    endloop
  endfacet
  facet normal 0 1 0
    outer loop
      vertex 9.1711 20 0.688235
      vertex 9.90303 20 0.524631
      vertex 9.16229 20 0.651584
    endloop
  endfacet
  facet normal 0 1 -0
    outer loop
      vertex 9.88873 20 0.46506
      vertex 9.16229 20 0.651584
      vertex 9.90303 20 0.524631
    endloop
  endfacet
  facet normal 0 1 0
    outer loop
      vertex 9.16229 20 0.651584
      vertex 9.88873 20 0.46506
      vertex 9.15234 20 0.615222
    endloop
  endfacet
  facet normal 0 1 -0
    outer loop
      vertex 9.87256 20 0.405978
      vertex 9.15234 20 0.615222
      vertex 9.88873 20 0.46506
    endloop
  endfacet
  facet normal 0 1 0
    outer loop
      vertex 9.15234 20 0.615222
      vertex 9.87256 20 0.405978
      vertex 9.14127 20 0.579181
    endloop
  endfacet
  facet normal 0 1 -0
    outer loop
      vertex 9.85455 20 0.34743
      vertex 9.14127 20 0.579181
      vertex 9.87256 20 0.405978
    endloop
  endfacet
  facet normal 0 1 0
    outer loop
      vertex 9.14127 20 0.579181
      vertex 9.85455 20 0.34743
      vertex 9.12904 20 0.543521
    endloop
  endfacet
  facet normal 0 1 -0
    outer loop
      vertex 9.83472 20 0.289462
      vertex 9.12904 20 0.543521
      vertex 9.85455 20 0.34743
    endloop
  endfacet
  facet normal 0 1 0
    outer loop
      vertex 9.12904 20 0.543521
      vertex 9.83472 20 0.289462
      vertex 9.11572 20 0.508258
    endloop
  endfacet
  facet normal 0 1 -0
    outer loop
      vertex 9.81305 20 0.232166
      vertex 9.11572 20 0.508258
      vertex 9.83472 20 0.289462
    endloop
  endfacet
  facet normal 0 1 0
    outer loop
      vertex 9.11572 20 0.508258
      vertex 9.81305 20 0.232166
      vertex 9.1013 20 0.473437
    endloop
  endfacet
  facet normal 0 1 -0
    outer loop
      vertex 9.78961 20 0.175571
      vertex 9.1013 20 0.473437
      vertex 9.81305 20 0.232166
    endloop
  endfacet
  facet normal 0 1 0
    outer loop
      vertex 9.1013 20 0.473437
      vertex 9.78961 20 0.175571
      vertex 9.08578 20 0.439075
    endloop
  endfacet
  facet normal 0 1 -0
    outer loop
      vertex 9.7644 20 0.119739
      vertex 9.08578 20 0.439075
      vertex 9.78961 20 0.175571
    endloop
  endfacet
  facet normal 0 1 0
    outer loop
      vertex 9.08578 20 0.439075
      vertex 9.7644 20 0.119739
      vertex 9.0692 20 0.405215
    endloop
  endfacet
  facet normal 0 1 -0
    outer loop
      vertex 9.73746 20 0.0647308
      vertex 9.0692 20 0.405215
      vertex 9.7644 20 0.119739
    endloop
  endfacet
  facet normal 0 1 0
    outer loop
      vertex 9.0692 20 0.405215
      vertex 9.73746 20 0.0647308
      vertex 9.05156 20 0.371906
    endloop
  endfacet
  facet normal 0 1 -0
    outer loop
      vertex 9.70879 20 0.0105927
      vertex 9.05156 20 0.371906
      vertex 9.73746 20 0.0647308
    endloop
  endfacet
  facet normal 0 1 -0
    outer loop
      vertex 9.70274 20 3.05176e-06
      vertex 9.05156 20 0.371906
      vertex 9.70879 20 0.0105927
    endloop
  endfacet
  facet normal 0 1 0
    outer loop
      vertex 9.05156 20 0.371906
      vertex 9.70274 20 3.05176e-06
      vertex 9.03288 20 0.33916
    endloop
  endfacet
  facet normal 0 1 0
    outer loop
      vertex 9.03288 20 0.33916
      vertex 9.70274 20 3.05176e-06
      vertex 9.01318 20 0.30701
    endloop
  endfacet
  facet normal 0 1 0
    outer loop
      vertex 9.01318 20 0.30701
      vertex 9.70274 20 3.05176e-06
      vertex 8.99249 20 0.2755
    endloop
  endfacet
  facet normal 0 1 0
    outer loop
      vertex 8.99249 20 0.2755
      vertex 9.70274 20 3.05176e-06
      vertex 8.97081 20 0.244662
    endloop
  endfacet
  facet normal 0 1 0
    outer loop
      vertex 8.97081 20 0.244662
      vertex 9.70274 20 3.05176e-06
      vertex 8.94818 20 0.214526
    endloop
  endfacet
  facet normal 0 1 0
    outer loop
      vertex 8.94818 20 0.214526
      vertex 9.70274 20 3.05176e-06
      vertex 8.92461 20 0.185092
    endloop
  endfacet
  facet normal 0 1 0
    outer loop
      vertex 8.92461 20 0.185092
      vertex 9.70274 20 3.05176e-06
      vertex 8.90013 20 0.156436
    endloop
  endfacet
  facet normal 0 1 0
    outer loop
      vertex 8.90013 20 0.156436
      vertex 9.70274 20 3.05176e-06
      vertex 8.87476 20 0.128558
    endloop
  endfacet
  facet normal 0 1 0
    outer loop
      vertex 8.87476 20 0.128558
      vertex 9.70274 20 3.05176e-06
      vertex 8.84853 20 0.101474
    endloop
  endfacet
  facet normal 0 1 0
    outer loop
      vertex 8.84853 20 0.101474
      vertex 9.70274 20 3.05176e-06
      vertex 8.82144 20 0.0752441
    endloop
  endfacet
  facet normal 0 1 0
    outer loop
      vertex 8.82144 20 0.0752441
      vertex 9.70274 20 3.05176e-06
      vertex 8.79356 20 0.0498688
    endloop
  endfacet
  facet normal 0 1 0
    outer loop
      vertex 8.79356 20 0.0498688
      vertex 9.70274 20 3.05176e-06
      vertex 8.76491 20 0.0253937
    endloop
  endfacet
  facet normal 0 1 0
    outer loop
      vertex 8.76491 20 0.0253937
      vertex 9.70274 20 3.05176e-06
      vertex 8.73547 20 0.00181885
    endloop
  endfacet
  facet normal 0 1 0
    outer loop
      vertex 8.73547 20 0.00181885
      vertex 9.70274 20 3.05176e-06
      vertex 8.73306 20 3.05176e-06
    endloop
  endfacet
  facet normal 0 1 0
    outer loop
      vertex 7.16974 20 2.7144
      vertex 7.48907 20 2.03578
      vertex 7.11473 20 2.68746
    endloop
  endfacet
  facet normal 0 1 -0
    outer loop
      vertex 7.45522 20 2.0192
      vertex 7.11473 20 2.68746
      vertex 7.48907 20 2.03578
    endloop
  endfacet
  facet normal 0 1 0
    outer loop
      vertex 7.11473 20 2.68746
      vertex 7.45522 20 2.0192
      vertex 7.06059 20 2.65879
    endloop
  endfacet
  facet normal 0 1 -0
    outer loop
      vertex 7.42191 20 2.00156
      vertex 7.06059 20 2.65879
      vertex 7.45522 20 2.0192
    endloop
  endfacet
  facet normal 0 1 0
    outer loop
      vertex 7.06059 20 2.65879
      vertex 7.42191 20 2.00156
      vertex 7.00737 20 2.62844
    endloop
  endfacet
  facet normal 0 1 -0
    outer loop
      vertex 7.38916 20 1.98288
      vertex 7.00737 20 2.62844
      vertex 7.42191 20 2.00156
    endloop
  endfacet
  facet normal 0 1 0
    outer loop
      vertex 7.00737 20 2.62844
      vertex 7.38916 20 1.98288
      vertex 6.95514 20 2.59644
    endloop
  endfacet
  facet normal 0 1 -0
    outer loop
      vertex 7.35701 20 1.96318
      vertex 6.95514 20 2.59644
      vertex 7.38916 20 1.98288
    endloop
  endfacet
  facet normal 0 1 0
    outer loop
      vertex 6.95514 20 2.59644
      vertex 7.35701 20 1.96318
      vertex 6.90395 20 2.56279
    endloop
  endfacet
  facet normal 0 1 -0
    outer loop
      vertex 7.3255 20 1.94249
      vertex 6.90395 20 2.56279
      vertex 7.35701 20 1.96318
    endloop
  endfacet
  facet normal 0 1 0
    outer loop
      vertex 6.90395 20 2.56279
      vertex 7.3255 20 1.94249
      vertex 6.85382 20 2.52758
    endloop
  endfacet
  facet normal 0 1 -0
    outer loop
      vertex 7.29466 20 1.92081
      vertex 6.85382 20 2.52758
      vertex 7.3255 20 1.94249
    endloop
  endfacet
  facet normal 0 1 0
    outer loop
      vertex 6.85382 20 2.52758
      vertex 7.29466 20 1.92081
      vertex 6.80484 20 2.4908
    endloop
  endfacet
  facet normal 0 1 -0
    outer loop
      vertex 7.26453 20 1.89818
      vertex 6.80484 20 2.4908
      vertex 7.29466 20 1.92081
    endloop
  endfacet
  facet normal 0 1 0
    outer loop
      vertex 6.80484 20 2.4908
      vertex 7.26453 20 1.89818
      vertex 6.75703 20 2.45249
    endloop
  endfacet
  facet normal 0 1 -0
    outer loop
      vertex 7.23509 20 1.87461
      vertex 6.75703 20 2.45249
      vertex 7.26453 20 1.89818
    endloop
  endfacet
  facet normal 0 1 0
    outer loop
      vertex 6.75703 20 2.45249
      vertex 7.23509 20 1.87461
      vertex 6.71045 20 2.41271
    endloop
  endfacet
  facet normal 0 1 -0
    outer loop
      vertex 7.20644 20 1.85013
      vertex 6.71045 20 2.41271
      vertex 7.23509 20 1.87461
    endloop
  endfacet
  facet normal 0 1 0
    outer loop
      vertex 6.71045 20 2.41271
      vertex 7.20644 20 1.85013
      vertex 6.66515 20 2.37148
    endloop
  endfacet
  facet normal 0 1 -0
    outer loop
      vertex 7.17856 20 1.82476
      vertex 6.66515 20 2.37148
      vertex 7.20644 20 1.85013
    endloop
  endfacet
  facet normal 0 1 0
    outer loop
      vertex 6.66515 20 2.37148
      vertex 7.17856 20 1.82476
      vertex 6.62115 20 2.32885
    endloop
  endfacet
  facet normal 0 1 -0
    outer loop
      vertex 7.15147 20 1.79853
      vertex 6.62115 20 2.32885
      vertex 7.17856 20 1.82476
    endloop
  endfacet
  facet normal 0 1 0
    outer loop
      vertex 6.62115 20 2.32885
      vertex 7.15147 20 1.79853
      vertex 6.57852 20 2.28485
    endloop
  endfacet
  facet normal 0 1 -0
    outer loop
      vertex 7.12524 20 1.77144
      vertex 6.57852 20 2.28485
      vertex 7.15147 20 1.79853
    endloop
  endfacet
  facet normal 0 1 0
    outer loop
      vertex 6.57852 20 2.28485
      vertex 7.12524 20 1.77144
      vertex 6.53729 20 2.23955
    endloop
  endfacet
  facet normal 0 1 -0
    outer loop
      vertex 7.09987 20 1.74356
      vertex 6.53729 20 2.23955
      vertex 7.12524 20 1.77144
    endloop
  endfacet
  facet normal 0 1 0
    outer loop
      vertex 6.53729 20 2.23955
      vertex 7.09987 20 1.74356
      vertex 6.49751 20 2.19297
    endloop
  endfacet
  facet normal 0 1 -0
    outer loop
      vertex 7.07539 20 1.71491
      vertex 6.49751 20 2.19297
      vertex 7.09987 20 1.74356
    endloop
  endfacet
  facet normal 0 1 0
    outer loop
      vertex 6.49751 20 2.19297
      vertex 7.07539 20 1.71491
      vertex 6.4592 20 2.14516
    endloop
  endfacet
  facet normal 0 1 -0
    outer loop
      vertex 7.05182 20 1.68547
      vertex 6.4592 20 2.14516
      vertex 7.07539 20 1.71491
    endloop
  endfacet
  facet normal 0 1 0
    outer loop
      vertex 6.4592 20 2.14516
      vertex 7.05182 20 1.68547
      vertex 6.42242 20 2.09618
    endloop
  endfacet
  facet normal 0 1 -0
    outer loop
      vertex 7.02919 20 1.65534
      vertex 6.42242 20 2.09618
      vertex 7.05182 20 1.68547
    endloop
  endfacet
  facet normal 0 1 0
    outer loop
      vertex 6.42242 20 2.09618
      vertex 7.02919 20 1.65534
      vertex 6.38721 20 2.04605
    endloop
  endfacet
  facet normal 0 1 -0
    outer loop
      vertex 7.00751 20 1.6245
      vertex 6.38721 20 2.04605
      vertex 7.02919 20 1.65534
    endloop
  endfacet
  facet normal 0 1 0
    outer loop
      vertex 6.38721 20 2.04605
      vertex 7.00751 20 1.6245
      vertex 6.35356 20 1.99486
    endloop
  endfacet
  facet normal 0 1 -0
    outer loop
      vertex 6.98682 20 1.59299
      vertex 6.35356 20 1.99486
      vertex 7.00751 20 1.6245
    endloop
  endfacet
  facet normal 0 1 0
    outer loop
      vertex 6.35356 20 1.99486
      vertex 6.98682 20 1.59299
      vertex 6.32156 20 1.94263
    endloop
  endfacet
  facet normal 0 1 -0
    outer loop
      vertex 6.96712 20 1.56084
      vertex 6.32156 20 1.94263
      vertex 6.98682 20 1.59299
    endloop
  endfacet
  facet normal 0 1 0
    outer loop
      vertex 6.32156 20 1.94263
      vertex 6.96712 20 1.56084
      vertex 6.29121 20 1.88941
    endloop
  endfacet
  facet normal 0 1 -0
    outer loop
      vertex 6.94844 20 1.52809
      vertex 6.29121 20 1.88941
      vertex 6.96712 20 1.56084
    endloop
  endfacet
  facet normal 0 1 0
    outer loop
      vertex 6.29121 20 1.88941
      vertex 6.94844 20 1.52809
      vertex 6.26254 20 1.83527
    endloop
  endfacet
  facet normal 0 1 -0
    outer loop
      vertex 6.9308 20 1.49478
      vertex 6.26254 20 1.83527
      vertex 6.94844 20 1.52809
    endloop
  endfacet
  facet normal 0 1 0
    outer loop
      vertex 6.26254 20 1.83527
      vertex 6.9308 20 1.49478
      vertex 6.2356 20 1.78026
    endloop
  endfacet
  facet normal 0 1 -0
    outer loop
      vertex 6.91422 20 1.46093
      vertex 6.2356 20 1.78026
      vertex 6.9308 20 1.49478
    endloop
  endfacet
  facet normal 0 1 0
    outer loop
      vertex 6.2356 20 1.78026
      vertex 6.91422 20 1.46093
      vertex 6.21039 20 1.72443
    endloop
  endfacet
  facet normal 0 1 -0
    outer loop
      vertex 6.8987 20 1.42656
      vertex 6.21039 20 1.72443
      vertex 6.91422 20 1.46093
    endloop
  endfacet
  facet normal 0 1 0
    outer loop
      vertex 6.21039 20 1.72443
      vertex 6.8987 20 1.42656
      vertex 6.18695 20 1.66783
    endloop
  endfacet
  facet normal 0 1 -0
    outer loop
      vertex 6.88428 20 1.39174
      vertex 6.18695 20 1.66783
      vertex 6.8987 20 1.42656
    endloop
  endfacet
  facet normal 0 1 0
    outer loop
      vertex 6.18695 20 1.66783
      vertex 6.88428 20 1.39174
      vertex 6.16528 20 1.61054
    endloop
  endfacet
  facet normal 0 1 -0
    outer loop
      vertex 6.87096 20 1.35648
      vertex 6.16528 20 1.61054
      vertex 6.88428 20 1.39174
    endloop
  endfacet
  facet normal 0 1 0
    outer loop
      vertex 6.16528 20 1.61054
      vertex 6.87096 20 1.35648
      vertex 6.14545 20 1.55257
    endloop
  endfacet
  facet normal 0 1 -0
    outer loop
      vertex 6.85873 20 1.32082
      vertex 6.14545 20 1.55257
      vertex 6.87096 20 1.35648
    endloop
  endfacet
  facet normal 0 1 0
    outer loop
      vertex 6.14545 20 1.55257
      vertex 6.85873 20 1.32082
      vertex 6.12744 20 1.49402
    endloop
  endfacet
  facet normal 0 1 -0
    outer loop
      vertex 6.84766 20 1.28478
      vertex 6.12744 20 1.49402
      vertex 6.85873 20 1.32082
    endloop
  endfacet
  facet normal 0 1 0
    outer loop
      vertex 6.12744 20 1.49402
      vertex 6.84766 20 1.28478
      vertex 6.11127 20 1.43494
    endloop
  endfacet
  facet normal 0 1 -0
    outer loop
      vertex 6.83771 20 1.24842
      vertex 6.11127 20 1.43494
      vertex 6.84766 20 1.28478
    endloop
  endfacet
  facet normal 0 1 0
    outer loop
      vertex 6.11127 20 1.43494
      vertex 6.83771 20 1.24842
      vertex 6.09697 20 1.37537
    endloop
  endfacet
  facet normal 0 1 -0
    outer loop
      vertex 6.8289 20 1.21176
      vertex 6.09697 20 1.37537
      vertex 6.83771 20 1.24842
    endloop
  endfacet
  facet normal 0 1 0
    outer loop
      vertex 6.09697 20 1.37537
      vertex 6.8289 20 1.21176
      vertex 6.08455 20 1.31539
    endloop
  endfacet
  facet normal 0 1 -0
    outer loop
      vertex 6.82126 20 1.17485
      vertex 6.08455 20 1.31539
      vertex 6.8289 20 1.21176
    endloop
  endfacet
  facet normal 0 1 0
    outer loop
      vertex 6.08455 20 1.31539
      vertex 6.82126 20 1.17485
      vertex 6.07402 20 1.25504
    endloop
  endfacet
  facet normal 0 1 -0
    outer loop
      vertex 6.81479 20 1.13771
      vertex 6.07402 20 1.25504
      vertex 6.82126 20 1.17485
    endloop
  endfacet
  facet normal 0 1 0
    outer loop
      vertex 6.07402 20 1.25504
      vertex 6.81479 20 1.13771
      vertex 6.06538 20 1.19438
    endloop
  endfacet
  facet normal 0 1 -0
    outer loop
      vertex 6.80946 20 1.10039
      vertex 6.06538 20 1.19438
      vertex 6.81479 20 1.13771
    endloop
  endfacet
  facet normal 0 1 0
    outer loop
      vertex 6.06538 20 1.19438
      vertex 6.80946 20 1.10039
      vertex 6.05865 20 1.1335
    endloop
  endfacet
  facet normal 0 1 -0
    outer loop
      vertex 6.80533 20 1.06292
      vertex 6.05865 20 1.1335
      vertex 6.80946 20 1.10039
    endloop
  endfacet
  facet normal 0 1 0
    outer loop
      vertex 6.05865 20 1.1335
      vertex 6.80533 20 1.06292
      vertex 6.05385 20 1.07244
    endloop
  endfacet
  facet normal 0 1 -0
    outer loop
      vertex 6.80237 20 1.02535
      vertex 6.05385 20 1.07244
      vertex 6.80533 20 1.06292
    endloop
  endfacet
  facet normal 0 1 0
    outer loop
      vertex 6.80237 20 1.02535
      vertex 6.05096 20 1.01125
      vertex 6.05385 20 1.07244
    endloop
  endfacet
  facet normal 0 1 -0
    outer loop
      vertex 6.8006 20 0.987689
      vertex 6.05096 20 1.01125
      vertex 6.80237 20 1.02535
    endloop
  endfacet
  facet normal 0 1 -0
    outer loop
      vertex 6.8 20 0.95
      vertex 6.05096 20 1.01125
      vertex 6.8006 20 0.987689
    endloop
  endfacet
  facet normal 0 1 0
    outer loop
      vertex 6.8 20 0.95
      vertex 6.05 20 0.95
      vertex 6.05096 20 1.01125
    endloop
  endfacet
  facet normal 0 1 0
    outer loop
      vertex 6.8006 20 0.912311
      vertex 6.05 20 0.95
      vertex 6.8 20 0.95
    endloop
  endfacet
  facet normal 0 1 0
    outer loop
      vertex 6.8006 20 0.912311
      vertex 6.05096 20 0.888751
      vertex 6.05 20 0.95
    endloop
  endfacet
  facet normal 0 1 0
    outer loop
      vertex 6.80237 20 0.874652
      vertex 6.05096 20 0.888751
      vertex 6.8006 20 0.912311
    endloop
  endfacet
  facet normal 0 1 0
    outer loop
      vertex 6.05385 20 0.827563
      vertex 6.80237 20 0.874652
      vertex 6.80533 20 0.837085
    endloop
  endfacet
  facet normal 0 1 0
    outer loop
      vertex 6.80237 20 0.874652
      vertex 6.05385 20 0.827563
      vertex 6.05096 20 0.888751
    endloop
  endfacet
  facet normal 0 1 0
    outer loop
      vertex 6.05865 20 0.766498
      vertex 6.80533 20 0.837085
      vertex 6.80946 20 0.799609
    endloop
  endfacet
  facet normal 0 1 0
    outer loop
      vertex 6.80533 20 0.837085
      vertex 6.05865 20 0.766498
      vertex 6.05385 20 0.827563
    endloop
  endfacet
  facet normal 0 1 0
    outer loop
      vertex 6.06538 20 0.705615
      vertex 6.80946 20 0.799609
      vertex 6.81479 20 0.762286
    endloop
  endfacet
  facet normal 0 1 0
    outer loop
      vertex 6.07402 20 0.644962
      vertex 6.81479 20 0.762286
      vertex 6.82126 20 0.725146
    endloop
  endfacet
  facet normal 0 1 0
    outer loop
      vertex 6.80946 20 0.799609
      vertex 6.06538 20 0.705615
      vertex 6.05865 20 0.766498
    endloop
  endfacet
  facet normal 0 1 0
    outer loop
      vertex 6.08455 20 0.584613
      vertex 6.82126 20 0.725146
      vertex 6.8289 20 0.688235
    endloop
  endfacet
  facet normal 0 1 0
    outer loop
      vertex 6.09697 20 0.524631
      vertex 6.8289 20 0.688235
      vertex 6.83771 20 0.651584
    endloop
  endfacet
  facet normal 0 1 0
    outer loop
      vertex 6.81479 20 0.762286
      vertex 6.07402 20 0.644962
      vertex 6.06538 20 0.705615
    endloop
  endfacet
  facet normal 0 1 0
    outer loop
      vertex 6.11127 20 0.46506
      vertex 6.83771 20 0.651584
      vertex 6.84766 20 0.615222
    endloop
  endfacet
  facet normal 0 1 0
    outer loop
      vertex 6.82126 20 0.725146
      vertex 6.08455 20 0.584613
      vertex 6.07402 20 0.644962
    endloop
  endfacet
  facet normal 0 1 0
    outer loop
      vertex 6.12744 20 0.405978
      vertex 6.84766 20 0.615222
      vertex 6.85873 20 0.579181
    endloop
  endfacet
  facet normal 0 1 0
    outer loop
      vertex 6.14545 20 0.34743
      vertex 6.85873 20 0.579181
      vertex 6.87096 20 0.543521
    endloop
  endfacet
  facet normal 0 1 0
    outer loop
      vertex 6.8289 20 0.688235
      vertex 6.09697 20 0.524631
      vertex 6.08455 20 0.584613
    endloop
  endfacet
  facet normal 0 1 0
    outer loop
      vertex 6.16528 20 0.289462
      vertex 6.87096 20 0.543521
      vertex 6.88428 20 0.508258
    endloop
  endfacet
  facet normal 0 1 0
    outer loop
      vertex 6.18695 20 0.232166
      vertex 6.88428 20 0.508258
      vertex 6.8987 20 0.473437
    endloop
  endfacet
  facet normal 0 1 0
    outer loop
      vertex 6.83771 20 0.651584
      vertex 6.11127 20 0.46506
      vertex 6.09697 20 0.524631
    endloop
  endfacet
  facet normal 0 1 0
    outer loop
      vertex 6.21039 20 0.175571
      vertex 6.8987 20 0.473437
      vertex 6.91422 20 0.439075
    endloop
  endfacet
  facet normal 0 1 0
    outer loop
      vertex 6.84766 20 0.615222
      vertex 6.12744 20 0.405978
      vertex 6.11127 20 0.46506
    endloop
  endfacet
  facet normal 0 1 0
    outer loop
      vertex 6.2356 20 0.119739
      vertex 6.91422 20 0.439075
      vertex 6.9308 20 0.405215
    endloop
  endfacet
  facet normal 0 1 0
    outer loop
      vertex 6.26254 20 0.0647308
      vertex 6.9308 20 0.405215
      vertex 6.94844 20 0.371906
    endloop
  endfacet
  facet normal 0 1 0
    outer loop
      vertex 6.85873 20 0.579181
      vertex 6.14545 20 0.34743
      vertex 6.12744 20 0.405978
    endloop
  endfacet
  facet normal 0 1 0
    outer loop
      vertex 6.29726 20 3.05176e-06
      vertex 6.94844 20 0.371906
      vertex 6.96712 20 0.33916
    endloop
  endfacet
  facet normal 0 1 0
    outer loop
      vertex 6.29726 20 3.05176e-06
      vertex 6.96712 20 0.33916
      vertex 6.98682 20 0.30701
    endloop
  endfacet
  facet normal 0 1 0
    outer loop
      vertex 6.87096 20 0.543521
      vertex 6.16528 20 0.289462
      vertex 6.14545 20 0.34743
    endloop
  endfacet
  facet normal 0 1 0
    outer loop
      vertex 6.29726 20 3.05176e-06
      vertex 6.98682 20 0.30701
      vertex 7.00751 20 0.2755
    endloop
  endfacet
  facet normal 0 1 0
    outer loop
      vertex 6.29726 20 3.05176e-06
      vertex 7.00751 20 0.2755
      vertex 7.02919 20 0.244662
    endloop
  endfacet
  facet normal 0 1 0
    outer loop
      vertex 6.88428 20 0.508258
      vertex 6.18695 20 0.232166
      vertex 6.16528 20 0.289462
    endloop
  endfacet
  facet normal 0 1 0
    outer loop
      vertex 6.29726 20 3.05176e-06
      vertex 7.02919 20 0.244662
      vertex 7.05182 20 0.214526
    endloop
  endfacet
  facet normal 0 1 0
    outer loop
      vertex 6.29726 20 3.05176e-06
      vertex 7.05182 20 0.214526
      vertex 7.07539 20 0.185092
    endloop
  endfacet
  facet normal 0 1 0
    outer loop
      vertex 6.8987 20 0.473437
      vertex 6.21039 20 0.175571
      vertex 6.18695 20 0.232166
    endloop
  endfacet
  facet normal 0 1 0
    outer loop
      vertex 6.29726 20 3.05176e-06
      vertex 7.07539 20 0.185092
      vertex 7.09987 20 0.156436
    endloop
  endfacet
  facet normal 0 1 0
    outer loop
      vertex 6.29726 20 3.05176e-06
      vertex 7.09987 20 0.156436
      vertex 7.12524 20 0.128558
    endloop
  endfacet
  facet normal 0 1 0
    outer loop
      vertex 6.91422 20 0.439075
      vertex 6.2356 20 0.119739
      vertex 6.21039 20 0.175571
    endloop
  endfacet
  facet normal 0 1 0
    outer loop
      vertex 6.29726 20 3.05176e-06
      vertex 7.12524 20 0.128558
      vertex 7.15147 20 0.101474
    endloop
  endfacet
  facet normal 0 1 0
    outer loop
      vertex 6.29726 20 3.05176e-06
      vertex 7.15147 20 0.101474
      vertex 7.17856 20 0.0752441
    endloop
  endfacet
  facet normal 0 1 0
    outer loop
      vertex 6.9308 20 0.405215
      vertex 6.26254 20 0.0647308
      vertex 6.2356 20 0.119739
    endloop
  endfacet
  facet normal 0 1 0
    outer loop
      vertex 6.29726 20 3.05176e-06
      vertex 7.17856 20 0.0752441
      vertex 7.20644 20 0.0498688
    endloop
  endfacet
  facet normal 0 1 0
    outer loop
      vertex 6.29726 20 3.05176e-06
      vertex 7.20644 20 0.0498688
      vertex 7.23509 20 0.0253937
    endloop
  endfacet
  facet normal 0 1 0
    outer loop
      vertex 6.94844 20 0.371906
      vertex 6.29121 20 0.0105927
      vertex 6.26254 20 0.0647308
    endloop
  endfacet
  facet normal 0 1 0
    outer loop
      vertex 6.29726 20 3.05176e-06
      vertex 7.23509 20 0.0253937
      vertex 7.26453 20 0.00181885
    endloop
  endfacet
  facet normal 0 1 0
    outer loop
      vertex 6.29726 20 3.05176e-06
      vertex 7.26453 20 0.00181885
      vertex 7.26694 20 3.05176e-06
    endloop
  endfacet
  facet normal 0 1 0
    outer loop
      vertex 6.94844 20 0.371906
      vertex 6.29726 20 3.05176e-06
      vertex 6.29121 20 0.0105927
    endloop
  endfacet
  facet normal -0.972317 0 0.233664
    outer loop
      vertex 6.8289 20 1.21176
      vertex 6.83771 22.5 1.24842
      vertex 6.8289 22.5 1.21176
    endloop
  endfacet
  facet normal -0.972317 0 0.233664
    outer loop
      vertex 6.83771 22.5 1.24842
      vertex 6.8289 20 1.21176
      vertex 6.83771 20 1.24842
    endloop
  endfacet
  facet normal 0.0469476 4.89163e-20 0.998897
    outer loop
      vertex 8.03769 22.5 2.1494
      vertex 8.07535 20 2.14763
      vertex 8.07535 22.5 2.14763
    endloop
  endfacet
  facet normal 0.0469476 4.89163e-20 0.998897
    outer loop
      vertex 8.07535 20 2.14763
      vertex 8.03769 22.5 2.1494
      vertex 8.03769 20 2.1494
    endloop
  endfacet
  facet normal 0.760267 -0 0.64961
    outer loop
      vertex 8.90013 20 1.74356
      vertex 8.92461 22.5 1.71491
      vertex 8.90013 22.5 1.74356
    endloop
  endfacet
  facet normal 0.760267 0 0.64961
    outer loop
      vertex 8.92461 22.5 1.71491
      vertex 8.90013 20 1.74356
      vertex 8.92461 20 1.71491
    endloop
  endfacet
  facet normal 0.955922 -0 0.29362
    outer loop
      vertex 9.14127 20 1.32082
      vertex 9.15234 22.5 1.28478
      vertex 9.14127 22.5 1.32082
    endloop
  endfacet
  facet normal 0.955922 0 0.29362
    outer loop
      vertex 9.15234 22.5 1.28478
      vertex 9.14127 20 1.32082
      vertex 9.15234 20 1.28478
    endloop
  endfacet
  facet normal -0.600552 3.63452e-19 0.799586
    outer loop
      vertex 7.26453 22.5 1.89818
      vertex 7.29466 20 1.92081
      vertex 7.29466 22.5 1.92081
    endloop
  endfacet
  facet normal -0.600552 3.63452e-19 0.799586
    outer loop
      vertex 7.29466 20 1.92081
      vertex 7.26453 22.5 1.89818
      vertex 7.26453 20 1.89818
    endloop
  endfacet
  facet normal 0.935476 -0 0.35339
    outer loop
      vertex 9.11572 20 1.39174
      vertex 9.12904 22.5 1.35648
      vertex 9.11572 22.5 1.39174
    endloop
  endfacet
  facet normal 0.935476 0 0.35339
    outer loop
      vertex 9.12904 22.5 1.35648
      vertex 9.11572 20 1.39174
      vertex 9.12904 20 1.35648
    endloop
  endfacet
  facet normal 0.760334 0 -0.649532
    outer loop
      vertex 8.92461 20 0.185092
      vertex 8.90013 22.5 0.156436
      vertex 8.92461 22.5 0.185092
    endloop
  endfacet
  facet normal 0.760334 0 -0.649532
    outer loop
      vertex 8.90013 22.5 0.156436
      vertex 8.92461 20 0.185092
      vertex 8.90013 20 0.156436
    endloop
  endfacet
  facet normal 0.88373 -0 0.467997
    outer loop
      vertex 9.05156 20 1.52809
      vertex 9.0692 22.5 1.49478
      vertex 9.05156 22.5 1.52809
    endloop
  endfacet
  facet normal 0.88373 0 0.467997
    outer loop
      vertex 9.0692 22.5 1.49478
      vertex 9.05156 20 1.52809
      vertex 9.0692 20 1.49478
    endloop
  endfacet
  facet normal -0.575099 -4.21509e-19 0.818084
    outer loop
      vertex 7.29466 22.5 1.92081
      vertex 7.3255 20 1.94249
      vertex 7.3255 22.5 1.94249
    endloop
  endfacet
  facet normal -0.575099 -4.21509e-19 0.818084
    outer loop
      vertex 7.3255 20 1.94249
      vertex 7.29466 22.5 1.92081
      vertex 7.29466 20 1.92081
    endloop
  endfacet
  facet normal 0.955925 0 -0.293612
    outer loop
      vertex 9.15234 20 0.615222
      vertex 9.14127 22.5 0.579181
      vertex 9.15234 22.5 0.615222
    endloop
  endfacet
  facet normal 0.955925 0 -0.293612
    outer loop
      vertex 9.14127 22.5 0.579181
      vertex 9.15234 20 0.615222
      vertex 9.14127 20 0.579181
    endloop
  endfacet
  facet normal -0.799643 0 -0.600475
    outer loop
      vertex 7.05182 20 0.214526
      vertex 7.02919 22.5 0.244662
      vertex 7.05182 22.5 0.214526
    endloop
  endfacet
  facet normal -0.799643 -0 -0.600475
    outer loop
      vertex 7.02919 22.5 0.244662
      vertex 7.05182 20 0.214526
      vertex 7.02919 20 0.244662
    endloop
  endfacet
  facet normal -0.996911 0 0.0785429
    outer loop
      vertex 6.80237 20 1.02535
      vertex 6.80533 22.5 1.06292
      vertex 6.80237 22.5 1.02535
    endloop
  endfacet
  facet normal -0.996911 0 0.0785429
    outer loop
      vertex 6.80533 22.5 1.06292
      vertex 6.80237 20 1.02535
      vertex 6.80533 20 1.06292
    endloop
  endfacet
  facet normal -0.411544 -3.00752e-19 0.91139
    outer loop
      vertex 7.48907 22.5 2.03578
      vertex 7.52344 20 2.0513
      vertex 7.52344 22.5 2.0513
    endloop
  endfacet
  facet normal -0.411544 -3.00752e-19 0.91139
    outer loop
      vertex 7.52344 20 2.0513
      vertex 7.48907 22.5 2.03578
      vertex 7.48907 20 2.03578
    endloop
  endfacet
  facet normal -0.818066 0 -0.575124
    outer loop
      vertex 7.02919 20 0.244662
      vertex 7.00751 22.5 0.2755
      vertex 7.02919 22.5 0.244662
    endloop
  endfacet
  facet normal -0.818066 -0 -0.575124
    outer loop
      vertex 7.00751 22.5 0.2755
      vertex 7.02919 20 0.244662
      vertex 7.00751 20 0.2755
    endloop
  endfacet
  facet normal -0.923911 0 -0.382608
    outer loop
      vertex 6.8987 20 0.473437
      vertex 6.88428 22.5 0.508258
      vertex 6.8987 22.5 0.473437
    endloop
  endfacet
  facet normal -0.923911 -0 -0.382608
    outer loop
      vertex 6.88428 22.5 0.508258
      vertex 6.8987 20 0.473437
      vertex 6.88428 20 0.508258
    endloop
  endfacet
  facet normal -0.99691 0 -0.0785491
    outer loop
      vertex 6.80533 20 0.837085
      vertex 6.80237 22.5 0.874652
      vertex 6.80533 22.5 0.837085
    endloop
  endfacet
  facet normal -0.99691 -0 -0.0785491
    outer loop
      vertex 6.80237 22.5 0.874652
      vertex 6.80533 20 0.837085
      vertex 6.80237 20 0.874652
    endloop
  endfacet
  facet normal -0.548871 3.94084e-19 0.835907
    outer loop
      vertex 7.3255 22.5 1.94249
      vertex 7.35701 20 1.96318
      vertex 7.35701 22.5 1.96318
    endloop
  endfacet
  facet normal -0.548871 3.94084e-19 0.835907
    outer loop
      vertex 7.35701 20 1.96318
      vertex 7.3255 22.5 1.94249
      vertex 7.3255 20 1.94249
    endloop
  endfacet
  facet normal 0.624986 2.98105e-19 0.780636
    outer loop
      vertex 8.73547 22.5 1.89818
      vertex 8.76491 20 1.87461
      vertex 8.76491 22.5 1.87461
    endloop
  endfacet
  facet normal 0.624986 2.98105e-19 0.780636
    outer loop
      vertex 8.76491 20 1.87461
      vertex 8.73547 22.5 1.89818
      vertex 8.73547 20 1.89818
    endloop
  endfacet
  facet normal 0.979243 0 -0.202688
    outer loop
      vertex 9.17874 20 0.725146
      vertex 9.1711 22.5 0.688235
      vertex 9.17874 22.5 0.725146
    endloop
  endfacet
  facet normal 0.979243 0 -0.202688
    outer loop
      vertex 9.1711 22.5 0.688235
      vertex 9.17874 20 0.725146
      vertex 9.1711 20 0.688235
    endloop
  endfacet
  facet normal 0 1 0
    outer loop
      vertex 8.03769 22.5 2.1494
      vertex 7.96231 22.5 2.1494
      vertex 8 22.5 2.15
    endloop
  endfacet
  facet normal 0 1 0
    outer loop
      vertex 8.07535 22.5 2.14763
      vertex 7.96231 22.5 2.1494
      vertex 8.03769 22.5 2.1494
    endloop
  endfacet
  facet normal 0 1 0
    outer loop
      vertex 8.07535 22.5 2.14763
      vertex 7.92465 22.5 2.14763
      vertex 7.96231 22.5 2.1494
    endloop
  endfacet
  facet normal 0 1 0
    outer loop
      vertex 8.11292 22.5 2.14467
      vertex 7.92465 22.5 2.14763
      vertex 8.07535 22.5 2.14763
    endloop
  endfacet
  facet normal 0 1 0
    outer loop
      vertex 8.11292 22.5 2.14467
      vertex 7.88708 22.5 2.14467
      vertex 7.92465 22.5 2.14763
    endloop
  endfacet
  facet normal 0 1 0
    outer loop
      vertex 8.15039 22.5 2.14054
      vertex 7.88708 22.5 2.14467
      vertex 8.11292 22.5 2.14467
    endloop
  endfacet
  facet normal 0 1 0
    outer loop
      vertex 8.15039 22.5 2.14054
      vertex 7.84961 22.5 2.14054
      vertex 7.88708 22.5 2.14467
    endloop
  endfacet
  facet normal 0 1 0
    outer loop
      vertex 8.18771 22.5 2.13521
      vertex 7.84961 22.5 2.14054
      vertex 8.15039 22.5 2.14054
    endloop
  endfacet
  facet normal 0 1 0
    outer loop
      vertex 8.18771 22.5 2.13521
      vertex 7.81229 22.5 2.13521
      vertex 7.84961 22.5 2.14054
    endloop
  endfacet
  facet normal 0 1 0
    outer loop
      vertex 8.22485 22.5 2.12874
      vertex 7.81229 22.5 2.13521
      vertex 8.18771 22.5 2.13521
    endloop
  endfacet
  facet normal 0 1 0
    outer loop
      vertex 8.22485 22.5 2.12874
      vertex 7.77515 22.5 2.12874
      vertex 7.81229 22.5 2.13521
    endloop
  endfacet
  facet normal 0 1 0
    outer loop
      vertex 8.26176 22.5 2.1211
      vertex 7.77515 22.5 2.12874
      vertex 8.22485 22.5 2.12874
    endloop
  endfacet
  facet normal 0 1 0
    outer loop
      vertex 8.26176 22.5 2.1211
      vertex 7.73824 22.5 2.1211
      vertex 7.77515 22.5 2.12874
    endloop
  endfacet
  facet normal 0 1 0
    outer loop
      vertex 8.29842 22.5 2.11229
      vertex 7.73824 22.5 2.1211
      vertex 8.26176 22.5 2.1211
    endloop
  endfacet
  facet normal 0 1 0
    outer loop
      vertex 8.29842 22.5 2.11229
      vertex 7.70158 22.5 2.11229
      vertex 7.73824 22.5 2.1211
    endloop
  endfacet
  facet normal 0 1 0
    outer loop
      vertex 8.33478 22.5 2.10234
      vertex 7.70158 22.5 2.11229
      vertex 8.29842 22.5 2.11229
    endloop
  endfacet
  facet normal 0 1 0
    outer loop
      vertex 8.33478 22.5 2.10234
      vertex 7.66522 22.5 2.10234
      vertex 7.70158 22.5 2.11229
    endloop
  endfacet
  facet normal 0 1 0
    outer loop
      vertex 8.37082 22.5 2.09127
      vertex 7.66522 22.5 2.10234
      vertex 8.33478 22.5 2.10234
    endloop
  endfacet
  facet normal 0 1 0
    outer loop
      vertex 8.37082 22.5 2.09127
      vertex 7.62918 22.5 2.09127
      vertex 7.66522 22.5 2.10234
    endloop
  endfacet
  facet normal 0 1 0
    outer loop
      vertex 8.40648 22.5 2.07904
      vertex 7.62918 22.5 2.09127
      vertex 8.37082 22.5 2.09127
    endloop
  endfacet
  facet normal 0 1 0
    outer loop
      vertex 8.40648 22.5 2.07904
      vertex 7.59352 22.5 2.07904
      vertex 7.62918 22.5 2.09127
    endloop
  endfacet
  facet normal 0 1 0
    outer loop
      vertex 8.44174 22.5 2.06572
      vertex 7.59352 22.5 2.07904
      vertex 8.40648 22.5 2.07904
    endloop
  endfacet
  facet normal 0 1 0
    outer loop
      vertex 8.44174 22.5 2.06572
      vertex 7.55826 22.5 2.06572
      vertex 7.59352 22.5 2.07904
    endloop
  endfacet
  facet normal 0 1 0
    outer loop
      vertex 8.47656 22.5 2.0513
      vertex 7.55826 22.5 2.06572
      vertex 8.44174 22.5 2.06572
    endloop
  endfacet
  facet normal 0 1 0
    outer loop
      vertex 8.47656 22.5 2.0513
      vertex 7.52344 22.5 2.0513
      vertex 7.55826 22.5 2.06572
    endloop
  endfacet
  facet normal 0 1 0
    outer loop
      vertex 8.51093 22.5 2.03578
      vertex 7.52344 22.5 2.0513
      vertex 8.47656 22.5 2.0513
    endloop
  endfacet
  facet normal 0 1 0
    outer loop
      vertex 8.51093 22.5 2.03578
      vertex 7.48907 22.5 2.03578
      vertex 7.52344 22.5 2.0513
    endloop
  endfacet
  facet normal 0 1 0
    outer loop
      vertex 8.54478 22.5 2.0192
      vertex 7.48907 22.5 2.03578
      vertex 8.51093 22.5 2.03578
    endloop
  endfacet
  facet normal 0 1 0
    outer loop
      vertex 8.54478 22.5 2.0192
      vertex 7.45522 22.5 2.0192
      vertex 7.48907 22.5 2.03578
    endloop
  endfacet
  facet normal 0 1 0
    outer loop
      vertex 8.57809 22.5 2.00156
      vertex 7.45522 22.5 2.0192
      vertex 8.54478 22.5 2.0192
    endloop
  endfacet
  facet normal 0 1 0
    outer loop
      vertex 8.57809 22.5 2.00156
      vertex 7.42191 22.5 2.00156
      vertex 7.45522 22.5 2.0192
    endloop
  endfacet
  facet normal 0 1 0
    outer loop
      vertex 8.61084 22.5 1.98288
      vertex 7.42191 22.5 2.00156
      vertex 8.57809 22.5 2.00156
    endloop
  endfacet
  facet normal 0 1 0
    outer loop
      vertex 8.61084 22.5 1.98288
      vertex 7.38916 22.5 1.98288
      vertex 7.42191 22.5 2.00156
    endloop
  endfacet
  facet normal 0 1 0
    outer loop
      vertex 8.64299 22.5 1.96318
      vertex 7.38916 22.5 1.98288
      vertex 8.61084 22.5 1.98288
    endloop
  endfacet
  facet normal 0 1 0
    outer loop
      vertex 8.64299 22.5 1.96318
      vertex 7.35701 22.5 1.96318
      vertex 7.38916 22.5 1.98288
    endloop
  endfacet
  facet normal 0 1 0
    outer loop
      vertex 8.6745 22.5 1.94249
      vertex 7.35701 22.5 1.96318
      vertex 8.64299 22.5 1.96318
    endloop
  endfacet
  facet normal 0 1 0
    outer loop
      vertex 8.6745 22.5 1.94249
      vertex 7.3255 22.5 1.94249
      vertex 7.35701 22.5 1.96318
    endloop
  endfacet
  facet normal 0 1 0
    outer loop
      vertex 8.70534 22.5 1.92081
      vertex 7.3255 22.5 1.94249
      vertex 8.6745 22.5 1.94249
    endloop
  endfacet
  facet normal 0 1 0
    outer loop
      vertex 8.70534 22.5 1.92081
      vertex 7.29466 22.5 1.92081
      vertex 7.3255 22.5 1.94249
    endloop
  endfacet
  facet normal 0 1 0
    outer loop
      vertex 8.73547 22.5 1.89818
      vertex 7.29466 22.5 1.92081
      vertex 8.70534 22.5 1.92081
    endloop
  endfacet
  facet normal 0 1 0
    outer loop
      vertex 8.73547 22.5 1.89818
      vertex 7.26453 22.5 1.89818
      vertex 7.29466 22.5 1.92081
    endloop
  endfacet
  facet normal 0 1 0
    outer loop
      vertex 8.76491 22.5 1.87461
      vertex 7.26453 22.5 1.89818
      vertex 8.73547 22.5 1.89818
    endloop
  endfacet
  facet normal 0 1 0
    outer loop
      vertex 8.76491 22.5 1.87461
      vertex 7.23509 22.5 1.87461
      vertex 7.26453 22.5 1.89818
    endloop
  endfacet
  facet normal 0 1 0
    outer loop
      vertex 8.79356 22.5 1.85013
      vertex 7.23509 22.5 1.87461
      vertex 8.76491 22.5 1.87461
    endloop
  endfacet
  facet normal 0 1 0
    outer loop
      vertex 8.79356 22.5 1.85013
      vertex 7.20644 22.5 1.85013
      vertex 7.23509 22.5 1.87461
    endloop
  endfacet
  facet normal 0 1 0
    outer loop
      vertex 8.82144 22.5 1.82476
      vertex 7.20644 22.5 1.85013
      vertex 8.79356 22.5 1.85013
    endloop
  endfacet
  facet normal 0 1 0
    outer loop
      vertex 8.82144 22.5 1.82476
      vertex 7.17856 22.5 1.82476
      vertex 7.20644 22.5 1.85013
    endloop
  endfacet
  facet normal 0 1 0
    outer loop
      vertex 8.84853 22.5 1.79853
      vertex 7.17856 22.5 1.82476
      vertex 8.82144 22.5 1.82476
    endloop
  endfacet
  facet normal 0 1 0
    outer loop
      vertex 8.84853 22.5 1.79853
      vertex 7.15147 22.5 1.79853
      vertex 7.17856 22.5 1.82476
    endloop
  endfacet
  facet normal 0 1 0
    outer loop
      vertex 8.87476 22.5 1.77144
      vertex 7.15147 22.5 1.79853
      vertex 8.84853 22.5 1.79853
    endloop
  endfacet
  facet normal 0 1 0
    outer loop
      vertex 8.87476 22.5 1.77144
      vertex 7.12524 22.5 1.77144
      vertex 7.15147 22.5 1.79853
    endloop
  endfacet
  facet normal 0 1 0
    outer loop
      vertex 8.90013 22.5 1.74356
      vertex 7.12524 22.5 1.77144
      vertex 8.87476 22.5 1.77144
    endloop
  endfacet
  facet normal 0 1 0
    outer loop
      vertex 8.90013 22.5 1.74356
      vertex 7.09987 22.5 1.74356
      vertex 7.12524 22.5 1.77144
    endloop
  endfacet
  facet normal 0 1 0
    outer loop
      vertex 8.92461 22.5 1.71491
      vertex 7.09987 22.5 1.74356
      vertex 8.90013 22.5 1.74356
    endloop
  endfacet
  facet normal 0 1 0
    outer loop
      vertex 8.92461 22.5 1.71491
      vertex 7.07539 22.5 1.71491
      vertex 7.09987 22.5 1.74356
    endloop
  endfacet
  facet normal 0 1 0
    outer loop
      vertex 8.94818 22.5 1.68547
      vertex 7.07539 22.5 1.71491
      vertex 8.92461 22.5 1.71491
    endloop
  endfacet
  facet normal 0 1 0
    outer loop
      vertex 8.94818 22.5 1.68547
      vertex 7.05182 22.5 1.68547
      vertex 7.07539 22.5 1.71491
    endloop
  endfacet
  facet normal 0 1 0
    outer loop
      vertex 8.97081 22.5 1.65534
      vertex 7.05182 22.5 1.68547
      vertex 8.94818 22.5 1.68547
    endloop
  endfacet
  facet normal 0 1 0
    outer loop
      vertex 8.97081 22.5 1.65534
      vertex 7.02919 22.5 1.65534
      vertex 7.05182 22.5 1.68547
    endloop
  endfacet
  facet normal 0 1 0
    outer loop
      vertex 8.99249 22.5 1.6245
      vertex 7.02919 22.5 1.65534
      vertex 8.97081 22.5 1.65534
    endloop
  endfacet
  facet normal 0 1 0
    outer loop
      vertex 8.99249 22.5 1.6245
      vertex 7.00751 22.5 1.6245
      vertex 7.02919 22.5 1.65534
    endloop
  endfacet
  facet normal 0 1 0
    outer loop
      vertex 9.01318 22.5 1.59299
      vertex 7.00751 22.5 1.6245
      vertex 8.99249 22.5 1.6245
    endloop
  endfacet
  facet normal 0 1 0
    outer loop
      vertex 9.01318 22.5 1.59299
      vertex 6.98682 22.5 1.59299
      vertex 7.00751 22.5 1.6245
    endloop
  endfacet
  facet normal 0 1 0
    outer loop
      vertex 9.03288 22.5 1.56084
      vertex 6.98682 22.5 1.59299
      vertex 9.01318 22.5 1.59299
    endloop
  endfacet
  facet normal 0 1 0
    outer loop
      vertex 9.03288 22.5 1.56084
      vertex 6.96712 22.5 1.56084
      vertex 6.98682 22.5 1.59299
    endloop
  endfacet
  facet normal 0 1 0
    outer loop
      vertex 9.05156 22.5 1.52809
      vertex 6.96712 22.5 1.56084
      vertex 9.03288 22.5 1.56084
    endloop
  endfacet
  facet normal 0 1 0
    outer loop
      vertex 9.05156 22.5 1.52809
      vertex 6.94844 22.5 1.52809
      vertex 6.96712 22.5 1.56084
    endloop
  endfacet
  facet normal 0 1 0
    outer loop
      vertex 9.0692 22.5 1.49478
      vertex 6.94844 22.5 1.52809
      vertex 9.05156 22.5 1.52809
    endloop
  endfacet
  facet normal 0 1 0
    outer loop
      vertex 9.0692 22.5 1.49478
      vertex 6.9308 22.5 1.49478
      vertex 6.94844 22.5 1.52809
    endloop
  endfacet
  facet normal 0 1 0
    outer loop
      vertex 9.08578 22.5 1.46093
      vertex 6.9308 22.5 1.49478
      vertex 9.0692 22.5 1.49478
    endloop
  endfacet
  facet normal 0 1 0
    outer loop
      vertex 9.08578 22.5 1.46093
      vertex 6.91422 22.5 1.46093
      vertex 6.9308 22.5 1.49478
    endloop
  endfacet
  facet normal 0 1 0
    outer loop
      vertex 9.1013 22.5 1.42656
      vertex 6.91422 22.5 1.46093
      vertex 9.08578 22.5 1.46093
    endloop
  endfacet
  facet normal 0 1 0
    outer loop
      vertex 9.1013 22.5 1.42656
      vertex 6.8987 22.5 1.42656
      vertex 6.91422 22.5 1.46093
    endloop
  endfacet
  facet normal 0 1 0
    outer loop
      vertex 9.11572 22.5 1.39174
      vertex 6.8987 22.5 1.42656
      vertex 9.1013 22.5 1.42656
    endloop
  endfacet
  facet normal 0 1 0
    outer loop
      vertex 9.11572 22.5 1.39174
      vertex 6.88428 22.5 1.39174
      vertex 6.8987 22.5 1.42656
    endloop
  endfacet
  facet normal 0 1 0
    outer loop
      vertex 9.12904 22.5 1.35648
      vertex 6.88428 22.5 1.39174
      vertex 9.11572 22.5 1.39174
    endloop
  endfacet
  facet normal 0 1 0
    outer loop
      vertex 9.12904 22.5 1.35648
      vertex 6.87096 22.5 1.35648
      vertex 6.88428 22.5 1.39174
    endloop
  endfacet
  facet normal 0 1 0
    outer loop
      vertex 9.14127 22.5 1.32082
      vertex 6.87096 22.5 1.35648
      vertex 9.12904 22.5 1.35648
    endloop
  endfacet
  facet normal 0 1 0
    outer loop
      vertex 9.14127 22.5 1.32082
      vertex 6.85873 22.5 1.32082
      vertex 6.87096 22.5 1.35648
    endloop
  endfacet
  facet normal 0 1 0
    outer loop
      vertex 9.15234 22.5 1.28478
      vertex 6.85873 22.5 1.32082
      vertex 9.14127 22.5 1.32082
    endloop
  endfacet
  facet normal 0 1 0
    outer loop
      vertex 9.15234 22.5 1.28478
      vertex 6.84766 22.5 1.28478
      vertex 6.85873 22.5 1.32082
    endloop
  endfacet
  facet normal 0 1 0
    outer loop
      vertex 9.16229 22.5 1.24842
      vertex 6.84766 22.5 1.28478
      vertex 9.15234 22.5 1.28478
    endloop
  endfacet
  facet normal 0 1 0
    outer loop
      vertex 9.16229 22.5 1.24842
      vertex 6.83771 22.5 1.24842
      vertex 6.84766 22.5 1.28478
    endloop
  endfacet
  facet normal 0 1 0
    outer loop
      vertex 9.1711 22.5 1.21176
      vertex 6.83771 22.5 1.24842
      vertex 9.16229 22.5 1.24842
    endloop
  endfacet
  facet normal 0 1 0
    outer loop
      vertex 9.1711 22.5 1.21176
      vertex 6.8289 22.5 1.21176
      vertex 6.83771 22.5 1.24842
    endloop
  endfacet
  facet normal 0 1 0
    outer loop
      vertex 9.17874 22.5 1.17485
      vertex 6.8289 22.5 1.21176
      vertex 9.1711 22.5 1.21176
    endloop
  endfacet
  facet normal 0 1 0
    outer loop
      vertex 9.17874 22.5 1.17485
      vertex 6.82126 22.5 1.17485
      vertex 6.8289 22.5 1.21176
    endloop
  endfacet
  facet normal 0 1 0
    outer loop
      vertex 9.18521 22.5 1.13771
      vertex 6.82126 22.5 1.17485
      vertex 9.17874 22.5 1.17485
    endloop
  endfacet
  facet normal 0 1 0
    outer loop
      vertex 9.18521 22.5 1.13771
      vertex 6.81479 22.5 1.13771
      vertex 6.82126 22.5 1.17485
    endloop
  endfacet
  facet normal 0 1 0
    outer loop
      vertex 9.19054 22.5 1.10039
      vertex 6.81479 22.5 1.13771
      vertex 9.18521 22.5 1.13771
    endloop
  endfacet
  facet normal 0 1 0
    outer loop
      vertex 9.19054 22.5 1.10039
      vertex 6.80946 22.5 1.10039
      vertex 6.81479 22.5 1.13771
    endloop
  endfacet
  facet normal 0 1 0
    outer loop
      vertex 9.19467 22.5 1.06292
      vertex 6.80946 22.5 1.10039
      vertex 9.19054 22.5 1.10039
    endloop
  endfacet
  facet normal 0 1 0
    outer loop
      vertex 9.19467 22.5 1.06292
      vertex 6.80533 22.5 1.06292
      vertex 6.80946 22.5 1.10039
    endloop
  endfacet
  facet normal 0 1 0
    outer loop
      vertex 9.19763 22.5 1.02535
      vertex 6.80533 22.5 1.06292
      vertex 9.19467 22.5 1.06292
    endloop
  endfacet
  facet normal 0 1 0
    outer loop
      vertex 9.19763 22.5 1.02535
      vertex 6.80237 22.5 1.02535
      vertex 6.80533 22.5 1.06292
    endloop
  endfacet
  facet normal 0 1 0
    outer loop
      vertex 9.1994 22.5 0.987689
      vertex 6.80237 22.5 1.02535
      vertex 9.19763 22.5 1.02535
    endloop
  endfacet
  facet normal 0 1 0
    outer loop
      vertex 9.1994 22.5 0.987689
      vertex 6.8006 22.5 0.987689
      vertex 6.80237 22.5 1.02535
    endloop
  endfacet
  facet normal 0 1 0
    outer loop
      vertex 9.2 22.5 0.95
      vertex 6.8006 22.5 0.987689
      vertex 9.1994 22.5 0.987689
    endloop
  endfacet
  facet normal 0 1 0
    outer loop
      vertex 9.2 22.5 0.95
      vertex 6.8 22.5 0.95
      vertex 6.8006 22.5 0.987689
    endloop
  endfacet
  facet normal 0 1 -0
    outer loop
      vertex 9.1994 22.5 0.912311
      vertex 6.8 22.5 0.95
      vertex 9.2 22.5 0.95
    endloop
  endfacet
  facet normal 0 1 0
    outer loop
      vertex 9.1994 22.5 0.912311
      vertex 6.8006 22.5 0.912311
      vertex 6.8 22.5 0.95
    endloop
  endfacet
  facet normal 0 1 -0
    outer loop
      vertex 9.19763 22.5 0.874652
      vertex 6.8006 22.5 0.912311
      vertex 9.1994 22.5 0.912311
    endloop
  endfacet
  facet normal 0 1 0
    outer loop
      vertex 9.19763 22.5 0.874652
      vertex 6.80237 22.5 0.874652
      vertex 6.8006 22.5 0.912311
    endloop
  endfacet
  facet normal 0 1 -0
    outer loop
      vertex 9.19467 22.5 0.837085
      vertex 6.80237 22.5 0.874652
      vertex 9.19763 22.5 0.874652
    endloop
  endfacet
  facet normal 0 1 0
    outer loop
      vertex 9.19467 22.5 0.837085
      vertex 6.80533 22.5 0.837085
      vertex 6.80237 22.5 0.874652
    endloop
  endfacet
  facet normal 0 1 -0
    outer loop
      vertex 9.19054 22.5 0.799609
      vertex 6.80533 22.5 0.837085
      vertex 9.19467 22.5 0.837085
    endloop
  endfacet
  facet normal 0 1 0
    outer loop
      vertex 9.19054 22.5 0.799609
      vertex 6.80946 22.5 0.799609
      vertex 6.80533 22.5 0.837085
    endloop
  endfacet
  facet normal 0 1 -0
    outer loop
      vertex 9.18521 22.5 0.762286
      vertex 6.80946 22.5 0.799609
      vertex 9.19054 22.5 0.799609
    endloop
  endfacet
  facet normal 0 1 0
    outer loop
      vertex 9.18521 22.5 0.762286
      vertex 6.81479 22.5 0.762286
      vertex 6.80946 22.5 0.799609
    endloop
  endfacet
  facet normal 0 1 -0
    outer loop
      vertex 9.17874 22.5 0.725146
      vertex 6.81479 22.5 0.762286
      vertex 9.18521 22.5 0.762286
    endloop
  endfacet
  facet normal 0 1 0
    outer loop
      vertex 9.17874 22.5 0.725146
      vertex 6.82126 22.5 0.725146
      vertex 6.81479 22.5 0.762286
    endloop
  endfacet
  facet normal 0 1 -0
    outer loop
      vertex 9.1711 22.5 0.688235
      vertex 6.82126 22.5 0.725146
      vertex 9.17874 22.5 0.725146
    endloop
  endfacet
  facet normal 0 1 0
    outer loop
      vertex 9.1711 22.5 0.688235
      vertex 6.8289 22.5 0.688235
      vertex 6.82126 22.5 0.725146
    endloop
  endfacet
  facet normal 0 1 -0
    outer loop
      vertex 9.16229 22.5 0.651584
      vertex 6.8289 22.5 0.688235
      vertex 9.1711 22.5 0.688235
    endloop
  endfacet
  facet normal 0 1 0
    outer loop
      vertex 9.16229 22.5 0.651584
      vertex 6.83771 22.5 0.651584
      vertex 6.8289 22.5 0.688235
    endloop
  endfacet
  facet normal 0 1 -0
    outer loop
      vertex 9.15234 22.5 0.615222
      vertex 6.83771 22.5 0.651584
      vertex 9.16229 22.5 0.651584
    endloop
  endfacet
  facet normal 0 1 0
    outer loop
      vertex 9.15234 22.5 0.615222
      vertex 6.84766 22.5 0.615222
      vertex 6.83771 22.5 0.651584
    endloop
  endfacet
  facet normal 0 1 -0
    outer loop
      vertex 9.14127 22.5 0.579181
      vertex 6.84766 22.5 0.615222
      vertex 9.15234 22.5 0.615222
    endloop
  endfacet
  facet normal 0 1 0
    outer loop
      vertex 9.14127 22.5 0.579181
      vertex 6.85873 22.5 0.579181
      vertex 6.84766 22.5 0.615222
    endloop
  endfacet
  facet normal 0 1 -0
    outer loop
      vertex 9.12904 22.5 0.543521
      vertex 6.85873 22.5 0.579181
      vertex 9.14127 22.5 0.579181
    endloop
  endfacet
  facet normal 0 1 0
    outer loop
      vertex 9.12904 22.5 0.543521
      vertex 6.87096 22.5 0.543521
      vertex 6.85873 22.5 0.579181
    endloop
  endfacet
  facet normal 0 1 -0
    outer loop
      vertex 9.11572 22.5 0.508258
      vertex 6.87096 22.5 0.543521
      vertex 9.12904 22.5 0.543521
    endloop
  endfacet
  facet normal 0 1 0
    outer loop
      vertex 9.11572 22.5 0.508258
      vertex 6.88428 22.5 0.508258
      vertex 6.87096 22.5 0.543521
    endloop
  endfacet
  facet normal 0 1 -0
    outer loop
      vertex 9.1013 22.5 0.473437
      vertex 6.88428 22.5 0.508258
      vertex 9.11572 22.5 0.508258
    endloop
  endfacet
  facet normal 0 1 0
    outer loop
      vertex 9.1013 22.5 0.473437
      vertex 6.8987 22.5 0.473437
      vertex 6.88428 22.5 0.508258
    endloop
  endfacet
  facet normal 0 1 -0
    outer loop
      vertex 9.08578 22.5 0.439075
      vertex 6.8987 22.5 0.473437
      vertex 9.1013 22.5 0.473437
    endloop
  endfacet
  facet normal 0 1 0
    outer loop
      vertex 9.08578 22.5 0.439075
      vertex 6.91422 22.5 0.439075
      vertex 6.8987 22.5 0.473437
    endloop
  endfacet
  facet normal 0 1 -0
    outer loop
      vertex 9.0692 22.5 0.405215
      vertex 6.91422 22.5 0.439075
      vertex 9.08578 22.5 0.439075
    endloop
  endfacet
  facet normal 0 1 0
    outer loop
      vertex 9.0692 22.5 0.405215
      vertex 6.9308 22.5 0.405215
      vertex 6.91422 22.5 0.439075
    endloop
  endfacet
  facet normal 0 1 -0
    outer loop
      vertex 9.05156 22.5 0.371906
      vertex 6.9308 22.5 0.405215
      vertex 9.0692 22.5 0.405215
    endloop
  endfacet
  facet normal 0 1 0
    outer loop
      vertex 9.05156 22.5 0.371906
      vertex 6.94844 22.5 0.371906
      vertex 6.9308 22.5 0.405215
    endloop
  endfacet
  facet normal 0 1 -0
    outer loop
      vertex 9.03288 22.5 0.33916
      vertex 6.94844 22.5 0.371906
      vertex 9.05156 22.5 0.371906
    endloop
  endfacet
  facet normal 0 1 0
    outer loop
      vertex 9.03288 22.5 0.33916
      vertex 6.96712 22.5 0.33916
      vertex 6.94844 22.5 0.371906
    endloop
  endfacet
  facet normal 0 1 -0
    outer loop
      vertex 9.01318 22.5 0.30701
      vertex 6.96712 22.5 0.33916
      vertex 9.03288 22.5 0.33916
    endloop
  endfacet
  facet normal 0 1 0
    outer loop
      vertex 9.01318 22.5 0.30701
      vertex 6.98682 22.5 0.30701
      vertex 6.96712 22.5 0.33916
    endloop
  endfacet
  facet normal 0 1 -0
    outer loop
      vertex 8.99249 22.5 0.2755
      vertex 6.98682 22.5 0.30701
      vertex 9.01318 22.5 0.30701
    endloop
  endfacet
  facet normal 0 1 0
    outer loop
      vertex 8.99249 22.5 0.2755
      vertex 7.00751 22.5 0.2755
      vertex 6.98682 22.5 0.30701
    endloop
  endfacet
  facet normal 0 1 -0
    outer loop
      vertex 8.97081 22.5 0.244662
      vertex 7.00751 22.5 0.2755
      vertex 8.99249 22.5 0.2755
    endloop
  endfacet
  facet normal 0 1 0
    outer loop
      vertex 8.97081 22.5 0.244662
      vertex 7.02919 22.5 0.244662
      vertex 7.00751 22.5 0.2755
    endloop
  endfacet
  facet normal 0 1 -0
    outer loop
      vertex 8.94818 22.5 0.214526
      vertex 7.02919 22.5 0.244662
      vertex 8.97081 22.5 0.244662
    endloop
  endfacet
  facet normal 0 1 0
    outer loop
      vertex 8.94818 22.5 0.214526
      vertex 7.05182 22.5 0.214526
      vertex 7.02919 22.5 0.244662
    endloop
  endfacet
  facet normal 0 1 -0
    outer loop
      vertex 8.92461 22.5 0.185092
      vertex 7.05182 22.5 0.214526
      vertex 8.94818 22.5 0.214526
    endloop
  endfacet
  facet normal 0 1 0
    outer loop
      vertex 8.92461 22.5 0.185092
      vertex 7.07539 22.5 0.185092
      vertex 7.05182 22.5 0.214526
    endloop
  endfacet
  facet normal 0 1 -0
    outer loop
      vertex 8.90013 22.5 0.156436
      vertex 7.07539 22.5 0.185092
      vertex 8.92461 22.5 0.185092
    endloop
  endfacet
  facet normal 0 1 0
    outer loop
      vertex 8.90013 22.5 0.156436
      vertex 7.09987 22.5 0.156436
      vertex 7.07539 22.5 0.185092
    endloop
  endfacet
  facet normal 0 1 -0
    outer loop
      vertex 8.87476 22.5 0.128558
      vertex 7.09987 22.5 0.156436
      vertex 8.90013 22.5 0.156436
    endloop
  endfacet
  facet normal 0 1 0
    outer loop
      vertex 8.87476 22.5 0.128558
      vertex 7.12524 22.5 0.128558
      vertex 7.09987 22.5 0.156436
    endloop
  endfacet
  facet normal 0 1 -0
    outer loop
      vertex 8.84853 22.5 0.101474
      vertex 7.12524 22.5 0.128558
      vertex 8.87476 22.5 0.128558
    endloop
  endfacet
  facet normal 0 1 0
    outer loop
      vertex 8.84853 22.5 0.101474
      vertex 7.15147 22.5 0.101474
      vertex 7.12524 22.5 0.128558
    endloop
  endfacet
  facet normal 0 1 -0
    outer loop
      vertex 8.82144 22.5 0.0752441
      vertex 7.15147 22.5 0.101474
      vertex 8.84853 22.5 0.101474
    endloop
  endfacet
  facet normal 0 1 0
    outer loop
      vertex 8.82144 22.5 0.0752441
      vertex 7.17856 22.5 0.0752441
      vertex 7.15147 22.5 0.101474
    endloop
  endfacet
  facet normal 0 1 -0
    outer loop
      vertex 8.79356 22.5 0.0498688
      vertex 7.17856 22.5 0.0752441
      vertex 8.82144 22.5 0.0752441
    endloop
  endfacet
  facet normal 0 1 0
    outer loop
      vertex 8.79356 22.5 0.0498688
      vertex 7.20644 22.5 0.0498688
      vertex 7.17856 22.5 0.0752441
    endloop
  endfacet
  facet normal 0 1 -0
    outer loop
      vertex 8.76491 22.5 0.0253937
      vertex 7.20644 22.5 0.0498688
      vertex 8.79356 22.5 0.0498688
    endloop
  endfacet
  facet normal 0 1 0
    outer loop
      vertex 8.76491 22.5 0.0253937
      vertex 7.23509 22.5 0.0253937
      vertex 7.20644 22.5 0.0498688
    endloop
  endfacet
  facet normal 0 1 0
    outer loop
      vertex 8.73306 22.5 3.05176e-06
      vertex 8.76491 22.5 0.0253937
      vertex 8.73547 22.5 0.00181885
    endloop
  endfacet
  facet normal 0 1 0
    outer loop
      vertex 8.76491 22.5 0.0253937
      vertex 8.73306 22.5 3.05176e-06
      vertex 7.23509 22.5 0.0253937
    endloop
  endfacet
  facet normal 0 1 -0
    outer loop
      vertex 7.26694 22.5 3.05176e-06
      vertex 7.23509 22.5 0.0253937
      vertex 8.73306 22.5 3.05176e-06
    endloop
  endfacet
  facet normal 0 1 0
    outer loop
      vertex 7.23509 22.5 0.0253937
      vertex 7.26694 22.5 3.05176e-06
      vertex 7.26453 22.5 0.00181885
    endloop
  endfacet
  facet normal 0.852658 0 -0.522469
    outer loop
      vertex 9.03288 20 0.33916
      vertex 9.01318 22.5 0.30701
      vertex 9.03288 22.5 0.33916
    endloop
  endfacet
  facet normal 0.852658 0 -0.522469
    outer loop
      vertex 9.01318 22.5 0.30701
      vertex 9.03288 20 0.33916
      vertex 9.01318 20 0.30701
    endloop
  endfacet
  facet normal -0.835907 0 -0.548871
    outer loop
      vertex 7.00751 20 0.2755
      vertex 6.98682 22.5 0.30701
      vertex 7.00751 22.5 0.2755
    endloop
  endfacet
  facet normal -0.835907 -0 -0.548871
    outer loop
      vertex 6.98682 22.5 0.30701
      vertex 7.00751 20 0.2755
      vertex 6.98682 20 0.30701
    endloop
  endfacet
  facet normal -0.64961 2.76277e-19 0.760267
    outer loop
      vertex 7.20644 22.5 1.85013
      vertex 7.23509 20 1.87461
      vertex 7.23509 22.5 1.87461
    endloop
  endfacet
  facet normal -0.64961 2.76277e-19 0.760267
    outer loop
      vertex 7.23509 20 1.87461
      vertex 7.20644 22.5 1.85013
      vertex 7.20644 20 1.85013
    endloop
  endfacet
  facet normal 0.739592 0 -0.673056
    outer loop
      vertex 8.90013 20 0.156436
      vertex 8.87476 22.5 0.128558
      vertex 8.90013 22.5 0.156436
    endloop
  endfacet
  facet normal 0.739592 0 -0.673056
    outer loop
      vertex 8.87476 22.5 0.128558
      vertex 8.90013 20 0.156436
      vertex 8.87476 20 0.128558
    endloop
  endfacet
  facet normal 0.868609 0 -0.495499
    outer loop
      vertex 9.05156 20 0.371906
      vertex 9.03288 22.5 0.33916
      vertex 9.05156 22.5 0.371906
    endloop
  endfacet
  facet normal 0.868609 0 -0.495499
    outer loop
      vertex 9.03288 22.5 0.33916
      vertex 9.05156 20 0.371906
      vertex 9.03288 20 0.33916
    endloop
  endfacet
  facet normal 0.673106 3.19334e-19 -0.739546
    outer loop
      vertex 8.79356 20 0.0498688
      vertex 8.82144 22.5 0.0752441
      vertex 8.82144 20 0.0752441
    endloop
  endfacet
  facet normal 0.673106 3.19334e-19 -0.739546
    outer loop
      vertex 8.82144 22.5 0.0752441
      vertex 8.79356 20 0.0498688
      vertex 8.79356 22.5 0.0498688
    endloop
  endfacet
  facet normal 0.495453 -2.95615e-20 0.868635
    outer loop
      vertex 8.57809 22.5 2.00156
      vertex 8.61084 20 1.98288
      vertex 8.61084 22.5 1.98288
    endloop
  endfacet
  facet normal 0.495453 -2.95615e-20 0.868635
    outer loop
      vertex 8.61084 20 1.98288
      vertex 8.57809 22.5 2.00156
      vertex 8.57809 20 2.00156
    endloop
  endfacet
  facet normal -0.979243 0 -0.202688
    outer loop
      vertex 6.8289 20 0.688235
      vertex 6.82126 22.5 0.725146
      vertex 6.8289 22.5 0.688235
    endloop
  endfacet
  facet normal -0.979243 -0 -0.202688
    outer loop
      vertex 6.82126 22.5 0.725146
      vertex 6.8289 20 0.688235
      vertex 6.82126 20 0.725146
    endloop
  endfacet
  facet normal -0.993982 0 -0.109541
    outer loop
      vertex 6.80946 20 0.799609
      vertex 6.80533 22.5 0.837085
      vertex 6.80946 22.5 0.799609
    endloop
  endfacet
  facet normal -0.993982 -0 -0.109541
    outer loop
      vertex 6.80533 22.5 0.837085
      vertex 6.80946 20 0.799609
      vertex 6.80533 20 0.837085
    endloop
  endfacet
  facet normal 0.600552 7.95969e-20 0.799586
    outer loop
      vertex 8.70534 22.5 1.92081
      vertex 8.73547 20 1.89818
      vertex 8.73547 22.5 1.89818
    endloop
  endfacet
  facet normal 0.600552 7.95969e-20 0.799586
    outer loop
      vertex 8.73547 20 1.89818
      vertex 8.70534 22.5 1.92081
      vertex 8.70534 20 1.92081
    endloop
  endfacet
  facet normal -0.868609 0 -0.495499
    outer loop
      vertex 6.96712 20 0.33916
      vertex 6.94844 22.5 0.371906
      vertex 6.96712 22.5 0.33916
    endloop
  endfacet
  facet normal -0.868609 -0 -0.495499
    outer loop
      vertex 6.94844 22.5 0.371906
      vertex 6.96712 20 0.33916
      vertex 6.94844 20 0.371906
    endloop
  endfacet
  facet normal -0.868635 0 0.495453
    outer loop
      vertex 6.94844 20 1.52809
      vertex 6.96712 22.5 1.56084
      vertex 6.94844 22.5 1.52809
    endloop
  endfacet
  facet normal -0.868635 0 0.495453
    outer loop
      vertex 6.96712 22.5 1.56084
      vertex 6.94844 20 1.52809
      vertex 6.96712 20 1.56084
    endloop
  endfacet
  facet normal -0.998897 0 -0.0469489
    outer loop
      vertex 6.80237 20 0.874652
      vertex 6.8006 22.5 0.912311
      vertex 6.80237 22.5 0.874652
    endloop
  endfacet
  facet normal -0.998897 -0 -0.0469489
    outer loop
      vertex 6.8006 22.5 0.912311
      vertex 6.80237 20 0.874652
      vertex 6.8006 20 0.912311
    endloop
  endfacet
  facet normal -0.601759 1.42602e-20 -0.798678
    outer loop
      vertex 7.26453 20 0.00181885
      vertex 7.26694 22.5 3.05176e-06
      vertex 7.26694 20 3.05176e-06
    endloop
  endfacet
  facet normal -0.601759 1.42602e-20 -0.798678
    outer loop
      vertex 7.26694 22.5 3.05176e-06
      vertex 7.26453 20 0.00181885
      vertex 7.26453 22.5 0.00181885
    endloop
  endfacet
  facet normal 0.141384 -1.05843e-19 0.989955
    outer loop
      vertex 8.15039 22.5 2.14054
      vertex 8.18771 20 2.13521
      vertex 8.18771 22.5 2.13521
    endloop
  endfacet
  facet normal 0.141384 -1.05843e-19 0.989955
    outer loop
      vertex 8.18771 20 2.13521
      vertex 8.15039 22.5 2.14054
      vertex 8.15039 20 2.14054
    endloop
  endfacet
  facet normal 0.739616 -0 0.673029
    outer loop
      vertex 8.87476 20 1.77144
      vertex 8.90013 22.5 1.74356
      vertex 8.87476 22.5 1.77144
    endloop
  endfacet
  facet normal 0.739616 0 0.673029
    outer loop
      vertex 8.90013 22.5 1.74356
      vertex 8.87476 20 1.77144
      vertex 8.90013 20 1.74356
    endloop
  endfacet
  facet normal -0.955925 0 -0.293612
    outer loop
      vertex 6.85873 20 0.579181
      vertex 6.84766 22.5 0.615222
      vertex 6.85873 22.5 0.579181
    endloop
  endfacet
  facet normal -0.955925 -0 -0.293612
    outer loop
      vertex 6.84766 22.5 0.615222
      vertex 6.85873 20 0.579181
      vertex 6.84766 20 0.615222
    endloop
  endfacet
  facet normal 0.985163 -0 0.171621
    outer loop
      vertex 9.17874 20 1.17485
      vertex 9.18521 22.5 1.13771
      vertex 9.17874 22.5 1.17485
    endloop
  endfacet
  facet normal 0.985163 0 0.171621
    outer loop
      vertex 9.18521 22.5 1.13771
      vertex 9.17874 20 1.17485
      vertex 9.18521 20 1.13771
    endloop
  endfacet
  facet normal 0.998897 0 -0.0469489
    outer loop
      vertex 9.1994 20 0.912311
      vertex 9.19763 22.5 0.874652
      vertex 9.1994 22.5 0.912311
    endloop
  endfacet
  facet normal 0.998897 0 -0.0469489
    outer loop
      vertex 9.19763 22.5 0.874652
      vertex 9.1994 20 0.912311
      vertex 9.19763 20 0.874652
    endloop
  endfacet
  facet normal 0.923911 0 -0.382608
    outer loop
      vertex 9.11572 20 0.508258
      vertex 9.1013 22.5 0.473437
      vertex 9.11572 22.5 0.508258
    endloop
  endfacet
  facet normal 0.923911 0 -0.382608
    outer loop
      vertex 9.1013 22.5 0.473437
      vertex 9.11572 20 0.508258
      vertex 9.1013 20 0.473437
    endloop
  endfacet
  facet normal -0.141384 6.1732e-21 0.989955
    outer loop
      vertex 7.81229 22.5 2.13521
      vertex 7.84961 20 2.14054
      vertex 7.84961 22.5 2.14054
    endloop
  endfacet
  facet normal -0.141384 6.1732e-21 0.989955
    outer loop
      vertex 7.84961 20 2.14054
      vertex 7.81229 22.5 2.13521
      vertex 7.81229 20 2.13521
    endloop
  endfacet
  facet normal 0.818084 -0 0.575099
    outer loop
      vertex 8.97081 20 1.65534
      vertex 8.99249 22.5 1.6245
      vertex 8.97081 22.5 1.65534
    endloop
  endfacet
  facet normal 0.818084 0 0.575099
    outer loop
      vertex 8.99249 22.5 1.6245
      vertex 8.97081 20 1.65534
      vertex 8.99249 20 1.6245
    endloop
  endfacet
  facet normal 0.911354 0 -0.411624
    outer loop
      vertex 9.1013 20 0.473437
      vertex 9.08578 22.5 0.439075
      vertex 9.1013 22.5 0.473437
    endloop
  endfacet
  facet normal 0.911354 0 -0.411624
    outer loop
      vertex 9.08578 22.5 0.439075
      vertex 9.1013 20 0.473437
      vertex 9.08578 20 0.439075
    endloop
  endfacet
  facet normal -0.382617 -1.15406e-19 0.923907
    outer loop
      vertex 7.52344 22.5 2.0513
      vertex 7.55826 20 2.06572
      vertex 7.55826 22.5 2.06572
    endloop
  endfacet
  facet normal -0.382617 -1.15406e-19 0.923907
    outer loop
      vertex 7.55826 20 2.06572
      vertex 7.52344 22.5 2.0513
      vertex 7.52344 20 2.0513
    endloop
  endfacet
  facet normal 0.964541 0 -0.263934
    outer loop
      vertex 9.16229 20 0.651584
      vertex 9.15234 22.5 0.615222
      vertex 9.16229 22.5 0.651584
    endloop
  endfacet
  facet normal 0.964541 0 -0.263934
    outer loop
      vertex 9.15234 22.5 0.615222
      vertex 9.16229 20 0.651584
      vertex 9.15234 20 0.615222
    endloop
  endfacet
  facet normal -0.467997 -4.5869e-19 0.88373
    outer loop
      vertex 7.42191 22.5 2.00156
      vertex 7.45522 20 2.0192
      vertex 7.45522 22.5 2.0192
    endloop
  endfacet
  facet normal -0.467997 -4.5869e-19 0.88373
    outer loop
      vertex 7.45522 20 2.0192
      vertex 7.42191 22.5 2.00156
      vertex 7.42191 20 2.00156
    endloop
  endfacet
  facet normal 0.799586 -0 0.600552
    outer loop
      vertex 8.94818 20 1.68547
      vertex 8.97081 22.5 1.65534
      vertex 8.94818 22.5 1.68547
    endloop
  endfacet
  facet normal 0.799586 0 0.600552
    outer loop
      vertex 8.97081 22.5 1.65534
      vertex 8.94818 20 1.68547
      vertex 8.97081 20 1.65534
    endloop
  endfacet
  facet normal 0.780636 -0 0.624986
    outer loop
      vertex 8.92461 20 1.71491
      vertex 8.94818 22.5 1.68547
      vertex 8.92461 22.5 1.71491
    endloop
  endfacet
  facet normal 0.780636 0 0.624986
    outer loop
      vertex 8.94818 22.5 1.68547
      vertex 8.92461 20 1.71491
      vertex 8.94818 20 1.68547
    endloop
  endfacet
  facet normal 0.972317 -0 0.233664
    outer loop
      vertex 9.16229 20 1.24842
      vertex 9.1711 22.5 1.21176
      vertex 9.16229 22.5 1.24842
    endloop
  endfacet
  facet normal 0.972317 0 0.233664
    outer loop
      vertex 9.1711 22.5 1.21176
      vertex 9.16229 20 1.24842
      vertex 9.1711 20 1.21176
    endloop
  endfacet
  facet normal -0.109558 1.14053e-19 0.99398
    outer loop
      vertex 7.84961 22.5 2.14054
      vertex 7.88708 20 2.14467
      vertex 7.88708 22.5 2.14467
    endloop
  endfacet
  facet normal -0.109558 1.14053e-19 0.99398
    outer loop
      vertex 7.88708 20 2.14467
      vertex 7.84961 22.5 2.14054
      vertex 7.84961 20 2.14054
    endloop
  endfacet
  facet normal -0.202693 -1.57721e-19 0.979242
    outer loop
      vertex 7.73824 22.5 2.1211
      vertex 7.77515 20 2.12874
      vertex 7.77515 22.5 2.12874
    endloop
  endfacet
  facet normal -0.202693 -1.57721e-19 0.979242
    outer loop
      vertex 7.77515 20 2.12874
      vertex 7.73824 22.5 2.1211
      vertex 7.73824 20 2.1211
    endloop
  endfacet
  facet normal 0.985163 0 -0.171621
    outer loop
      vertex 9.18521 20 0.762286
      vertex 9.17874 22.5 0.725146
      vertex 9.18521 22.5 0.762286
    endloop
  endfacet
  facet normal 0.985163 0 -0.171621
    outer loop
      vertex 9.17874 22.5 0.725146
      vertex 9.18521 20 0.762286
      vertex 9.17874 20 0.725146
    endloop
  endfacet
  facet normal 0.324412 1.29005e-19 0.945916
    outer loop
      vertex 8.37082 22.5 2.09127
      vertex 8.40648 20 2.07904
      vertex 8.40648 22.5 2.07904
    endloop
  endfacet
  facet normal 0.324412 1.29005e-19 0.945916
    outer loop
      vertex 8.40648 20 2.07904
      vertex 8.37082 22.5 2.09127
      vertex 8.37082 20 2.09127
    endloop
  endfacet
  facet normal 0.467997 4.5869e-19 0.88373
    outer loop
      vertex 8.54478 22.5 2.0192
      vertex 8.57809 20 2.00156
      vertex 8.57809 22.5 2.00156
    endloop
  endfacet
  facet normal 0.467997 4.5869e-19 0.88373
    outer loop
      vertex 8.57809 20 2.00156
      vertex 8.54478 22.5 2.0192
      vertex 8.54478 20 2.0192
    endloop
  endfacet
  facet normal 0.673029 2.35783e-19 0.739616
    outer loop
      vertex 8.79356 22.5 1.85013
      vertex 8.82144 20 1.82476
      vertex 8.82144 22.5 1.82476
    endloop
  endfacet
  facet normal 0.673029 2.35783e-19 0.739616
    outer loop
      vertex 8.82144 20 1.82476
      vertex 8.79356 22.5 1.85013
      vertex 8.79356 20 1.85013
    endloop
  endfacet
  facet normal -0.0469476 -4.89163e-20 0.998897
    outer loop
      vertex 7.92465 22.5 2.14763
      vertex 7.96231 20 2.1494
      vertex 7.96231 22.5 2.1494
    endloop
  endfacet
  facet normal -0.0469476 -4.89163e-20 0.998897
    outer loop
      vertex 7.96231 20 2.1494
      vertex 7.92465 22.5 2.14763
      vertex 7.92465 20 2.14763
    endloop
  endfacet
  facet normal 0.835907 -0 0.548871
    outer loop
      vertex 8.99249 20 1.6245
      vertex 9.01318 22.5 1.59299
      vertex 8.99249 22.5 1.6245
    endloop
  endfacet
  facet normal 0.835907 0 0.548871
    outer loop
      vertex 9.01318 22.5 1.59299
      vertex 8.99249 20 1.6245
      vertex 9.01318 20 1.59299
    endloop
  endfacet
  facet normal 0.171621 -4.82648e-20 0.985163
    outer loop
      vertex 8.18771 22.5 2.13521
      vertex 8.22485 20 2.12874
      vertex 8.22485 22.5 2.12874
    endloop
  endfacet
  facet normal 0.171621 -4.82648e-20 0.985163
    outer loop
      vertex 8.22485 20 2.12874
      vertex 8.18771 22.5 2.13521
      vertex 8.18771 20 2.13521
    endloop
  endfacet
  facet normal 0.35339 -4.14352e-20 0.935476
    outer loop
      vertex 8.40648 22.5 2.07904
      vertex 8.44174 20 2.06572
      vertex 8.44174 22.5 2.06572
    endloop
  endfacet
  facet normal 0.35339 -4.14352e-20 0.935476
    outer loop
      vertex 8.44174 20 2.06572
      vertex 8.40648 22.5 2.07904
      vertex 8.40648 20 2.07904
    endloop
  endfacet
  facet normal 0.718341 0 -0.695691
    outer loop
      vertex 8.87476 20 0.128558
      vertex 8.84853 22.5 0.101474
      vertex 8.87476 22.5 0.128558
    endloop
  endfacet
  facet normal 0.718341 0 -0.695691
    outer loop
      vertex 8.84853 22.5 0.101474
      vertex 8.87476 20 0.128558
      vertex 8.84853 20 0.101474
    endloop
  endfacet
  facet normal 0.979242 -0 0.202693
    outer loop
      vertex 9.1711 20 1.21176
      vertex 9.17874 22.5 1.17485
      vertex 9.1711 22.5 1.21176
    endloop
  endfacet
  facet normal 0.979242 0 0.202693
    outer loop
      vertex 9.17874 22.5 1.17485
      vertex 9.1711 20 1.21176
      vertex 9.17874 20 1.17485
    endloop
  endfacet
  facet normal 0.411544 1.39937e-19 0.91139
    outer loop
      vertex 8.47656 22.5 2.0513
      vertex 8.51093 20 2.03578
      vertex 8.51093 22.5 2.03578
    endloop
  endfacet
  facet normal 0.411544 1.39937e-19 0.91139
    outer loop
      vertex 8.51093 20 2.03578
      vertex 8.47656 22.5 2.0513
      vertex 8.47656 20 2.0513
    endloop
  endfacet
  facet normal 0.575099 4.21509e-19 0.818084
    outer loop
      vertex 8.6745 22.5 1.94249
      vertex 8.70534 20 1.92081
      vertex 8.70534 22.5 1.92081
    endloop
  endfacet
  facet normal 0.575099 4.21509e-19 0.818084
    outer loop
      vertex 8.70534 20 1.92081
      vertex 8.6745 22.5 1.94249
      vertex 8.6745 20 1.94249
    endloop
  endfacet
  facet normal -0.0159173 1.07778e-20 0.999873
    outer loop
      vertex 7.96231 22.5 2.1494
      vertex 8 20 2.15
      vertex 8 22.5 2.15
    endloop
  endfacet
  facet normal -0.0159173 1.07778e-20 0.999873
    outer loop
      vertex 8 20 2.15
      vertex 7.96231 22.5 2.1494
      vertex 7.96231 20 2.1494
    endloop
  endfacet
  facet normal 0.996911 -0 0.0785429
    outer loop
      vertex 9.19467 20 1.06292
      vertex 9.19763 22.5 1.02535
      vertex 9.19467 22.5 1.06292
    endloop
  endfacet
  facet normal 0.996911 0 0.0785429
    outer loop
      vertex 9.19763 22.5 1.02535
      vertex 9.19467 20 1.06292
      vertex 9.19763 20 1.02535
    endloop
  endfacet
  facet normal -0.233664 7.5135e-20 0.972317
    outer loop
      vertex 7.70158 22.5 2.11229
      vertex 7.73824 20 2.1211
      vertex 7.73824 22.5 2.1211
    endloop
  endfacet
  facet normal -0.233664 7.5135e-20 0.972317
    outer loop
      vertex 7.73824 20 2.1211
      vertex 7.70158 22.5 2.11229
      vertex 7.70158 20 2.11229
    endloop
  endfacet
  facet normal 0.999873 -0 0.0159177
    outer loop
      vertex 9.1994 20 0.987689
      vertex 9.2 22.5 0.95
      vertex 9.1994 22.5 0.987689
    endloop
  endfacet
  facet normal 0.999873 0 0.0159177
    outer loop
      vertex 9.2 22.5 0.95
      vertex 9.1994 20 0.987689
      vertex 9.2 20 0.95
    endloop
  endfacet
  facet normal -0.964541 0 -0.263934
    outer loop
      vertex 6.84766 20 0.615222
      vertex 6.83771 22.5 0.651584
      vertex 6.84766 22.5 0.615222
    endloop
  endfacet
  facet normal -0.964541 -0 -0.263934
    outer loop
      vertex 6.83771 22.5 0.651584
      vertex 6.84766 20 0.615222
      vertex 6.83771 20 0.651584
    endloop
  endfacet
  facet normal 0.382617 1.15406e-19 0.923907
    outer loop
      vertex 8.44174 22.5 2.06572
      vertex 8.47656 20 2.0513
      vertex 8.47656 22.5 2.0513
    endloop
  endfacet
  facet normal 0.382617 1.15406e-19 0.923907
    outer loop
      vertex 8.47656 20 2.0513
      vertex 8.44174 22.5 2.06572
      vertex 8.44174 20 2.06572
    endloop
  endfacet
  facet normal 0.989955 -0 0.141384
    outer loop
      vertex 9.18521 20 1.13771
      vertex 9.19054 22.5 1.10039
      vertex 9.18521 22.5 1.13771
    endloop
  endfacet
  facet normal 0.989955 0 0.141384
    outer loop
      vertex 9.19054 22.5 1.10039
      vertex 9.18521 20 1.13771
      vertex 9.19054 20 1.10039
    endloop
  endfacet
  facet normal -0.324412 -1.29005e-19 0.945916
    outer loop
      vertex 7.59352 22.5 2.07904
      vertex 7.62918 20 2.09127
      vertex 7.62918 22.5 2.09127
    endloop
  endfacet
  facet normal -0.324412 -1.29005e-19 0.945916
    outer loop
      vertex 7.62918 20 2.09127
      vertex 7.59352 22.5 2.07904
      vertex 7.59352 20 2.07904
    endloop
  endfacet
  facet normal -0.945916 0 -0.324412
    outer loop
      vertex 6.87096 20 0.543521
      vertex 6.85873 22.5 0.579181
      vertex 6.87096 22.5 0.543521
    endloop
  endfacet
  facet normal -0.945916 -0 -0.324412
    outer loop
      vertex 6.85873 22.5 0.579181
      vertex 6.87096 20 0.543521
      vertex 6.85873 20 0.579181
    endloop
  endfacet
  facet normal 0.780574 0 -0.625064
    outer loop
      vertex 8.94818 20 0.214526
      vertex 8.92461 22.5 0.185092
      vertex 8.94818 22.5 0.214526
    endloop
  endfacet
  facet normal 0.780574 0 -0.625064
    outer loop
      vertex 8.92461 22.5 0.185092
      vertex 8.94818 20 0.214526
      vertex 8.92461 20 0.185092
    endloop
  endfacet
  facet normal 0.998897 -0 0.0469464
    outer loop
      vertex 9.19763 20 1.02535
      vertex 9.1994 22.5 0.987689
      vertex 9.19763 22.5 1.02535
    endloop
  endfacet
  facet normal 0.998897 0 0.0469464
    outer loop
      vertex 9.1994 22.5 0.987689
      vertex 9.19763 20 1.02535
      vertex 9.1994 20 0.987689
    endloop
  endfacet
  facet normal 0.945916 0 -0.324412
    outer loop
      vertex 9.14127 20 0.579181
      vertex 9.12904 22.5 0.543521
      vertex 9.14127 22.5 0.579181
    endloop
  endfacet
  facet normal 0.945916 0 -0.324412
    outer loop
      vertex 9.12904 22.5 0.543521
      vertex 9.14127 20 0.579181
      vertex 9.12904 20 0.543521
    endloop
  endfacet
  facet normal 0.898058 -0 0.439876
    outer loop
      vertex 9.0692 20 1.49478
      vertex 9.08578 22.5 1.46093
      vertex 9.0692 22.5 1.49478
    endloop
  endfacet
  facet normal 0.898058 0 0.439876
    outer loop
      vertex 9.08578 22.5 1.46093
      vertex 9.0692 20 1.49478
      vertex 9.08578 20 1.46093
    endloop
  endfacet
  facet normal -0.935486 0 -0.353364
    outer loop
      vertex 6.88428 20 0.508258
      vertex 6.87096 22.5 0.543521
      vertex 6.88428 22.5 0.508258
    endloop
  endfacet
  facet normal -0.935486 -0 -0.353364
    outer loop
      vertex 6.87096 22.5 0.543521
      vertex 6.88428 20 0.508258
      vertex 6.87096 20 0.543521
    endloop
  endfacet
  facet normal 0.263948 -2.20782e-19 0.964537
    outer loop
      vertex 8.29842 22.5 2.11229
      vertex 8.33478 20 2.10234
      vertex 8.33478 22.5 2.10234
    endloop
  endfacet
  facet normal 0.263948 -2.20782e-19 0.964537
    outer loop
      vertex 8.33478 20 2.10234
      vertex 8.29842 22.5 2.11229
      vertex 8.29842 20 2.11229
    endloop
  endfacet
  facet normal 0.29362 -9.03992e-20 0.955922
    outer loop
      vertex 8.33478 22.5 2.10234
      vertex 8.37082 20 2.09127
      vertex 8.37082 22.5 2.09127
    endloop
  endfacet
  facet normal 0.29362 -9.03992e-20 0.955922
    outer loop
      vertex 8.37082 20 2.09127
      vertex 8.33478 22.5 2.10234
      vertex 8.33478 20 2.10234
    endloop
  endfacet
  facet normal 0.935486 0 -0.353364
    outer loop
      vertex 9.12904 20 0.543521
      vertex 9.11572 22.5 0.508258
      vertex 9.12904 22.5 0.543521
    endloop
  endfacet
  facet normal 0.935486 0 -0.353364
    outer loop
      vertex 9.11572 22.5 0.508258
      vertex 9.12904 20 0.543521
      vertex 9.11572 20 0.508258
    endloop
  endfacet
  facet normal 0.868286 0 -0.496063
    outer loop
      vertex 9.70879 -4 0.0105927
      vertex 9.70274 20 3.05176e-06
      vertex 9.70879 20 0.0105927
    endloop
  endfacet
  facet normal 0.868286 0 -0.496063
    outer loop
      vertex 9.70274 20 3.05176e-06
      vertex 9.70879 -4 0.0105927
      vertex 9.70274 -4 3.05176e-06
    endloop
  endfacet
  facet normal 0.52242 1.09313e-20 0.852688
    outer loop
      vertex 8.99263 20 2.62844
      vertex 9.04486 -4 2.59644
      vertex 9.04486 20 2.59644
    endloop
  endfacet
  facet normal 0.52242 1.09313e-20 0.852688
    outer loop
      vertex 9.04486 -4 2.59644
      vertex 8.99263 20 2.62844
      vertex 8.99263 -4 2.62844
    endloop
  endfacet
  facet normal 0.955804 -0 0.294006
    outer loop
      vertex 9.85455 -4 1.55257
      vertex 9.87256 20 1.49402
      vertex 9.85455 20 1.55257
    endloop
  endfacet
  facet normal 0.955804 0 0.294006
    outer loop
      vertex 9.87256 20 1.49402
      vertex 9.85455 -4 1.55257
      vertex 9.87256 -4 1.49402
    endloop
  endfacet
  facet normal 0.911398 0 -0.411526
    outer loop
      vertex 9.78961 -4 0.175571
      vertex 9.7644 20 0.119739
      vertex 9.78961 20 0.175571
    endloop
  endfacet
  facet normal 0.911398 0 -0.411526
    outer loop
      vertex 9.7644 20 0.119739
      vertex 9.78961 -4 0.175571
      vertex 9.7644 -4 0.119739
    endloop
  endfacet
  facet normal 0.0156715 -2.042e-21 0.999877
    outer loop
      vertex 8 20 2.9
      vertex 8.06125 -4 2.89904
      vertex 8.06125 20 2.89904
    endloop
  endfacet
  facet normal 0.0156715 -2.042e-21 0.999877
    outer loop
      vertex 8.06125 -4 2.89904
      vertex 8 20 2.9
      vertex 8 -4 2.9
    endloop
  endfacet
  facet normal -0.0783694 -1.48824e-20 0.996924
    outer loop
      vertex 7.8165 20 2.89135
      vertex 7.87756 -4 2.89615
      vertex 7.87756 20 2.89615
    endloop
  endfacet
  facet normal -0.0783694 -1.48824e-20 0.996924
    outer loop
      vertex 7.87756 -4 2.89615
      vertex 7.8165 20 2.89135
      vertex 7.8165 -4 2.89135
    endloop
  endfacet
  facet normal 0.911392 -0 0.411539
    outer loop
      vertex 9.7644 -4 1.78026
      vertex 9.78961 20 1.72443
      vertex 9.7644 20 1.78026
    endloop
  endfacet
  facet normal 0.911392 0 0.411539
    outer loop
      vertex 9.78961 20 1.72443
      vertex 9.7644 -4 1.78026
      vertex 9.78961 -4 1.72443
    endloop
  endfacet
  facet normal 0.883736 -0 0.467985
    outer loop
      vertex 9.70879 -4 1.88941
      vertex 9.73746 20 1.83527
      vertex 9.70879 20 1.88941
    endloop
  endfacet
  facet normal 0.883736 0 0.467985
    outer loop
      vertex 9.73746 20 1.83527
      vertex 9.70879 -4 1.88941
      vertex 9.73746 -4 1.83527
    endloop
  endfacet
  facet normal -0.996924 0 0.0783694
    outer loop
      vertex 6.05385 -4 1.07244
      vertex 6.05865 20 1.1335
      vertex 6.05385 20 1.07244
    endloop
  endfacet
  facet normal -0.996924 0 0.0783694
    outer loop
      vertex 6.05865 20 1.1335
      vertex 6.05385 -4 1.07244
      vertex 6.05865 -4 1.1335
    endloop
  endfacet
  facet normal -0.780375 0 0.625312
    outer loop
      vertex 6.4592 -4 2.14516
      vertex 6.49751 20 2.19297
      vertex 6.4592 20 2.14516
    endloop
  endfacet
  facet normal -0.780375 0 0.625312
    outer loop
      vertex 6.49751 20 2.19297
      vertex 6.4592 -4 2.14516
      vertex 6.49751 -4 2.19297
    endloop
  endfacet
  facet normal 0.467985 -1.72163e-20 0.883736
    outer loop
      vertex 8.88527 20 2.68746
      vertex 8.93941 -4 2.65879
      vertex 8.93941 20 2.65879
    endloop
  endfacet
  facet normal 0.467985 -1.72163e-20 0.883736
    outer loop
      vertex 8.93941 -4 2.65879
      vertex 8.88527 20 2.68746
      vertex 8.88527 -4 2.68746
    endloop
  endfacet
  facet normal 0.625312 6.57692e-20 0.780375
    outer loop
      vertex 9.19516 20 2.4908
      vertex 9.24297 -4 2.45249
      vertex 9.24297 20 2.45249
    endloop
  endfacet
  facet normal 0.625312 6.57692e-20 0.780375
    outer loop
      vertex 9.24297 -4 2.45249
      vertex 9.19516 20 2.4908
      vertex 9.19516 -4 2.4908
    endloop
  endfacet
  facet normal 0.935338 0 -0.353755
    outer loop
      vertex 9.83472 -4 0.289462
      vertex 9.81305 20 0.232166
      vertex 9.83472 20 0.289462
    endloop
  endfacet
  facet normal 0.935338 0 -0.353755
    outer loop
      vertex 9.81305 20 0.232166
      vertex 9.83472 -4 0.289462
      vertex 9.81305 -4 0.232166
    endloop
  endfacet
  facet normal 0.998886 0 -0.0471789
    outer loop
      vertex 9.94904 -4 0.888751
      vertex 9.94615 20 0.827563
      vertex 9.94904 20 0.888751
    endloop
  endfacet
  facet normal 0.998886 0 -0.0471789
    outer loop
      vertex 9.94615 20 0.827563
      vertex 9.94904 -4 0.888751
      vertex 9.94615 -4 0.827563
    endloop
  endfacet
  facet normal 0.868675 -0 0.495383
    outer loop
      vertex 9.67844 -4 1.94263
      vertex 9.70879 20 1.88941
      vertex 9.67844 20 1.94263
    endloop
  endfacet
  facet normal 0.868675 0 0.495383
    outer loop
      vertex 9.70879 20 1.88941
      vertex 9.67844 -4 1.94263
      vertex 9.70879 -4 1.88941
    endloop
  endfacet
  facet normal 0.993945 -0 0.109876
    outer loop
      vertex 9.93462 -4 1.19438
      vertex 9.94135 20 1.1335
      vertex 9.93462 20 1.19438
    endloop
  endfacet
  facet normal 0.993945 0 0.109876
    outer loop
      vertex 9.94135 20 1.1335
      vertex 9.93462 -4 1.19438
      vertex 9.94135 -4 1.1335
    endloop
  endfacet
  facet normal -0.911392 0 0.411539
    outer loop
      vertex 6.21039 -4 1.72443
      vertex 6.2356 20 1.78026
      vertex 6.21039 20 1.72443
    endloop
  endfacet
  facet normal -0.911392 0 0.411539
    outer loop
      vertex 6.2356 20 1.78026
      vertex 6.21039 -4 1.72443
      vertex 6.2356 -4 1.78026
    endloop
  endfacet
  facet normal -0.911398 0 -0.411526
    outer loop
      vertex 6.2356 -4 0.119739
      vertex 6.21039 20 0.175571
      vertex 6.2356 20 0.119739
    endloop
  endfacet
  facet normal -0.911398 -0 -0.411526
    outer loop
      vertex 6.21039 20 0.175571
      vertex 6.2356 -4 0.119739
      vertex 6.21039 -4 0.175571
    endloop
  endfacet
  facet normal -0.935338 0 -0.353755
    outer loop
      vertex 6.18695 -4 0.232166
      vertex 6.16528 20 0.289462
      vertex 6.18695 20 0.232166
    endloop
  endfacet
  facet normal -0.935338 -0 -0.353755
    outer loop
      vertex 6.16528 20 0.289462
      vertex 6.18695 -4 0.232166
      vertex 6.16528 -4 0.289462
    endloop
  endfacet
  facet normal -0.695837 5.9095e-20 0.718199
    outer loop
      vertex 6.62115 20 2.32885
      vertex 6.66515 -4 2.37148
      vertex 6.66515 20 2.37148
    endloop
  endfacet
  facet normal -0.695837 5.9095e-20 0.718199
    outer loop
      vertex 6.66515 -4 2.37148
      vertex 6.62115 20 2.32885
      vertex 6.62115 -4 2.32885
    endloop
  endfacet
  facet normal -0.955801 0 -0.294015
    outer loop
      vertex 6.14545 -4 0.34743
      vertex 6.12744 20 0.405978
      vertex 6.14545 20 0.34743
    endloop
  endfacet
  facet normal -0.955801 -0 -0.294015
    outer loop
      vertex 6.12744 20 0.405978
      vertex 6.14545 -4 0.34743
      vertex 6.12744 -4 0.405978
    endloop
  endfacet
  facet normal 0.979228 0 -0.202761
    outer loop
      vertex 9.91545 -4 0.584613
      vertex 9.90303 20 0.524631
      vertex 9.91545 20 0.584613
    endloop
  endfacet
  facet normal 0.979228 0 -0.202761
    outer loop
      vertex 9.90303 20 0.524631
      vertex 9.91545 -4 0.584613
      vertex 9.90303 -4 0.524631
    endloop
  endfacet
  facet normal -0.649419 5.90162e-20 0.760431
    outer loop
      vertex 6.71045 20 2.41271
      vertex 6.75703 -4 2.45249
      vertex 6.75703 20 2.45249
    endloop
  endfacet
  facet normal -0.649419 5.90162e-20 0.760431
    outer loop
      vertex 6.75703 -4 2.45249
      vertex 6.71045 20 2.41271
      vertex 6.71045 -4 2.41271
    endloop
  endfacet
  facet normal 0.898086 -0 0.439819
    outer loop
      vertex 9.73746 -4 1.83527
      vertex 9.7644 20 1.78026
      vertex 9.73746 20 1.83527
    endloop
  endfacet
  facet normal 0.898086 0 0.439819
    outer loop
      vertex 9.7644 20 1.78026
      vertex 9.73746 -4 1.83527
      vertex 9.7644 -4 1.78026
    endloop
  endfacet
  facet normal 0.411539 -6.07708e-20 0.911392
    outer loop
      vertex 8.77443 20 2.73961
      vertex 8.83026 -4 2.7144
      vertex 8.83026 20 2.7144
    endloop
  endfacet
  facet normal 0.411539 -6.07708e-20 0.911392
    outer loop
      vertex 8.83026 -4 2.7144
      vertex 8.77443 20 2.73961
      vertex 8.77443 -4 2.73961
    endloop
  endfacet
  facet normal -0.818318 0 0.574765
    outer loop
      vertex 6.38721 -4 2.04605
      vertex 6.42242 20 2.09618
      vertex 6.38721 20 2.04605
    endloop
  endfacet
  facet normal -0.818318 0 0.574765
    outer loop
      vertex 6.42242 20 2.09618
      vertex 6.38721 -4 2.04605
      vertex 6.42242 -4 2.09618
    endloop
  endfacet
  facet normal -0.998887 0 0.0471774
    outer loop
      vertex 6.05096 -4 1.01125
      vertex 6.05385 20 1.07244
      vertex 6.05096 20 1.01125
    endloop
  endfacet
  facet normal -0.998887 0 0.0471774
    outer loop
      vertex 6.05385 20 1.07244
      vertex 6.05096 -4 1.01125
      vertex 6.05385 -4 1.07244
    endloop
  endfacet
  facet normal 0.439819 -2.67901e-20 0.898086
    outer loop
      vertex 8.83026 20 2.7144
      vertex 8.88527 -4 2.68746
      vertex 8.88527 20 2.68746
    endloop
  endfacet
  facet normal 0.439819 -2.67901e-20 0.898086
    outer loop
      vertex 8.88527 -4 2.68746
      vertex 8.83026 20 2.7144
      vertex 8.83026 -4 2.7144
    endloop
  endfacet
  facet normal -0.883736 0 0.467985
    outer loop
      vertex 6.26254 -4 1.83527
      vertex 6.29121 20 1.88941
      vertex 6.26254 20 1.83527
    endloop
  endfacet
  facet normal -0.883736 0 0.467985
    outer loop
      vertex 6.29121 20 1.88941
      vertex 6.26254 -4 1.83527
      vertex 6.29121 -4 1.88941
    endloop
  endfacet
  facet normal -0.999877 0 -0.0156718
    outer loop
      vertex 6.05096 -4 0.888751
      vertex 6.05 20 0.95
      vertex 6.05096 20 0.888751
    endloop
  endfacet
  facet normal -0.999877 -0 -0.0156718
    outer loop
      vertex 6.05 20 0.95
      vertex 6.05096 -4 0.888751
      vertex 6.05 -4 0.95
    endloop
  endfacet
  facet normal -0.852688 0 0.52242
    outer loop
      vertex 6.32156 -4 1.94263
      vertex 6.35356 20 1.99486
      vertex 6.32156 20 1.94263
    endloop
  endfacet
  facet normal -0.852688 0 0.52242
    outer loop
      vertex 6.35356 20 1.99486
      vertex 6.32156 -4 1.94263
      vertex 6.35356 -4 1.99486
    endloop
  endfacet
  facet normal -0.979228 0 -0.202761
    outer loop
      vertex 6.09697 -4 0.524631
      vertex 6.08455 20 0.584613
      vertex 6.09697 20 0.524631
    endloop
  endfacet
  facet normal -0.979228 -0 -0.202761
    outer loop
      vertex 6.08455 20 0.584613
      vertex 6.09697 -4 0.524631
      vertex 6.08455 -4 0.584613
    endloop
  endfacet
  facet normal -0.739548 0 0.673103
    outer loop
      vertex 6.53729 -4 2.23955
      vertex 6.57852 20 2.28485
      vertex 6.53729 20 2.23955
    endloop
  endfacet
  facet normal -0.739548 0 0.673103
    outer loop
      vertex 6.57852 20 2.28485
      vertex 6.53729 -4 2.23955
      vertex 6.57852 -4 2.28485
    endloop
  endfacet
  facet normal 0.760431 -0 0.649419
    outer loop
      vertex 9.46271 -4 2.23955
      vertex 9.50249 20 2.19297
      vertex 9.46271 20 2.23955
    endloop
  endfacet
  facet normal 0.760431 0 0.649419
    outer loop
      vertex 9.50249 20 2.19297
      vertex 9.46271 -4 2.23955
      vertex 9.50249 -4 2.19297
    endloop
  endfacet
  facet normal -0.993945 0 0.109876
    outer loop
      vertex 6.05865 -4 1.1335
      vertex 6.06538 20 1.19438
      vertex 6.05865 20 1.1335
    endloop
  endfacet
  facet normal -0.993945 0 0.109876
    outer loop
      vertex 6.06538 20 1.19438
      vertex 6.05865 -4 1.1335
      vertex 6.06538 -4 1.19438
    endloop
  endfacet
  facet normal -0.799647 0 0.60047
    outer loop
      vertex 6.42242 -4 2.09618
      vertex 6.4592 20 2.14516
      vertex 6.42242 20 2.09618
    endloop
  endfacet
  facet normal -0.799647 0 0.60047
    outer loop
      vertex 6.4592 20 2.14516
      vertex 6.42242 -4 2.09618
      vertex 6.4592 -4 2.14516
    endloop
  endfacet
  facet normal -0.88373 0 -0.467998
    outer loop
      vertex 6.29121 -4 0.0105927
      vertex 6.26254 20 0.0647308
      vertex 6.29121 20 0.0105927
    endloop
  endfacet
  facet normal -0.88373 -0 -0.467998
    outer loop
      vertex 6.26254 20 0.0647308
      vertex 6.29121 -4 0.0105927
      vertex 6.26254 -4 0.0647308
    endloop
  endfacet
  facet normal -0.898086 0 0.439819
    outer loop
      vertex 6.2356 -4 1.78026
      vertex 6.26254 20 1.83527
      vertex 6.2356 20 1.78026
    endloop
  endfacet
  facet normal -0.898086 0 0.439819
    outer loop
      vertex 6.26254 20 1.83527
      vertex 6.2356 -4 1.78026
      vertex 6.26254 -4 1.83527
    endloop
  endfacet
  facet normal -0.323661 -4.21794e-21 0.946173
    outer loop
      vertex 7.33946 20 2.78472
      vertex 7.39743 -4 2.80455
      vertex 7.39743 20 2.80455
    endloop
  endfacet
  facet normal -0.323661 -4.21794e-21 0.946173
    outer loop
      vertex 7.39743 -4 2.80455
      vertex 7.33946 20 2.78472
      vertex 7.33946 -4 2.78472
    endloop
  endfacet
  facet normal -0.999877 0 0.0156715
    outer loop
      vertex 6.05 -4 0.95
      vertex 6.05096 20 1.01125
      vertex 6.05 20 0.95
    endloop
  endfacet
  facet normal -0.999877 0 0.0156715
    outer loop
      vertex 6.05096 20 1.01125
      vertex 6.05 -4 0.95
      vertex 6.05096 -4 1.01125
    endloop
  endfacet
  facet normal 0.323661 3.72035e-20 0.946173
    outer loop
      vertex 8.60257 20 2.80455
      vertex 8.66054 -4 2.78472
      vertex 8.66054 20 2.78472
    endloop
  endfacet
  facet normal 0.323661 3.72035e-20 0.946173
    outer loop
      vertex 8.66054 -4 2.78472
      vertex 8.60257 20 2.80455
      vertex 8.60257 -4 2.80455
    endloop
  endfacet
  facet normal -0.760431 0 0.649419
    outer loop
      vertex 6.49751 -4 2.19297
      vertex 6.53729 20 2.23955
      vertex 6.49751 20 2.19297
    endloop
  endfacet
  facet normal -0.760431 0 0.649419
    outer loop
      vertex 6.53729 20 2.23955
      vertex 6.49751 -4 2.19297
      vertex 6.53729 -4 2.23955
    endloop
  endfacet
  facet normal 0.171885 -2.98935e-20 0.985117
    outer loop
      vertex 8.30504 20 2.87598
      vertex 8.36539 -4 2.86545
      vertex 8.36539 20 2.86545
    endloop
  endfacet
  facet normal 0.171885 -2.98935e-20 0.985117
    outer loop
      vertex 8.36539 -4 2.86545
      vertex 8.30504 20 2.87598
      vertex 8.30504 -4 2.87598
    endloop
  endfacet
  facet normal -0.382621 -3.45269e-20 0.923905
    outer loop
      vertex 7.22557 20 2.73961
      vertex 7.28217 -4 2.76305
      vertex 7.28217 20 2.76305
    endloop
  endfacet
  facet normal -0.382621 -3.45269e-20 0.923905
    outer loop
      vertex 7.28217 -4 2.76305
      vertex 7.22557 20 2.73961
      vertex 7.22557 -4 2.73961
    endloop
  endfacet
  facet normal 0.109876 5.16838e-21 0.993945
    outer loop
      vertex 8.1835 20 2.89135
      vertex 8.24438 -4 2.88462
      vertex 8.24438 20 2.88462
    endloop
  endfacet
  facet normal 0.109876 5.16838e-21 0.993945
    outer loop
      vertex 8.24438 -4 2.88462
      vertex 8.1835 20 2.89135
      vertex 8.1835 -4 2.89135
    endloop
  endfacet
  facet normal -0.495383 -3.4086e-20 0.868675
    outer loop
      vertex 7.00737 20 2.62844
      vertex 7.06059 -4 2.65879
      vertex 7.06059 20 2.65879
    endloop
  endfacet
  facet normal -0.495383 -3.4086e-20 0.868675
    outer loop
      vertex 7.06059 -4 2.65879
      vertex 7.00737 20 2.62844
      vertex 7.00737 -4 2.62844
    endloop
  endfacet
  facet normal -0.979227 0 0.202768
    outer loop
      vertex 6.08455 -4 1.31539
      vertex 6.09697 20 1.37537
      vertex 6.08455 20 1.31539
    endloop
  endfacet
  facet normal -0.979227 0 0.202768
    outer loop
      vertex 6.09697 20 1.37537
      vertex 6.08455 -4 1.31539
      vertex 6.09697 -4 1.37537
    endloop
  endfacet
  facet normal -0.868675 0 0.495383
    outer loop
      vertex 6.29121 -4 1.88941
      vertex 6.32156 20 1.94263
      vertex 6.29121 20 1.88941
    endloop
  endfacet
  facet normal -0.868675 0 0.495383
    outer loop
      vertex 6.32156 20 1.94263
      vertex 6.29121 -4 1.88941
      vertex 6.32156 -4 1.94263
    endloop
  endfacet
  facet normal -0.0471774 9.10103e-21 0.998887
    outer loop
      vertex 7.87756 20 2.89615
      vertex 7.93875 -4 2.89904
      vertex 7.93875 20 2.89904
    endloop
  endfacet
  facet normal -0.0471774 9.10103e-21 0.998887
    outer loop
      vertex 7.93875 -4 2.89904
      vertex 7.87756 20 2.89615
      vertex 7.87756 -4 2.89615
    endloop
  endfacet
  facet normal -0.52242 -1.09313e-20 0.852688
    outer loop
      vertex 6.95514 20 2.59644
      vertex 7.00737 -4 2.62844
      vertex 7.00737 20 2.62844
    endloop
  endfacet
  facet normal -0.52242 -1.09313e-20 0.852688
    outer loop
      vertex 7.00737 -4 2.62844
      vertex 6.95514 20 2.59644
      vertex 6.95514 -4 2.59644
    endloop
  endfacet
  facet normal -0.993946 0 -0.109871
    outer loop
      vertex 6.06538 -4 0.705615
      vertex 6.05865 20 0.766498
      vertex 6.06538 20 0.705615
    endloop
  endfacet
  facet normal -0.993946 -0 -0.109871
    outer loop
      vertex 6.05865 20 0.766498
      vertex 6.06538 -4 0.705615
      vertex 6.05865 -4 0.766498
    endloop
  endfacet
  facet normal 0.955801 0 -0.294015
    outer loop
      vertex 9.87256 -4 0.405978
      vertex 9.85455 20 0.34743
      vertex 9.87256 20 0.405978
    endloop
  endfacet
  facet normal 0.955801 0 -0.294015
    outer loop
      vertex 9.85455 20 0.34743
      vertex 9.87256 -4 0.405978
      vertex 9.85455 -4 0.34743
    endloop
  endfacet
  facet normal -0.835624 0 0.549302
    outer loop
      vertex 6.35356 -4 1.99486
      vertex 6.38721 20 2.04605
      vertex 6.35356 20 1.99486
    endloop
  endfacet
  facet normal -0.835624 0 0.549302
    outer loop
      vertex 6.38721 20 2.04605
      vertex 6.35356 -4 1.99486
      vertex 6.38721 -4 2.04605
    endloop
  endfacet
  facet normal 0.495383 -6.71392e-20 0.868675
    outer loop
      vertex 8.93941 20 2.65879
      vertex 8.99263 -4 2.62844
      vertex 8.99263 20 2.62844
    endloop
  endfacet
  facet normal 0.495383 -6.71392e-20 0.868675
    outer loop
      vertex 8.99263 -4 2.62844
      vertex 8.93941 20 2.65879
      vertex 8.93941 -4 2.65879
    endloop
  endfacet
  facet normal -0.923893 0 -0.38265
    outer loop
      vertex 6.21039 -4 0.175571
      vertex 6.18695 20 0.232166
      vertex 6.21039 20 0.175571
    endloop
  endfacet
  facet normal -0.923893 -0 -0.38265
    outer loop
      vertex 6.18695 20 0.232166
      vertex 6.21039 -4 0.175571
      vertex 6.18695 -4 0.232166
    endloop
  endfacet
  facet normal -0.353788 1.48589e-20 0.935326
    outer loop
      vertex 7.28217 20 2.76305
      vertex 7.33946 -4 2.78472
      vertex 7.33946 20 2.78472
    endloop
  endfacet
  facet normal -0.353788 1.48589e-20 0.935326
    outer loop
      vertex 7.33946 -4 2.78472
      vertex 7.28217 20 2.76305
      vertex 7.28217 -4 2.76305
    endloop
  endfacet
  facet normal 0.990008 -0 0.14101
    outer loop
      vertex 9.92598 -4 1.25504
      vertex 9.93462 20 1.19438
      vertex 9.92598 20 1.25504
    endloop
  endfacet
  facet normal 0.990008 0 0.14101
    outer loop
      vertex 9.93462 20 1.19438
      vertex 9.92598 -4 1.25504
      vertex 9.93462 -4 1.19438
    endloop
  endfacet
  facet normal -0.964528 0 -0.263979
    outer loop
      vertex 6.12744 -4 0.405978
      vertex 6.11127 20 0.46506
      vertex 6.12744 20 0.405978
    endloop
  endfacet
  facet normal -0.964528 -0 -0.263979
    outer loop
      vertex 6.11127 20 0.46506
      vertex 6.12744 -4 0.405978
      vertex 6.11127 -4 0.46506
    endloop
  endfacet
  facet normal 0.649419 -5.90162e-20 0.760431
    outer loop
      vertex 9.24297 20 2.45249
      vertex 9.28955 -4 2.41271
      vertex 9.28955 20 2.41271
    endloop
  endfacet
  facet normal 0.649419 -5.90162e-20 0.760431
    outer loop
      vertex 9.28955 -4 2.41271
      vertex 9.24297 20 2.45249
      vertex 9.24297 -4 2.45249
    endloop
  endfacet
  facet normal -0.439819 -6.96425e-20 0.898086
    outer loop
      vertex 7.11473 20 2.68746
      vertex 7.16974 -4 2.7144
      vertex 7.16974 20 2.7144
    endloop
  endfacet
  facet normal -0.439819 -6.96425e-20 0.898086
    outer loop
      vertex 7.16974 -4 2.7144
      vertex 7.11473 20 2.68746
      vertex 7.11473 -4 2.68746
    endloop
  endfacet
  facet normal -0.990008 0 0.14101
    outer loop
      vertex 6.06538 -4 1.19438
      vertex 6.07402 20 1.25504
      vertex 6.06538 20 1.19438
    endloop
  endfacet
  facet normal -0.990008 0 0.14101
    outer loop
      vertex 6.07402 20 1.25504
      vertex 6.06538 -4 1.19438
      vertex 6.07402 -4 1.25504
    endloop
  endfacet
  facet normal 0.294006 -3.24066e-20 0.955804
    outer loop
      vertex 8.54402 20 2.82256
      vertex 8.60257 -4 2.80455
      vertex 8.60257 20 2.80455
    endloop
  endfacet
  facet normal 0.294006 -3.24066e-20 0.955804
    outer loop
      vertex 8.60257 -4 2.80455
      vertex 8.54402 20 2.82256
      vertex 8.54402 -4 2.82256
    endloop
  endfacet
  facet normal -0.985116 0 -0.171888
    outer loop
      vertex 6.08455 -4 0.584613
      vertex 6.07402 20 0.644962
      vertex 6.08455 20 0.584613
    endloop
  endfacet
  facet normal -0.985116 -0 -0.171888
    outer loop
      vertex 6.07402 20 0.644962
      vertex 6.08455 -4 0.584613
      vertex 6.07402 -4 0.644962
    endloop
  endfacet
  facet normal 0.0783694 -8.83795e-21 0.996924
    outer loop
      vertex 8.12244 20 2.89615
      vertex 8.1835 -4 2.89135
      vertex 8.1835 20 2.89135
    endloop
  endfacet
  facet normal 0.0783694 -8.83795e-21 0.996924
    outer loop
      vertex 8.1835 -4 2.89135
      vertex 8.12244 20 2.89615
      vertex 8.12244 -4 2.89615
    endloop
  endfacet
  facet normal -0.996925 0 -0.078363
    outer loop
      vertex 6.05865 -4 0.766498
      vertex 6.05385 20 0.827563
      vertex 6.05865 20 0.766498
    endloop
  endfacet
  facet normal -0.996925 -0 -0.078363
    outer loop
      vertex 6.05385 20 0.827563
      vertex 6.05865 -4 0.766498
      vertex 6.05385 -4 0.827563
    endloop
  endfacet
  facet normal -0.625312 -6.57692e-20 0.780375
    outer loop
      vertex 6.75703 20 2.45249
      vertex 6.80484 -4 2.4908
      vertex 6.80484 20 2.4908
    endloop
  endfacet
  facet normal -0.625312 -6.57692e-20 0.780375
    outer loop
      vertex 6.80484 -4 2.4908
      vertex 6.75703 20 2.45249
      vertex 6.75703 -4 2.45249
    endloop
  endfacet
  facet normal -0.972376 0 -0.233419
    outer loop
      vertex 6.11127 -4 0.46506
      vertex 6.09697 20 0.524631
      vertex 6.11127 20 0.46506
    endloop
  endfacet
  facet normal -0.972376 -0 -0.233419
    outer loop
      vertex 6.09697 20 0.524631
      vertex 6.11127 -4 0.46506
      vertex 6.09697 -4 0.524631
    endloop
  endfacet
  facet normal -0.990006 0 -0.141026
    outer loop
      vertex 6.07402 -4 0.644962
      vertex 6.06538 20 0.705615
      vertex 6.07402 20 0.644962
    endloop
  endfacet
  facet normal -0.990006 -0 -0.141026
    outer loop
      vertex 6.06538 20 0.705615
      vertex 6.07402 -4 0.644962
      vertex 6.06538 -4 0.705615
    endloop
  endfacet
  facet normal -0.946173 0 0.323661
    outer loop
      vertex 6.14545 -4 1.55257
      vertex 6.16528 20 1.61054
      vertex 6.14545 20 1.55257
    endloop
  endfacet
  facet normal -0.946173 0 0.323661
    outer loop
      vertex 6.16528 20 1.61054
      vertex 6.14545 -4 1.55257
      vertex 6.16528 -4 1.61054
    endloop
  endfacet
  facet normal -0.972375 0 0.233422
    outer loop
      vertex 6.09697 -4 1.37537
      vertex 6.11127 20 1.43494
      vertex 6.09697 20 1.37537
    endloop
  endfacet
  facet normal -0.972375 0 0.233422
    outer loop
      vertex 6.11127 20 1.43494
      vertex 6.09697 -4 1.37537
      vertex 6.11127 -4 1.43494
    endloop
  endfacet
  facet normal 0.233422 -2.71408e-20 0.972375
    outer loop
      vertex 8.42537 20 2.85303
      vertex 8.48494 -4 2.83873
      vertex 8.48494 20 2.83873
    endloop
  endfacet
  facet normal 0.233422 -2.71408e-20 0.972375
    outer loop
      vertex 8.48494 -4 2.83873
      vertex 8.42537 20 2.85303
      vertex 8.42537 -4 2.85303
    endloop
  endfacet
  facet normal -0.998886 0 -0.0471789
    outer loop
      vertex 6.05385 -4 0.827563
      vertex 6.05096 20 0.888751
      vertex 6.05385 20 0.827563
    endloop
  endfacet
  facet normal -0.998886 -0 -0.0471789
    outer loop
      vertex 6.05096 20 0.888751
      vertex 6.05385 -4 0.827563
      vertex 6.05096 -4 0.888751
    endloop
  endfacet
  facet normal -0.868286 0 -0.496063
    outer loop
      vertex 6.29726 -4 3.05176e-06
      vertex 6.29121 20 0.0105927
      vertex 6.29726 20 3.05176e-06
    endloop
  endfacet
  facet normal -0.868286 -0 -0.496063
    outer loop
      vertex 6.29121 20 0.0105927
      vertex 6.29726 -4 3.05176e-06
      vertex 6.29121 -4 0.0105927
    endloop
  endfacet
  facet normal 0.60047 -3.22558e-20 0.799647
    outer loop
      vertex 9.14618 20 2.52758
      vertex 9.19516 -4 2.4908
      vertex 9.19516 20 2.4908
    endloop
  endfacet
  facet normal 0.60047 -3.22558e-20 0.799647
    outer loop
      vertex 9.19516 -4 2.4908
      vertex 9.14618 20 2.52758
      vertex 9.14618 -4 2.52758
    endloop
  endfacet
  facet normal 0.946173 -0 0.323661
    outer loop
      vertex 9.83472 -4 1.61054
      vertex 9.85455 20 1.55257
      vertex 9.83472 20 1.61054
    endloop
  endfacet
  facet normal 0.946173 0 0.323661
    outer loop
      vertex 9.85455 20 1.55257
      vertex 9.83472 -4 1.61054
      vertex 9.85455 -4 1.55257
    endloop
  endfacet
  facet normal 0.964526 -0 0.263988
    outer loop
      vertex 9.87256 -4 1.49402
      vertex 9.88873 20 1.43494
      vertex 9.87256 20 1.49402
    endloop
  endfacet
  facet normal 0.964526 0 0.263988
    outer loop
      vertex 9.88873 20 1.43494
      vertex 9.87256 -4 1.49402
      vertex 9.88873 -4 1.43494
    endloop
  endfacet
  facet normal 0.780375 -0 0.625312
    outer loop
      vertex 9.50249 -4 2.19297
      vertex 9.5408 20 2.14516
      vertex 9.50249 20 2.19297
    endloop
  endfacet
  facet normal 0.780375 0 0.625312
    outer loop
      vertex 9.5408 20 2.14516
      vertex 9.50249 -4 2.19297
      vertex 9.5408 -4 2.14516
    endloop
  endfacet
  facet normal -0.294006 3.24066e-20 0.955804
    outer loop
      vertex 7.39743 20 2.80455
      vertex 7.45598 -4 2.82256
      vertex 7.45598 20 2.82256
    endloop
  endfacet
  facet normal -0.294006 3.24066e-20 0.955804
    outer loop
      vertex 7.45598 -4 2.82256
      vertex 7.39743 20 2.80455
      vertex 7.39743 -4 2.80455
    endloop
  endfacet
  facet normal -0.935326 0 0.353788
    outer loop
      vertex 6.16528 -4 1.61054
      vertex 6.18695 20 1.66783
      vertex 6.16528 20 1.61054
    endloop
  endfacet
  facet normal -0.935326 0 0.353788
    outer loop
      vertex 6.18695 20 1.66783
      vertex 6.16528 -4 1.61054
      vertex 6.18695 -4 1.66783
    endloop
  endfacet
  facet normal -0.263988 -1.32172e-20 0.964526
    outer loop
      vertex 7.45598 20 2.82256
      vertex 7.51506 -4 2.83873
      vertex 7.51506 20 2.83873
    endloop
  endfacet
  facet normal -0.263988 -1.32172e-20 0.964526
    outer loop
      vertex 7.51506 -4 2.83873
      vertex 7.45598 20 2.82256
      vertex 7.45598 -4 2.82256
    endloop
  endfacet
  facet normal 0.0471774 -9.10103e-21 0.998887
    outer loop
      vertex 8.06125 20 2.89904
      vertex 8.12244 -4 2.89615
      vertex 8.12244 20 2.89615
    endloop
  endfacet
  facet normal 0.0471774 -9.10103e-21 0.998887
    outer loop
      vertex 8.12244 -4 2.89615
      vertex 8.06125 20 2.89904
      vertex 8.06125 -4 2.89904
    endloop
  endfacet
  facet normal -0.549302 -6.92385e-20 0.835624
    outer loop
      vertex 6.90395 20 2.56279
      vertex 6.95514 -4 2.59644
      vertex 6.95514 20 2.59644
    endloop
  endfacet
  facet normal -0.549302 -6.92385e-20 0.835624
    outer loop
      vertex 6.95514 -4 2.59644
      vertex 6.90395 20 2.56279
      vertex 6.90395 -4 2.56279
    endloop
  endfacet
  facet normal 0.972375 -0 0.233422
    outer loop
      vertex 9.88873 -4 1.43494
      vertex 9.90303 20 1.37537
      vertex 9.88873 20 1.43494
    endloop
  endfacet
  facet normal 0.972375 0 0.233422
    outer loop
      vertex 9.90303 20 1.37537
      vertex 9.88873 -4 1.43494
      vertex 9.90303 -4 1.37537
    endloop
  endfacet
  facet normal 0.382621 3.15064e-20 0.923905
    outer loop
      vertex 8.71783 20 2.76305
      vertex 8.77443 -4 2.73961
      vertex 8.77443 20 2.73961
    endloop
  endfacet
  facet normal 0.382621 3.15064e-20 0.923905
    outer loop
      vertex 8.77443 -4 2.73961
      vertex 8.71783 20 2.76305
      vertex 8.71783 -4 2.76305
    endloop
  endfacet
  facet normal 0.739548 -0 0.673103
    outer loop
      vertex 9.42148 -4 2.28485
      vertex 9.46271 20 2.23955
      vertex 9.42148 20 2.28485
    endloop
  endfacet
  facet normal 0.739548 0 0.673103
    outer loop
      vertex 9.46271 20 2.23955
      vertex 9.42148 -4 2.28485
      vertex 9.46271 -4 2.23955
    endloop
  endfacet
  facet normal -0.109876 -5.16838e-21 0.993945
    outer loop
      vertex 7.75562 20 2.88462
      vertex 7.8165 -4 2.89135
      vertex 7.8165 20 2.89135
    endloop
  endfacet
  facet normal -0.109876 -5.16838e-21 0.993945
    outer loop
      vertex 7.8165 -4 2.89135
      vertex 7.75562 20 2.88462
      vertex 7.75562 -4 2.88462
    endloop
  endfacet
  facet normal -0.0156715 1.25439e-21 0.999877
    outer loop
      vertex 7.93875 20 2.89904
      vertex 8 -4 2.9
      vertex 8 20 2.9
    endloop
  endfacet
  facet normal -0.0156715 1.25439e-21 0.999877
    outer loop
      vertex 8 -4 2.9
      vertex 7.93875 20 2.89904
      vertex 7.93875 -4 2.89904
    endloop
  endfacet
  facet normal -0.94617 0 -0.323671
    outer loop
      vertex 6.16528 -4 0.289462
      vertex 6.14545 20 0.34743
      vertex 6.16528 20 0.289462
    endloop
  endfacet
  facet normal -0.94617 -0 -0.323671
    outer loop
      vertex 6.14545 20 0.34743
      vertex 6.16528 -4 0.289462
      vertex 6.14545 -4 0.34743
    endloop
  endfacet
  facet normal 0.972376 0 -0.233419
    outer loop
      vertex 9.90303 -4 0.524631
      vertex 9.88873 20 0.46506
      vertex 9.90303 20 0.524631
    endloop
  endfacet
  facet normal 0.972376 0 -0.233419
    outer loop
      vertex 9.88873 20 0.46506
      vertex 9.90303 -4 0.524631
      vertex 9.88873 -4 0.46506
    endloop
  endfacet
  facet normal 0.263988 1.32172e-20 0.964526
    outer loop
      vertex 8.48494 20 2.83873
      vertex 8.54402 -4 2.82256
      vertex 8.54402 20 2.82256
    endloop
  endfacet
  facet normal 0.263988 1.32172e-20 0.964526
    outer loop
      vertex 8.54402 -4 2.82256
      vertex 8.48494 20 2.83873
      vertex 8.48494 -4 2.83873
    endloop
  endfacet
  facet normal -0.923905 0 0.382621
    outer loop
      vertex 6.18695 -4 1.66783
      vertex 6.21039 20 1.72443
      vertex 6.18695 20 1.66783
    endloop
  endfacet
  facet normal -0.923905 0 0.382621
    outer loop
      vertex 6.21039 20 1.72443
      vertex 6.18695 -4 1.66783
      vertex 6.21039 -4 1.72443
    endloop
  endfacet
  facet normal 0.935326 -0 0.353788
    outer loop
      vertex 9.81305 -4 1.66783
      vertex 9.83472 20 1.61054
      vertex 9.81305 20 1.66783
    endloop
  endfacet
  facet normal 0.935326 0 0.353788
    outer loop
      vertex 9.83472 20 1.61054
      vertex 9.81305 -4 1.66783
      vertex 9.83472 -4 1.61054
    endloop
  endfacet
  facet normal 0.964528 0 -0.263979
    outer loop
      vertex 9.88873 -4 0.46506
      vertex 9.87256 20 0.405978
      vertex 9.88873 20 0.46506
    endloop
  endfacet
  facet normal 0.964528 0 -0.263979
    outer loop
      vertex 9.87256 20 0.405978
      vertex 9.88873 -4 0.46506
      vertex 9.87256 -4 0.405978
    endloop
  endfacet
  facet normal -0.14101 -6.55555e-21 0.990008
    outer loop
      vertex 7.69496 20 2.87598
      vertex 7.75562 -4 2.88462
      vertex 7.75562 20 2.88462
    endloop
  endfacet
  facet normal -0.14101 -6.55555e-21 0.990008
    outer loop
      vertex 7.75562 -4 2.88462
      vertex 7.69496 20 2.87598
      vertex 7.69496 -4 2.87598
    endloop
  endfacet
  facet normal -0.985117 0 0.171885
    outer loop
      vertex 6.07402 -4 1.25504
      vertex 6.08455 20 1.31539
      vertex 6.07402 20 1.25504
    endloop
  endfacet
  facet normal -0.985117 0 0.171885
    outer loop
      vertex 6.08455 20 1.31539
      vertex 6.07402 -4 1.25504
      vertex 6.08455 -4 1.31539
    endloop
  endfacet
  facet normal 0.202768 -3.23529e-20 0.979227
    outer loop
      vertex 8.36539 20 2.86545
      vertex 8.42537 -4 2.85303
      vertex 8.42537 20 2.85303
    endloop
  endfacet
  facet normal 0.202768 -3.23529e-20 0.979227
    outer loop
      vertex 8.42537 -4 2.85303
      vertex 8.36539 20 2.86545
      vertex 8.36539 -4 2.86545
    endloop
  endfacet
  facet normal -0.898081 0 -0.439831
    outer loop
      vertex 6.26254 -4 0.0647308
      vertex 6.2356 20 0.119739
      vertex 6.26254 20 0.0647308
    endloop
  endfacet
  facet normal -0.898081 -0 -0.439831
    outer loop
      vertex 6.2356 20 0.119739
      vertex 6.26254 -4 0.0647308
      vertex 6.2356 -4 0.119739
    endloop
  endfacet
  facet normal -0.411539 6.07708e-20 0.911392
    outer loop
      vertex 7.16974 20 2.7144
      vertex 7.22557 -4 2.73961
      vertex 7.22557 20 2.73961
    endloop
  endfacet
  facet normal -0.411539 6.07708e-20 0.911392
    outer loop
      vertex 7.22557 -4 2.73961
      vertex 7.16974 20 2.7144
      vertex 7.16974 -4 2.7144
    endloop
  endfacet
  facet normal 0.353788 -1.48589e-20 0.935326
    outer loop
      vertex 8.66054 20 2.78472
      vertex 8.71783 -4 2.76305
      vertex 8.71783 20 2.76305
    endloop
  endfacet
  facet normal 0.353788 -1.48589e-20 0.935326
    outer loop
      vertex 8.71783 -4 2.76305
      vertex 8.66054 20 2.78472
      vertex 8.66054 -4 2.78472
    endloop
  endfacet
  facet normal 0.818318 -0 0.574765
    outer loop
      vertex 9.57758 -4 2.09618
      vertex 9.61279 20 2.04605
      vertex 9.57758 20 2.09618
    endloop
  endfacet
  facet normal 0.818318 0 0.574765
    outer loop
      vertex 9.61279 20 2.04605
      vertex 9.57758 -4 2.09618
      vertex 9.61279 -4 2.04605
    endloop
  endfacet
  facet normal -0.718199 0 0.695837
    outer loop
      vertex 6.57852 -4 2.28485
      vertex 6.62115 20 2.32885
      vertex 6.57852 20 2.28485
    endloop
  endfacet
  facet normal -0.718199 0 0.695837
    outer loop
      vertex 6.62115 20 2.32885
      vertex 6.57852 -4 2.28485
      vertex 6.62115 -4 2.32885
    endloop
  endfacet
  facet normal -0.673103 -2.85845e-20 0.739548
    outer loop
      vertex 6.66515 20 2.37148
      vertex 6.71045 -4 2.41271
      vertex 6.71045 20 2.41271
    endloop
  endfacet
  facet normal -0.673103 -2.85845e-20 0.739548
    outer loop
      vertex 6.71045 -4 2.41271
      vertex 6.66515 20 2.37148
      vertex 6.66515 -4 2.37148
    endloop
  endfacet
  facet normal 0.574765 -1.61461e-20 0.818318
    outer loop
      vertex 9.09605 20 2.56279
      vertex 9.14618 -4 2.52758
      vertex 9.14618 20 2.52758
    endloop
  endfacet
  facet normal 0.574765 -1.61461e-20 0.818318
    outer loop
      vertex 9.14618 -4 2.52758
      vertex 9.09605 20 2.56279
      vertex 9.09605 -4 2.56279
    endloop
  endfacet
  facet normal 0.923905 -0 0.382621
    outer loop
      vertex 9.78961 -4 1.72443
      vertex 9.81305 20 1.66783
      vertex 9.78961 20 1.72443
    endloop
  endfacet
  facet normal 0.923905 0 0.382621
    outer loop
      vertex 9.81305 20 1.66783
      vertex 9.78961 -4 1.72443
      vertex 9.81305 -4 1.66783
    endloop
  endfacet
  facet normal -0.964526 0 0.263988
    outer loop
      vertex 6.11127 -4 1.43494
      vertex 6.12744 20 1.49402
      vertex 6.11127 20 1.43494
    endloop
  endfacet
  facet normal -0.964526 0 0.263988
    outer loop
      vertex 6.12744 20 1.49402
      vertex 6.11127 -4 1.43494
      vertex 6.12744 -4 1.49402
    endloop
  endfacet
  facet normal -0.202768 1.35195e-20 0.979227
    outer loop
      vertex 7.57463 20 2.85303
      vertex 7.63461 -4 2.86545
      vertex 7.63461 20 2.86545
    endloop
  endfacet
  facet normal -0.202768 1.35195e-20 0.979227
    outer loop
      vertex 7.63461 -4 2.86545
      vertex 7.57463 20 2.85303
      vertex 7.57463 -4 2.85303
    endloop
  endfacet
  facet normal -0.233422 1.64042e-20 0.972375
    outer loop
      vertex 7.51506 20 2.83873
      vertex 7.57463 -4 2.85303
      vertex 7.57463 20 2.85303
    endloop
  endfacet
  facet normal -0.233422 1.64042e-20 0.972375
    outer loop
      vertex 7.57463 -4 2.85303
      vertex 7.51506 20 2.83873
      vertex 7.51506 -4 2.83873
    endloop
  endfacet
  facet normal 0.718199 -0 0.695837
    outer loop
      vertex 9.37885 -4 2.32885
      vertex 9.42148 20 2.28485
      vertex 9.37885 20 2.32885
    endloop
  endfacet
  facet normal 0.718199 0 0.695837
    outer loop
      vertex 9.42148 20 2.28485
      vertex 9.37885 -4 2.32885
      vertex 9.42148 -4 2.28485
    endloop
  endfacet
  facet normal 0.998887 -0 0.0471774
    outer loop
      vertex 9.94615 -4 1.07244
      vertex 9.94904 20 1.01125
      vertex 9.94615 20 1.07244
    endloop
  endfacet
  facet normal 0.998887 0 0.0471774
    outer loop
      vertex 9.94904 20 1.01125
      vertex 9.94615 -4 1.07244
      vertex 9.94904 -4 1.01125
    endloop
  endfacet
  facet normal -0.60047 -6.37526e-20 0.799647
    outer loop
      vertex 6.80484 20 2.4908
      vertex 6.85382 -4 2.52758
      vertex 6.85382 20 2.52758
    endloop
  endfacet
  facet normal -0.60047 -6.37526e-20 0.799647
    outer loop
      vertex 6.85382 -4 2.52758
      vertex 6.80484 20 2.4908
      vertex 6.80484 -4 2.4908
    endloop
  endfacet
  facet normal -0.574765 4.86169e-20 0.818318
    outer loop
      vertex 6.85382 20 2.52758
      vertex 6.90395 -4 2.56279
      vertex 6.90395 20 2.56279
    endloop
  endfacet
  facet normal -0.574765 4.86169e-20 0.818318
    outer loop
      vertex 6.90395 -4 2.56279
      vertex 6.85382 20 2.52758
      vertex 6.85382 -4 2.52758
    endloop
  endfacet
  facet normal 0.999877 -0 0.0156715
    outer loop
      vertex 9.94904 -4 1.01125
      vertex 9.95 20 0.95
      vertex 9.94904 20 1.01125
    endloop
  endfacet
  facet normal 0.999877 0 0.0156715
    outer loop
      vertex 9.95 20 0.95
      vertex 9.94904 -4 1.01125
      vertex 9.95 -4 0.95
    endloop
  endfacet
  facet normal 0.852688 -0 0.52242
    outer loop
      vertex 9.64644 -4 1.99486
      vertex 9.67844 20 1.94263
      vertex 9.64644 20 1.99486
    endloop
  endfacet
  facet normal 0.852688 0 0.52242
    outer loop
      vertex 9.67844 20 1.94263
      vertex 9.64644 -4 1.99486
      vertex 9.67844 -4 1.94263
    endloop
  endfacet
  facet normal 0.673103 1.06011e-20 0.739548
    outer loop
      vertex 9.28955 20 2.41271
      vertex 9.33485 -4 2.37148
      vertex 9.33485 20 2.37148
    endloop
  endfacet
  facet normal 0.673103 1.06011e-20 0.739548
    outer loop
      vertex 9.33485 -4 2.37148
      vertex 9.28955 20 2.41271
      vertex 9.28955 -4 2.41271
    endloop
  endfacet
  facet normal 0.14101 6.55555e-21 0.990008
    outer loop
      vertex 8.24438 20 2.88462
      vertex 8.30504 -4 2.87598
      vertex 8.30504 20 2.87598
    endloop
  endfacet
  facet normal 0.14101 6.55555e-21 0.990008
    outer loop
      vertex 8.30504 -4 2.87598
      vertex 8.24438 20 2.88462
      vertex 8.24438 -4 2.88462
    endloop
  endfacet
  facet normal 0.549302 6.92385e-20 0.835624
    outer loop
      vertex 9.04486 20 2.59644
      vertex 9.09605 -4 2.56279
      vertex 9.09605 20 2.56279
    endloop
  endfacet
  facet normal 0.549302 6.92385e-20 0.835624
    outer loop
      vertex 9.09605 -4 2.56279
      vertex 9.04486 20 2.59644
      vertex 9.04486 -4 2.59644
    endloop
  endfacet
  facet normal -0.955804 0 0.294006
    outer loop
      vertex 6.12744 -4 1.49402
      vertex 6.14545 20 1.55257
      vertex 6.12744 20 1.49402
    endloop
  endfacet
  facet normal -0.955804 0 0.294006
    outer loop
      vertex 6.14545 20 1.55257
      vertex 6.12744 -4 1.49402
      vertex 6.14545 -4 1.55257
    endloop
  endfacet
  facet normal 0.993946 0 -0.109871
    outer loop
      vertex 9.94135 -4 0.766498
      vertex 9.93462 20 0.705615
      vertex 9.94135 20 0.766498
    endloop
  endfacet
  facet normal 0.993946 0 -0.109871
    outer loop
      vertex 9.93462 20 0.705615
      vertex 9.94135 -4 0.766498
      vertex 9.93462 -4 0.705615
    endloop
  endfacet
  facet normal -0.171885 2.98935e-20 0.985117
    outer loop
      vertex 7.63461 20 2.86545
      vertex 7.69496 -4 2.87598
      vertex 7.69496 20 2.87598
    endloop
  endfacet
  facet normal -0.171885 2.98935e-20 0.985117
    outer loop
      vertex 7.69496 -4 2.87598
      vertex 7.63461 20 2.86545
      vertex 7.63461 -4 2.86545
    endloop
  endfacet
  facet normal 0.996925 0 -0.078363
    outer loop
      vertex 9.94615 -4 0.827563
      vertex 9.94135 20 0.766498
      vertex 9.94615 20 0.827563
    endloop
  endfacet
  facet normal 0.996925 0 -0.078363
    outer loop
      vertex 9.94135 20 0.766498
      vertex 9.94615 -4 0.827563
      vertex 9.94135 -4 0.766498
    endloop
  endfacet
  facet normal 0.94617 0 -0.323671
    outer loop
      vertex 9.85455 -4 0.34743
      vertex 9.83472 20 0.289462
      vertex 9.85455 20 0.34743
    endloop
  endfacet
  facet normal 0.94617 0 -0.323671
    outer loop
      vertex 9.83472 20 0.289462
      vertex 9.85455 -4 0.34743
      vertex 9.83472 -4 0.289462
    endloop
  endfacet
  facet normal 0 -1 0
    outer loop
      vertex 7.93875 -4 2.89904
      vertex 8.06125 -4 2.89904
      vertex 8 -4 2.9
    endloop
  endfacet
  facet normal 0 -1 0
    outer loop
      vertex 7.87756 -4 2.89615
      vertex 8.06125 -4 2.89904
      vertex 7.93875 -4 2.89904
    endloop
  endfacet
  facet normal 0 -1 0
    outer loop
      vertex 7.87756 -4 2.89615
      vertex 8.12244 -4 2.89615
      vertex 8.06125 -4 2.89904
    endloop
  endfacet
  facet normal 0 -1 0
    outer loop
      vertex 7.8165 -4 2.89135
      vertex 8.12244 -4 2.89615
      vertex 7.87756 -4 2.89615
    endloop
  endfacet
  facet normal 0 -1 0
    outer loop
      vertex 7.8165 -4 2.89135
      vertex 8.1835 -4 2.89135
      vertex 8.12244 -4 2.89615
    endloop
  endfacet
  facet normal 0 -1 0
    outer loop
      vertex 7.75562 -4 2.88462
      vertex 8.1835 -4 2.89135
      vertex 7.8165 -4 2.89135
    endloop
  endfacet
  facet normal 0 -1 0
    outer loop
      vertex 7.75562 -4 2.88462
      vertex 8.24438 -4 2.88462
      vertex 8.1835 -4 2.89135
    endloop
  endfacet
  facet normal 0 -1 0
    outer loop
      vertex 7.69496 -4 2.87598
      vertex 8.24438 -4 2.88462
      vertex 7.75562 -4 2.88462
    endloop
  endfacet
  facet normal 0 -1 0
    outer loop
      vertex 7.69496 -4 2.87598
      vertex 8.30504 -4 2.87598
      vertex 8.24438 -4 2.88462
    endloop
  endfacet
  facet normal 0 -1 0
    outer loop
      vertex 7.63461 -4 2.86545
      vertex 8.30504 -4 2.87598
      vertex 7.69496 -4 2.87598
    endloop
  endfacet
  facet normal 0 -1 0
    outer loop
      vertex 7.63461 -4 2.86545
      vertex 8.36539 -4 2.86545
      vertex 8.30504 -4 2.87598
    endloop
  endfacet
  facet normal 0 -1 0
    outer loop
      vertex 7.57463 -4 2.85303
      vertex 8.36539 -4 2.86545
      vertex 7.63461 -4 2.86545
    endloop
  endfacet
  facet normal 0 -1 0
    outer loop
      vertex 7.57463 -4 2.85303
      vertex 8.42537 -4 2.85303
      vertex 8.36539 -4 2.86545
    endloop
  endfacet
  facet normal 0 -1 0
    outer loop
      vertex 7.51506 -4 2.83873
      vertex 8.42537 -4 2.85303
      vertex 7.57463 -4 2.85303
    endloop
  endfacet
  facet normal 0 -1 0
    outer loop
      vertex 7.51506 -4 2.83873
      vertex 8.48494 -4 2.83873
      vertex 8.42537 -4 2.85303
    endloop
  endfacet
  facet normal 0 -1 0
    outer loop
      vertex 7.45598 -4 2.82256
      vertex 8.48494 -4 2.83873
      vertex 7.51506 -4 2.83873
    endloop
  endfacet
  facet normal 0 -1 0
    outer loop
      vertex 7.45598 -4 2.82256
      vertex 8.54402 -4 2.82256
      vertex 8.48494 -4 2.83873
    endloop
  endfacet
  facet normal 0 -1 0
    outer loop
      vertex 7.39743 -4 2.80455
      vertex 8.54402 -4 2.82256
      vertex 7.45598 -4 2.82256
    endloop
  endfacet
  facet normal 0 -1 0
    outer loop
      vertex 7.39743 -4 2.80455
      vertex 8.60257 -4 2.80455
      vertex 8.54402 -4 2.82256
    endloop
  endfacet
  facet normal 0 -1 0
    outer loop
      vertex 7.33946 -4 2.78472
      vertex 8.60257 -4 2.80455
      vertex 7.39743 -4 2.80455
    endloop
  endfacet
  facet normal 0 -1 0
    outer loop
      vertex 7.33946 -4 2.78472
      vertex 8.66054 -4 2.78472
      vertex 8.60257 -4 2.80455
    endloop
  endfacet
  facet normal 0 -1 0
    outer loop
      vertex 7.28217 -4 2.76305
      vertex 8.66054 -4 2.78472
      vertex 7.33946 -4 2.78472
    endloop
  endfacet
  facet normal 0 -1 0
    outer loop
      vertex 7.28217 -4 2.76305
      vertex 8.71783 -4 2.76305
      vertex 8.66054 -4 2.78472
    endloop
  endfacet
  facet normal 0 -1 0
    outer loop
      vertex 7.22557 -4 2.73961
      vertex 8.71783 -4 2.76305
      vertex 7.28217 -4 2.76305
    endloop
  endfacet
  facet normal 0 -1 0
    outer loop
      vertex 7.22557 -4 2.73961
      vertex 8.77443 -4 2.73961
      vertex 8.71783 -4 2.76305
    endloop
  endfacet
  facet normal 0 -1 0
    outer loop
      vertex 7.16974 -4 2.7144
      vertex 8.77443 -4 2.73961
      vertex 7.22557 -4 2.73961
    endloop
  endfacet
  facet normal 0 -1 0
    outer loop
      vertex 7.16974 -4 2.7144
      vertex 8.83026 -4 2.7144
      vertex 8.77443 -4 2.73961
    endloop
  endfacet
  facet normal 0 -1 0
    outer loop
      vertex 7.11473 -4 2.68746
      vertex 8.83026 -4 2.7144
      vertex 7.16974 -4 2.7144
    endloop
  endfacet
  facet normal 0 -1 0
    outer loop
      vertex 7.11473 -4 2.68746
      vertex 8.88527 -4 2.68746
      vertex 8.83026 -4 2.7144
    endloop
  endfacet
  facet normal 0 -1 0
    outer loop
      vertex 7.06059 -4 2.65879
      vertex 8.88527 -4 2.68746
      vertex 7.11473 -4 2.68746
    endloop
  endfacet
  facet normal 0 -1 0
    outer loop
      vertex 7.06059 -4 2.65879
      vertex 8.93941 -4 2.65879
      vertex 8.88527 -4 2.68746
    endloop
  endfacet
  facet normal 0 -1 0
    outer loop
      vertex 7.00737 -4 2.62844
      vertex 8.93941 -4 2.65879
      vertex 7.06059 -4 2.65879
    endloop
  endfacet
  facet normal 0 -1 0
    outer loop
      vertex 7.00737 -4 2.62844
      vertex 8.99263 -4 2.62844
      vertex 8.93941 -4 2.65879
    endloop
  endfacet
  facet normal 0 -1 0
    outer loop
      vertex 6.95514 -4 2.59644
      vertex 8.99263 -4 2.62844
      vertex 7.00737 -4 2.62844
    endloop
  endfacet
  facet normal 0 -1 0
    outer loop
      vertex 6.95514 -4 2.59644
      vertex 9.04486 -4 2.59644
      vertex 8.99263 -4 2.62844
    endloop
  endfacet
  facet normal 0 -1 0
    outer loop
      vertex 6.90395 -4 2.56279
      vertex 9.04486 -4 2.59644
      vertex 6.95514 -4 2.59644
    endloop
  endfacet
  facet normal 0 -1 0
    outer loop
      vertex 6.90395 -4 2.56279
      vertex 9.09605 -4 2.56279
      vertex 9.04486 -4 2.59644
    endloop
  endfacet
  facet normal 0 -1 0
    outer loop
      vertex 6.85382 -4 2.52758
      vertex 9.09605 -4 2.56279
      vertex 6.90395 -4 2.56279
    endloop
  endfacet
  facet normal 0 -1 0
    outer loop
      vertex 6.85382 -4 2.52758
      vertex 9.14618 -4 2.52758
      vertex 9.09605 -4 2.56279
    endloop
  endfacet
  facet normal 0 -1 0
    outer loop
      vertex 6.80484 -4 2.4908
      vertex 9.14618 -4 2.52758
      vertex 6.85382 -4 2.52758
    endloop
  endfacet
  facet normal 0 -1 0
    outer loop
      vertex 6.80484 -4 2.4908
      vertex 9.19516 -4 2.4908
      vertex 9.14618 -4 2.52758
    endloop
  endfacet
  facet normal 0 -1 0
    outer loop
      vertex 6.75703 -4 2.45249
      vertex 9.19516 -4 2.4908
      vertex 6.80484 -4 2.4908
    endloop
  endfacet
  facet normal 0 -1 0
    outer loop
      vertex 6.75703 -4 2.45249
      vertex 9.24297 -4 2.45249
      vertex 9.19516 -4 2.4908
    endloop
  endfacet
  facet normal 0 -1 0
    outer loop
      vertex 6.71045 -4 2.41271
      vertex 9.24297 -4 2.45249
      vertex 6.75703 -4 2.45249
    endloop
  endfacet
  facet normal 0 -1 0
    outer loop
      vertex 6.71045 -4 2.41271
      vertex 9.28955 -4 2.41271
      vertex 9.24297 -4 2.45249
    endloop
  endfacet
  facet normal 0 -1 0
    outer loop
      vertex 6.66515 -4 2.37148
      vertex 9.28955 -4 2.41271
      vertex 6.71045 -4 2.41271
    endloop
  endfacet
  facet normal 0 -1 0
    outer loop
      vertex 6.66515 -4 2.37148
      vertex 9.33485 -4 2.37148
      vertex 9.28955 -4 2.41271
    endloop
  endfacet
  facet normal 0 -1 0
    outer loop
      vertex 6.62115 -4 2.32885
      vertex 9.33485 -4 2.37148
      vertex 6.66515 -4 2.37148
    endloop
  endfacet
  facet normal 0 -1 0
    outer loop
      vertex 6.62115 -4 2.32885
      vertex 9.37885 -4 2.32885
      vertex 9.33485 -4 2.37148
    endloop
  endfacet
  facet normal 0 -1 0
    outer loop
      vertex 6.57852 -4 2.28485
      vertex 9.37885 -4 2.32885
      vertex 6.62115 -4 2.32885
    endloop
  endfacet
  facet normal 0 -1 0
    outer loop
      vertex 6.57852 -4 2.28485
      vertex 9.42148 -4 2.28485
      vertex 9.37885 -4 2.32885
    endloop
  endfacet
  facet normal 0 -1 0
    outer loop
      vertex 6.53729 -4 2.23955
      vertex 9.42148 -4 2.28485
      vertex 6.57852 -4 2.28485
    endloop
  endfacet
  facet normal 0 -1 0
    outer loop
      vertex 6.53729 -4 2.23955
      vertex 9.46271 -4 2.23955
      vertex 9.42148 -4 2.28485
    endloop
  endfacet
  facet normal 0 -1 0
    outer loop
      vertex 6.49751 -4 2.19297
      vertex 9.46271 -4 2.23955
      vertex 6.53729 -4 2.23955
    endloop
  endfacet
  facet normal 0 -1 0
    outer loop
      vertex 6.49751 -4 2.19297
      vertex 9.50249 -4 2.19297
      vertex 9.46271 -4 2.23955
    endloop
  endfacet
  facet normal 0 -1 0
    outer loop
      vertex 6.4592 -4 2.14516
      vertex 9.50249 -4 2.19297
      vertex 6.49751 -4 2.19297
    endloop
  endfacet
  facet normal 0 -1 0
    outer loop
      vertex 6.4592 -4 2.14516
      vertex 9.5408 -4 2.14516
      vertex 9.50249 -4 2.19297
    endloop
  endfacet
  facet normal 0 -1 0
    outer loop
      vertex 6.42242 -4 2.09618
      vertex 9.5408 -4 2.14516
      vertex 6.4592 -4 2.14516
    endloop
  endfacet
  facet normal 0 -1 0
    outer loop
      vertex 6.42242 -4 2.09618
      vertex 9.57758 -4 2.09618
      vertex 9.5408 -4 2.14516
    endloop
  endfacet
  facet normal 0 -1 0
    outer loop
      vertex 6.38721 -4 2.04605
      vertex 9.57758 -4 2.09618
      vertex 6.42242 -4 2.09618
    endloop
  endfacet
  facet normal 0 -1 0
    outer loop
      vertex 6.38721 -4 2.04605
      vertex 9.61279 -4 2.04605
      vertex 9.57758 -4 2.09618
    endloop
  endfacet
  facet normal 0 -1 0
    outer loop
      vertex 6.35356 -4 1.99486
      vertex 9.61279 -4 2.04605
      vertex 6.38721 -4 2.04605
    endloop
  endfacet
  facet normal 0 -1 0
    outer loop
      vertex 6.35356 -4 1.99486
      vertex 9.64644 -4 1.99486
      vertex 9.61279 -4 2.04605
    endloop
  endfacet
  facet normal 0 -1 0
    outer loop
      vertex 6.32156 -4 1.94263
      vertex 9.64644 -4 1.99486
      vertex 6.35356 -4 1.99486
    endloop
  endfacet
  facet normal 0 -1 0
    outer loop
      vertex 6.32156 -4 1.94263
      vertex 9.67844 -4 1.94263
      vertex 9.64644 -4 1.99486
    endloop
  endfacet
  facet normal 0 -1 0
    outer loop
      vertex 6.29121 -4 1.88941
      vertex 9.67844 -4 1.94263
      vertex 6.32156 -4 1.94263
    endloop
  endfacet
  facet normal 0 -1 0
    outer loop
      vertex 6.29121 -4 1.88941
      vertex 9.70879 -4 1.88941
      vertex 9.67844 -4 1.94263
    endloop
  endfacet
  facet normal 0 -1 0
    outer loop
      vertex 6.26254 -4 1.83527
      vertex 9.70879 -4 1.88941
      vertex 6.29121 -4 1.88941
    endloop
  endfacet
  facet normal 0 -1 0
    outer loop
      vertex 6.26254 -4 1.83527
      vertex 9.73746 -4 1.83527
      vertex 9.70879 -4 1.88941
    endloop
  endfacet
  facet normal 0 -1 0
    outer loop
      vertex 6.2356 -4 1.78026
      vertex 9.73746 -4 1.83527
      vertex 6.26254 -4 1.83527
    endloop
  endfacet
  facet normal 0 -1 0
    outer loop
      vertex 6.2356 -4 1.78026
      vertex 9.7644 -4 1.78026
      vertex 9.73746 -4 1.83527
    endloop
  endfacet
  facet normal 0 -1 0
    outer loop
      vertex 6.21039 -4 1.72443
      vertex 9.7644 -4 1.78026
      vertex 6.2356 -4 1.78026
    endloop
  endfacet
  facet normal 0 -1 0
    outer loop
      vertex 6.21039 -4 1.72443
      vertex 9.78961 -4 1.72443
      vertex 9.7644 -4 1.78026
    endloop
  endfacet
  facet normal 0 -1 0
    outer loop
      vertex 6.18695 -4 1.66783
      vertex 9.78961 -4 1.72443
      vertex 6.21039 -4 1.72443
    endloop
  endfacet
  facet normal 0 -1 0
    outer loop
      vertex 6.18695 -4 1.66783
      vertex 9.81305 -4 1.66783
      vertex 9.78961 -4 1.72443
    endloop
  endfacet
  facet normal 0 -1 0
    outer loop
      vertex 6.16528 -4 1.61054
      vertex 9.81305 -4 1.66783
      vertex 6.18695 -4 1.66783
    endloop
  endfacet
  facet normal 0 -1 0
    outer loop
      vertex 6.16528 -4 1.61054
      vertex 9.83472 -4 1.61054
      vertex 9.81305 -4 1.66783
    endloop
  endfacet
  facet normal 0 -1 0
    outer loop
      vertex 6.14545 -4 1.55257
      vertex 9.83472 -4 1.61054
      vertex 6.16528 -4 1.61054
    endloop
  endfacet
  facet normal 0 -1 0
    outer loop
      vertex 6.14545 -4 1.55257
      vertex 9.85455 -4 1.55257
      vertex 9.83472 -4 1.61054
    endloop
  endfacet
  facet normal 0 -1 0
    outer loop
      vertex 6.12744 -4 1.49402
      vertex 9.85455 -4 1.55257
      vertex 6.14545 -4 1.55257
    endloop
  endfacet
  facet normal 0 -1 0
    outer loop
      vertex 6.12744 -4 1.49402
      vertex 9.87256 -4 1.49402
      vertex 9.85455 -4 1.55257
    endloop
  endfacet
  facet normal 0 -1 0
    outer loop
      vertex 6.11127 -4 1.43494
      vertex 9.87256 -4 1.49402
      vertex 6.12744 -4 1.49402
    endloop
  endfacet
  facet normal 0 -1 0
    outer loop
      vertex 6.11127 -4 1.43494
      vertex 9.88873 -4 1.43494
      vertex 9.87256 -4 1.49402
    endloop
  endfacet
  facet normal 0 -1 0
    outer loop
      vertex 6.09697 -4 1.37537
      vertex 9.88873 -4 1.43494
      vertex 6.11127 -4 1.43494
    endloop
  endfacet
  facet normal 0 -1 0
    outer loop
      vertex 6.09697 -4 1.37537
      vertex 9.90303 -4 1.37537
      vertex 9.88873 -4 1.43494
    endloop
  endfacet
  facet normal 0 -1 0
    outer loop
      vertex 6.08455 -4 1.31539
      vertex 9.90303 -4 1.37537
      vertex 6.09697 -4 1.37537
    endloop
  endfacet
  facet normal 0 -1 0
    outer loop
      vertex 6.08455 -4 1.31539
      vertex 9.91545 -4 1.31539
      vertex 9.90303 -4 1.37537
    endloop
  endfacet
  facet normal 0 -1 0
    outer loop
      vertex 6.07402 -4 1.25504
      vertex 9.91545 -4 1.31539
      vertex 6.08455 -4 1.31539
    endloop
  endfacet
  facet normal 0 -1 0
    outer loop
      vertex 6.07402 -4 1.25504
      vertex 9.92598 -4 1.25504
      vertex 9.91545 -4 1.31539
    endloop
  endfacet
  facet normal 0 -1 0
    outer loop
      vertex 6.06538 -4 1.19438
      vertex 9.92598 -4 1.25504
      vertex 6.07402 -4 1.25504
    endloop
  endfacet
  facet normal 0 -1 0
    outer loop
      vertex 6.06538 -4 1.19438
      vertex 9.93462 -4 1.19438
      vertex 9.92598 -4 1.25504
    endloop
  endfacet
  facet normal 0 -1 0
    outer loop
      vertex 6.05865 -4 1.1335
      vertex 9.93462 -4 1.19438
      vertex 6.06538 -4 1.19438
    endloop
  endfacet
  facet normal 0 -1 0
    outer loop
      vertex 6.05865 -4 1.1335
      vertex 9.94135 -4 1.1335
      vertex 9.93462 -4 1.19438
    endloop
  endfacet
  facet normal 0 -1 0
    outer loop
      vertex 6.05385 -4 1.07244
      vertex 9.94135 -4 1.1335
      vertex 6.05865 -4 1.1335
    endloop
  endfacet
  facet normal 0 -1 0
    outer loop
      vertex 6.05385 -4 1.07244
      vertex 9.94615 -4 1.07244
      vertex 9.94135 -4 1.1335
    endloop
  endfacet
  facet normal 0 -1 0
    outer loop
      vertex 6.05096 -4 1.01125
      vertex 9.94615 -4 1.07244
      vertex 6.05385 -4 1.07244
    endloop
  endfacet
  facet normal 0 -1 0
    outer loop
      vertex 6.05096 -4 1.01125
      vertex 9.94904 -4 1.01125
      vertex 9.94615 -4 1.07244
    endloop
  endfacet
  facet normal 0 -1 0
    outer loop
      vertex 6.05 -4 0.95
      vertex 9.94904 -4 1.01125
      vertex 6.05096 -4 1.01125
    endloop
  endfacet
  facet normal 0 -1 0
    outer loop
      vertex 6.05 -4 0.95
      vertex 9.95 -4 0.95
      vertex 9.94904 -4 1.01125
    endloop
  endfacet
  facet normal 0 -1 0
    outer loop
      vertex 6.05096 -4 0.888751
      vertex 9.95 -4 0.95
      vertex 6.05 -4 0.95
    endloop
  endfacet
  facet normal 0 -1 0
    outer loop
      vertex 6.05096 -4 0.888751
      vertex 9.94904 -4 0.888751
      vertex 9.95 -4 0.95
    endloop
  endfacet
  facet normal 0 -1 0
    outer loop
      vertex 6.05385 -4 0.827563
      vertex 9.94904 -4 0.888751
      vertex 6.05096 -4 0.888751
    endloop
  endfacet
  facet normal 0 -1 0
    outer loop
      vertex 6.05385 -4 0.827563
      vertex 9.94615 -4 0.827563
      vertex 9.94904 -4 0.888751
    endloop
  endfacet
  facet normal 0 -1 0
    outer loop
      vertex 6.05865 -4 0.766498
      vertex 9.94615 -4 0.827563
      vertex 6.05385 -4 0.827563
    endloop
  endfacet
  facet normal 0 -1 0
    outer loop
      vertex 6.05865 -4 0.766498
      vertex 9.94135 -4 0.766498
      vertex 9.94615 -4 0.827563
    endloop
  endfacet
  facet normal 0 -1 0
    outer loop
      vertex 6.06538 -4 0.705615
      vertex 9.94135 -4 0.766498
      vertex 6.05865 -4 0.766498
    endloop
  endfacet
  facet normal 0 -1 0
    outer loop
      vertex 6.06538 -4 0.705615
      vertex 9.93462 -4 0.705615
      vertex 9.94135 -4 0.766498
    endloop
  endfacet
  facet normal 0 -1 0
    outer loop
      vertex 6.07402 -4 0.644962
      vertex 9.93462 -4 0.705615
      vertex 6.06538 -4 0.705615
    endloop
  endfacet
  facet normal 0 -1 0
    outer loop
      vertex 6.07402 -4 0.644962
      vertex 9.92598 -4 0.644962
      vertex 9.93462 -4 0.705615
    endloop
  endfacet
  facet normal 0 -1 0
    outer loop
      vertex 6.08455 -4 0.584613
      vertex 9.92598 -4 0.644962
      vertex 6.07402 -4 0.644962
    endloop
  endfacet
  facet normal 0 -1 0
    outer loop
      vertex 6.08455 -4 0.584613
      vertex 9.91545 -4 0.584613
      vertex 9.92598 -4 0.644962
    endloop
  endfacet
  facet normal 0 -1 0
    outer loop
      vertex 6.09697 -4 0.524631
      vertex 9.91545 -4 0.584613
      vertex 6.08455 -4 0.584613
    endloop
  endfacet
  facet normal 0 -1 0
    outer loop
      vertex 6.09697 -4 0.524631
      vertex 9.90303 -4 0.524631
      vertex 9.91545 -4 0.584613
    endloop
  endfacet
  facet normal 0 -1 0
    outer loop
      vertex 6.11127 -4 0.46506
      vertex 9.90303 -4 0.524631
      vertex 6.09697 -4 0.524631
    endloop
  endfacet
  facet normal 0 -1 0
    outer loop
      vertex 6.11127 -4 0.46506
      vertex 9.88873 -4 0.46506
      vertex 9.90303 -4 0.524631
    endloop
  endfacet
  facet normal 0 -1 0
    outer loop
      vertex 6.12744 -4 0.405978
      vertex 9.88873 -4 0.46506
      vertex 6.11127 -4 0.46506
    endloop
  endfacet
  facet normal 0 -1 0
    outer loop
      vertex 6.12744 -4 0.405978
      vertex 9.87256 -4 0.405978
      vertex 9.88873 -4 0.46506
    endloop
  endfacet
  facet normal 0 -1 0
    outer loop
      vertex 6.14545 -4 0.34743
      vertex 9.87256 -4 0.405978
      vertex 6.12744 -4 0.405978
    endloop
  endfacet
  facet normal 0 -1 0
    outer loop
      vertex 6.14545 -4 0.34743
      vertex 9.85455 -4 0.34743
      vertex 9.87256 -4 0.405978
    endloop
  endfacet
  facet normal 0 -1 0
    outer loop
      vertex 6.16528 -4 0.289462
      vertex 9.85455 -4 0.34743
      vertex 6.14545 -4 0.34743
    endloop
  endfacet
  facet normal 0 -1 0
    outer loop
      vertex 6.16528 -4 0.289462
      vertex 9.83472 -4 0.289462
      vertex 9.85455 -4 0.34743
    endloop
  endfacet
  facet normal 0 -1 0
    outer loop
      vertex 6.18695 -4 0.232166
      vertex 9.83472 -4 0.289462
      vertex 6.16528 -4 0.289462
    endloop
  endfacet
  facet normal 0 -1 0
    outer loop
      vertex 6.18695 -4 0.232166
      vertex 9.81305 -4 0.232166
      vertex 9.83472 -4 0.289462
    endloop
  endfacet
  facet normal 0 -1 0
    outer loop
      vertex 6.21039 -4 0.175571
      vertex 9.81305 -4 0.232166
      vertex 6.18695 -4 0.232166
    endloop
  endfacet
  facet normal 0 -1 0
    outer loop
      vertex 6.21039 -4 0.175571
      vertex 9.78961 -4 0.175571
      vertex 9.81305 -4 0.232166
    endloop
  endfacet
  facet normal 0 -1 0
    outer loop
      vertex 6.2356 -4 0.119739
      vertex 9.78961 -4 0.175571
      vertex 6.21039 -4 0.175571
    endloop
  endfacet
  facet normal 0 -1 0
    outer loop
      vertex 6.2356 -4 0.119739
      vertex 9.7644 -4 0.119739
      vertex 9.78961 -4 0.175571
    endloop
  endfacet
  facet normal 0 -1 0
    outer loop
      vertex 6.26254 -4 0.0647308
      vertex 9.7644 -4 0.119739
      vertex 6.2356 -4 0.119739
    endloop
  endfacet
  facet normal 0 -1 0
    outer loop
      vertex 6.26254 -4 0.0647308
      vertex 9.73746 -4 0.0647308
      vertex 9.7644 -4 0.119739
    endloop
  endfacet
  facet normal 0 -1 0
    outer loop
      vertex 6.29726 -4 3.05176e-06
      vertex 6.26254 -4 0.0647308
      vertex 6.29121 -4 0.0105927
    endloop
  endfacet
  facet normal 0 -1 0
    outer loop
      vertex 6.26254 -4 0.0647308
      vertex 6.29726 -4 3.05176e-06
      vertex 9.73746 -4 0.0647308
    endloop
  endfacet
  facet normal 0 -1 0
    outer loop
      vertex 9.70274 -4 3.05176e-06
      vertex 9.73746 -4 0.0647308
      vertex 6.29726 -4 3.05176e-06
    endloop
  endfacet
  facet normal 0 -1 0
    outer loop
      vertex 9.73746 -4 0.0647308
      vertex 9.70274 -4 3.05176e-06
      vertex 9.70879 -4 0.0105927
    endloop
  endfacet
  facet normal 0.799647 -0 0.60047
    outer loop
      vertex 9.5408 -4 2.14516
      vertex 9.57758 20 2.09618
      vertex 9.5408 20 2.14516
    endloop
  endfacet
  facet normal 0.799647 0 0.60047
    outer loop
      vertex 9.57758 20 2.09618
      vertex 9.5408 -4 2.14516
      vertex 9.57758 -4 2.09618
    endloop
  endfacet
  facet normal -0.467985 -4.65423e-20 0.883736
    outer loop
      vertex 7.06059 20 2.65879
      vertex 7.11473 -4 2.68746
      vertex 7.11473 20 2.68746
    endloop
  endfacet
  facet normal -0.467985 -4.65423e-20 0.883736
    outer loop
      vertex 7.11473 -4 2.68746
      vertex 7.06059 20 2.65879
      vertex 7.06059 -4 2.65879
    endloop
  endfacet
  facet normal 0.835624 -0 0.549302
    outer loop
      vertex 9.61279 -4 2.04605
      vertex 9.64644 20 1.99486
      vertex 9.61279 20 2.04605
    endloop
  endfacet
  facet normal 0.835624 0 0.549302
    outer loop
      vertex 9.64644 20 1.99486
      vertex 9.61279 -4 2.04605
      vertex 9.64644 -4 1.99486
    endloop
  endfacet
  facet normal 0.990006 0 -0.141026
    outer loop
      vertex 9.93462 -4 0.705615
      vertex 9.92598 20 0.644962
      vertex 9.93462 20 0.705615
    endloop
  endfacet
  facet normal 0.990006 0 -0.141026
    outer loop
      vertex 9.92598 20 0.644962
      vertex 9.93462 -4 0.705615
      vertex 9.92598 -4 0.644962
    endloop
  endfacet
  facet normal 0.979227 -0 0.202768
    outer loop
      vertex 9.90303 -4 1.37537
      vertex 9.91545 20 1.31539
      vertex 9.90303 20 1.37537
    endloop
  endfacet
  facet normal 0.979227 0 0.202768
    outer loop
      vertex 9.91545 20 1.31539
      vertex 9.90303 -4 1.37537
      vertex 9.91545 -4 1.31539
    endloop
  endfacet
  facet normal 0.985116 0 -0.171888
    outer loop
      vertex 9.92598 -4 0.644962
      vertex 9.91545 20 0.584613
      vertex 9.92598 20 0.644962
    endloop
  endfacet
  facet normal 0.985116 0 -0.171888
    outer loop
      vertex 9.91545 20 0.584613
      vertex 9.92598 -4 0.644962
      vertex 9.91545 -4 0.584613
    endloop
  endfacet
  facet normal 0.695837 -1.94508e-21 0.718199
    outer loop
      vertex 9.33485 20 2.37148
      vertex 9.37885 -4 2.32885
      vertex 9.37885 20 2.32885
    endloop
  endfacet
  facet normal 0.695837 -1.94508e-21 0.718199
    outer loop
      vertex 9.37885 -4 2.32885
      vertex 9.33485 20 2.37148
      vertex 9.33485 -4 2.37148
    endloop
  endfacet
  facet normal 0.985117 -0 0.171885
    outer loop
      vertex 9.91545 -4 1.31539
      vertex 9.92598 20 1.25504
      vertex 9.91545 20 1.31539
    endloop
  endfacet
  facet normal 0.985117 0 0.171885
    outer loop
      vertex 9.92598 20 1.25504
      vertex 9.91545 -4 1.31539
      vertex 9.92598 -4 1.25504
    endloop
  endfacet
  facet normal 0.996924 -0 0.0783694
    outer loop
      vertex 9.94135 -4 1.1335
      vertex 9.94615 20 1.07244
      vertex 9.94135 20 1.1335
    endloop
  endfacet
  facet normal 0.996924 0 0.0783694
    outer loop
      vertex 9.94615 20 1.07244
      vertex 9.94135 -4 1.1335
      vertex 9.94615 -4 1.07244
    endloop
  endfacet
  facet normal 0.999877 0 -0.0156718
    outer loop
      vertex 9.95 -4 0.95
      vertex 9.94904 20 0.888751
      vertex 9.95 20 0.95
    endloop
  endfacet
  facet normal 0.999877 0 -0.0156718
    outer loop
      vertex 9.94904 20 0.888751
      vertex 9.95 -4 0.95
      vertex 9.94904 -4 0.888751
    endloop
  endfacet
  facet normal 0.88373 0 -0.467998
    outer loop
      vertex 9.73746 -4 0.0647308
      vertex 9.70879 20 0.0105927
      vertex 9.73746 20 0.0647308
    endloop
  endfacet
  facet normal 0.88373 0 -0.467998
    outer loop
      vertex 9.70879 20 0.0105927
      vertex 9.73746 -4 0.0647308
      vertex 9.70879 -4 0.0105927
    endloop
  endfacet
  facet normal 0.923893 0 -0.38265
    outer loop
      vertex 9.81305 -4 0.232166
      vertex 9.78961 20 0.175571
      vertex 9.81305 20 0.232166
    endloop
  endfacet
  facet normal 0.923893 0 -0.38265
    outer loop
      vertex 9.78961 20 0.175571
      vertex 9.81305 -4 0.232166
      vertex 9.78961 -4 0.175571
    endloop
  endfacet
  facet normal 0.898081 0 -0.439831
    outer loop
      vertex 9.7644 -4 0.119739
      vertex 9.73746 20 0.0647308
      vertex 9.7644 20 0.119739
    endloop
  endfacet
  facet normal 0.898081 0 -0.439831
    outer loop
      vertex 9.73746 20 0.0647308
      vertex 9.7644 -4 0.119739
      vertex 9.73746 -4 0.0647308
    endloop
  endfacet
endsolid OpenSCAD_Model
